ISO-10303-21;
HEADER;
FILE_DESCRIPTION(('Open CASCADE Model'),'2;1');
FILE_NAME('Open CASCADE Shape Model','2026-09-29T05:40:35',('Author'),(
    'Open CASCADE'),'Open CASCADE STEP processor 7.9','Open CASCADE 7.9'
  ,'Unknown');
FILE_SCHEMA(('AUTOMOTIVE_DESIGN { 1 0 10303 214 1 1 1 1 }'));
ENDSEC;
DATA;
#1 = APPLICATION_PROTOCOL_DEFINITION('international standard',
  'automotive_design',2000,#2);
#2 = APPLICATION_CONTEXT(
  'core data for automotive mechanical design processes');
#3 = SHAPE_DEFINITION_REPRESENTATION(#4,#10);
#4 = PRODUCT_DEFINITION_SHAPE('','',#5);
#5 = PRODUCT_DEFINITION('design','',#6,#9);
#6 = PRODUCT_DEFINITION_FORMATION('','',#7);
#7 = PRODUCT('Open CASCADE STEP translator 7.9 5',
  'Open CASCADE STEP translator 7.9 5','',(#8));
#8 = PRODUCT_CONTEXT('',#2,'mechanical');
#9 = PRODUCT_DEFINITION_CONTEXT('part definition',#2,'design');
#10 = ADVANCED_BREP_SHAPE_REPRESENTATION('',(#11,#15),#2240);
#11 = AXIS2_PLACEMENT_3D('',#12,#13,#14);
#12 = CARTESIAN_POINT('',(0.,0.,0.));
#13 = DIRECTION('',(0.,0.,1.));
#14 = DIRECTION('',(1.,0.,-0.));
#15 = MANIFOLD_SOLID_BREP('',#16);
#16 = CLOSED_SHELL('',(#17,#131,#435,#482,#726,#958,#985,#1010,#1035,
    #1062,#1089,#1114,#1141,#1219,#1296,#1358,#1430,#1492,#1592,#1641,
    #1717,#1796,#1845,#1872,#1899,#1906,#1960,#2014,#2090,#2148,#2202,
    #2233));
#17 = ADVANCED_FACE('',(#18),#32,.F.);
#18 = FACE_BOUND('',#19,.F.);
#19 = EDGE_LOOP('',(#20,#53,#81,#107));
#20 = ORIENTED_EDGE('',*,*,#21,.T.);
#21 = EDGE_CURVE('',#22,#24,#26,.T.);
#22 = VERTEX_POINT('',#23);
#23 = CARTESIAN_POINT('',(0.6,-9.36,9.75));
#24 = VERTEX_POINT('',#25);
#25 = CARTESIAN_POINT('',(0.6,-9.36,4.5));
#26 = SURFACE_CURVE('',#27,(#31,#42),.PCURVE_S1.);
#27 = LINE('',#28,#29);
#28 = CARTESIAN_POINT('',(0.6,-9.36,1.75));
#29 = VECTOR('',#30,1.);
#30 = DIRECTION('',(0.,-0.,-1.));
#31 = PCURVE('',#32,#37);
#32 = PLANE('',#33);
#33 = AXIS2_PLACEMENT_3D('',#34,#35,#36);
#34 = CARTESIAN_POINT('',(0.6,-9.95,4.5));
#35 = DIRECTION('',(1.,0.,0.));
#36 = DIRECTION('',(0.,0.,1.));
#37 = DEFINITIONAL_REPRESENTATION('',(#38),#41);
#38 = B_SPLINE_CURVE_WITH_KNOTS('',1,(#39,#40),.UNSPECIFIED.,.F.,.F.,(2,
    2),(-8.,-2.75),.PIECEWISE_BEZIER_KNOTS.);
#39 = CARTESIAN_POINT('',(5.25,-0.59));
#40 = CARTESIAN_POINT('',(0.,-0.59));
#41 = ( GEOMETRIC_REPRESENTATION_CONTEXT(2) 
PARAMETRIC_REPRESENTATION_CONTEXT() REPRESENTATION_CONTEXT('2D SPACE',''
  ) );
#42 = PCURVE('',#43,#48);
#43 = PLANE('',#44);
#44 = AXIS2_PLACEMENT_3D('',#45,#46,#47);
#45 = CARTESIAN_POINT('',(1.2,-9.96,-1.));
#46 = DIRECTION('',(-0.707106781187,-0.707106781187,0.));
#47 = DIRECTION('',(-0.707106781187,0.707106781187,0.));
#48 = DEFINITIONAL_REPRESENTATION('',(#49),#52);
#49 = B_SPLINE_CURVE_WITH_KNOTS('',1,(#50,#51),.UNSPECIFIED.,.F.,.F.,(2,
    2),(-8.,-2.75),.PIECEWISE_BEZIER_KNOTS.);
#50 = CARTESIAN_POINT('',(0.848528137424,-10.75));
#51 = CARTESIAN_POINT('',(0.848528137424,-5.5));
#52 = ( GEOMETRIC_REPRESENTATION_CONTEXT(2) 
PARAMETRIC_REPRESENTATION_CONTEXT() REPRESENTATION_CONTEXT('2D SPACE',''
  ) );
#53 = ORIENTED_EDGE('',*,*,#54,.T.);
#54 = EDGE_CURVE('',#24,#55,#57,.T.);
#55 = VERTEX_POINT('',#56);
#56 = CARTESIAN_POINT('',(0.6,9.36,4.5));
#57 = SURFACE_CURVE('',#58,(#62,#69),.PCURVE_S1.);
#58 = LINE('',#59,#60);
#59 = CARTESIAN_POINT('',(0.6,-9.95,4.5));
#60 = VECTOR('',#61,1.);
#61 = DIRECTION('',(0.,1.,0.));
#62 = PCURVE('',#32,#63);
#63 = DEFINITIONAL_REPRESENTATION('',(#64),#68);
#64 = LINE('',#65,#66);
#65 = CARTESIAN_POINT('',(0.,0.));
#66 = VECTOR('',#67,1.);
#67 = DIRECTION('',(0.,-1.));
#68 = ( GEOMETRIC_REPRESENTATION_CONTEXT(2) 
PARAMETRIC_REPRESENTATION_CONTEXT() REPRESENTATION_CONTEXT('2D SPACE',''
  ) );
#69 = PCURVE('',#70,#75);
#70 = PLANE('',#71);
#71 = AXIS2_PLACEMENT_3D('',#72,#73,#74);
#72 = CARTESIAN_POINT('',(0.6,-9.95,4.5));
#73 = DIRECTION('',(0.,0.,1.));
#74 = DIRECTION('',(1.,0.,0.));
#75 = DEFINITIONAL_REPRESENTATION('',(#76),#80);
#76 = LINE('',#77,#78);
#77 = CARTESIAN_POINT('',(0.,0.));
#78 = VECTOR('',#79,1.);
#79 = DIRECTION('',(0.,1.));
#80 = ( GEOMETRIC_REPRESENTATION_CONTEXT(2) 
PARAMETRIC_REPRESENTATION_CONTEXT() REPRESENTATION_CONTEXT('2D SPACE',''
  ) );
#81 = ORIENTED_EDGE('',*,*,#82,.F.);
#82 = EDGE_CURVE('',#83,#55,#85,.T.);
#83 = VERTEX_POINT('',#84);
#84 = CARTESIAN_POINT('',(0.6,9.36,9.75));
#85 = SURFACE_CURVE('',#86,(#90,#96),.PCURVE_S1.);
#86 = LINE('',#87,#88);
#87 = CARTESIAN_POINT('',(0.6,9.36,1.75));
#88 = VECTOR('',#89,1.);
#89 = DIRECTION('',(0.,0.,-1.));
#90 = PCURVE('',#32,#91);
#91 = DEFINITIONAL_REPRESENTATION('',(#92),#95);
#92 = B_SPLINE_CURVE_WITH_KNOTS('',1,(#93,#94),.UNSPECIFIED.,.F.,.F.,(2,
    2),(-8.,-2.75),.PIECEWISE_BEZIER_KNOTS.);
#93 = CARTESIAN_POINT('',(5.25,-19.31));
#94 = CARTESIAN_POINT('',(0.,-19.31));
#95 = ( GEOMETRIC_REPRESENTATION_CONTEXT(2) 
PARAMETRIC_REPRESENTATION_CONTEXT() REPRESENTATION_CONTEXT('2D SPACE',''
  ) );
#96 = PCURVE('',#97,#102);
#97 = PLANE('',#98);
#98 = AXIS2_PLACEMENT_3D('',#99,#100,#101);
#99 = CARTESIAN_POINT('',(1.2,9.96,-1.));
#100 = DIRECTION('',(0.707106781187,-0.707106781187,0.));
#101 = DIRECTION('',(-0.707106781187,-0.707106781187,0.));
#102 = DEFINITIONAL_REPRESENTATION('',(#103),#106);
#103 = B_SPLINE_CURVE_WITH_KNOTS('',1,(#104,#105),.UNSPECIFIED.,.F.,.F.,
  (2,2),(-8.,-2.75),.PIECEWISE_BEZIER_KNOTS.);
#104 = CARTESIAN_POINT('',(0.848528137424,-10.75));
#105 = CARTESIAN_POINT('',(0.848528137424,-5.5));
#106 = ( GEOMETRIC_REPRESENTATION_CONTEXT(2) 
PARAMETRIC_REPRESENTATION_CONTEXT() REPRESENTATION_CONTEXT('2D SPACE',''
  ) );
#107 = ORIENTED_EDGE('',*,*,#108,.T.);
#108 = EDGE_CURVE('',#83,#22,#109,.T.);
#109 = SURFACE_CURVE('',#110,(#114,#120),.PCURVE_S1.);
#110 = LINE('',#111,#112);
#111 = CARTESIAN_POINT('',(0.6,-9.95,9.75));
#112 = VECTOR('',#113,1.);
#113 = DIRECTION('',(0.,-1.,0.));
#114 = PCURVE('',#32,#115);
#115 = DEFINITIONAL_REPRESENTATION('',(#116),#119);
#116 = B_SPLINE_CURVE_WITH_KNOTS('',1,(#117,#118),.UNSPECIFIED.,.F.,.F.,
  (2,2),(-19.9,0.),.PIECEWISE_BEZIER_KNOTS.);
#117 = CARTESIAN_POINT('',(5.25,-19.9));
#118 = CARTESIAN_POINT('',(5.25,0.));
#119 = ( GEOMETRIC_REPRESENTATION_CONTEXT(2) 
PARAMETRIC_REPRESENTATION_CONTEXT() REPRESENTATION_CONTEXT('2D SPACE',''
  ) );
#120 = PCURVE('',#121,#126);
#121 = PLANE('',#122);
#122 = AXIS2_PLACEMENT_3D('',#123,#124,#125);
#123 = CARTESIAN_POINT('',(0.,-9.95,9.75));
#124 = DIRECTION('',(0.,0.,1.));
#125 = DIRECTION('',(1.,0.,0.));
#126 = DEFINITIONAL_REPRESENTATION('',(#127),#130);
#127 = B_SPLINE_CURVE_WITH_KNOTS('',1,(#128,#129),.UNSPECIFIED.,.F.,.F.,
  (2,2),(-19.9,0.),.PIECEWISE_BEZIER_KNOTS.);
#128 = CARTESIAN_POINT('',(0.6,19.9));
#129 = CARTESIAN_POINT('',(0.6,0.));
#130 = ( GEOMETRIC_REPRESENTATION_CONTEXT(2) 
PARAMETRIC_REPRESENTATION_CONTEXT() REPRESENTATION_CONTEXT('2D SPACE',''
  ) );
#131 = ADVANCED_FACE('',(#132),#43,.T.);
#132 = FACE_BOUND('',#133,.T.);
#133 = EDGE_LOOP('',(#134,#155,#156,#177,#203,#229,#255,#281,#307,#333,
    #359,#385,#411));
#134 = ORIENTED_EDGE('',*,*,#135,.T.);
#135 = EDGE_CURVE('',#136,#22,#138,.T.);
#136 = VERTEX_POINT('',#137);
#137 = CARTESIAN_POINT('',(0.,-8.76,9.75));
#138 = SURFACE_CURVE('',#139,(#143,#149),.PCURVE_S1.);
#139 = LINE('',#140,#141);
#140 = CARTESIAN_POINT('',(0.8975,-9.6575,9.75));
#141 = VECTOR('',#142,1.);
#142 = DIRECTION('',(0.707106781187,-0.707106781187,0.));
#143 = PCURVE('',#43,#144);
#144 = DEFINITIONAL_REPRESENTATION('',(#145),#148);
#145 = B_SPLINE_CURVE_WITH_KNOTS('',1,(#146,#147),.UNSPECIFIED.,.F.,.F.,
  (2,2),(-1.26925667223,-0.420728534806),.PIECEWISE_BEZIER_KNOTS.);
#146 = CARTESIAN_POINT('',(1.697056274848,-10.75));
#147 = CARTESIAN_POINT('',(0.848528137424,-10.75));
#148 = ( GEOMETRIC_REPRESENTATION_CONTEXT(2) 
PARAMETRIC_REPRESENTATION_CONTEXT() REPRESENTATION_CONTEXT('2D SPACE',''
  ) );
#149 = PCURVE('',#121,#150);
#150 = DEFINITIONAL_REPRESENTATION('',(#151),#154);
#151 = B_SPLINE_CURVE_WITH_KNOTS('',1,(#152,#153),.UNSPECIFIED.,.F.,.F.,
  (2,2),(-1.26925667223,-0.420728534806),.PIECEWISE_BEZIER_KNOTS.);
#152 = CARTESIAN_POINT('',(0.,1.19));
#153 = CARTESIAN_POINT('',(0.6,0.59));
#154 = ( GEOMETRIC_REPRESENTATION_CONTEXT(2) 
PARAMETRIC_REPRESENTATION_CONTEXT() REPRESENTATION_CONTEXT('2D SPACE',''
  ) );
#155 = ORIENTED_EDGE('',*,*,#21,.T.);
#156 = ORIENTED_EDGE('',*,*,#157,.T.);
#157 = EDGE_CURVE('',#24,#158,#160,.T.);
#158 = VERTEX_POINT('',#159);
#159 = CARTESIAN_POINT('',(1.19,-9.95,4.5));
#160 = SURFACE_CURVE('',#161,(#165,#171),.PCURVE_S1.);
#161 = LINE('',#162,#163);
#162 = CARTESIAN_POINT('',(1.0475,-9.8075,4.5));
#163 = VECTOR('',#164,1.);
#164 = DIRECTION('',(0.707106781187,-0.707106781187,0.));
#165 = PCURVE('',#43,#166);
#166 = DEFINITIONAL_REPRESENTATION('',(#167),#170);
#167 = B_SPLINE_CURVE_WITH_KNOTS('',1,(#168,#169),.UNSPECIFIED.,.F.,.F.,
  (2,2),(-0.632860569162,0.201525432638),.PIECEWISE_BEZIER_KNOTS.);
#168 = CARTESIAN_POINT('',(0.848528137424,-5.5));
#169 = CARTESIAN_POINT('',(1.414213562373E-02,-5.5));
#170 = ( GEOMETRIC_REPRESENTATION_CONTEXT(2) 
PARAMETRIC_REPRESENTATION_CONTEXT() REPRESENTATION_CONTEXT('2D SPACE',''
  ) );
#171 = PCURVE('',#70,#172);
#172 = DEFINITIONAL_REPRESENTATION('',(#173),#176);
#173 = B_SPLINE_CURVE_WITH_KNOTS('',1,(#174,#175),.UNSPECIFIED.,.F.,.F.,
  (2,2),(-0.632860569162,0.201525432638),.PIECEWISE_BEZIER_KNOTS.);
#174 = CARTESIAN_POINT('',(0.,0.59));
#175 = CARTESIAN_POINT('',(0.59,0.));
#176 = ( GEOMETRIC_REPRESENTATION_CONTEXT(2) 
PARAMETRIC_REPRESENTATION_CONTEXT() REPRESENTATION_CONTEXT('2D SPACE',''
  ) );
#177 = ORIENTED_EDGE('',*,*,#178,.T.);
#178 = EDGE_CURVE('',#158,#179,#181,.T.);
#179 = VERTEX_POINT('',#180);
#180 = CARTESIAN_POINT('',(1.19,-9.95,30.7));
#181 = SURFACE_CURVE('',#182,(#186,#192),.PCURVE_S1.);
#182 = LINE('',#183,#184);
#183 = CARTESIAN_POINT('',(1.19,-9.95,1.75));
#184 = VECTOR('',#185,1.);
#185 = DIRECTION('',(0.,-0.,1.));
#186 = PCURVE('',#43,#187);
#187 = DEFINITIONAL_REPRESENTATION('',(#188),#191);
#188 = B_SPLINE_CURVE_WITH_KNOTS('',1,(#189,#190),.UNSPECIFIED.,.F.,.F.,
  (2,2),(2.75,28.95),.PIECEWISE_BEZIER_KNOTS.);
#189 = CARTESIAN_POINT('',(1.414213562373E-02,-5.5));
#190 = CARTESIAN_POINT('',(1.414213562373E-02,-31.7));
#191 = ( GEOMETRIC_REPRESENTATION_CONTEXT(2) 
PARAMETRIC_REPRESENTATION_CONTEXT() REPRESENTATION_CONTEXT('2D SPACE',''
  ) );
#192 = PCURVE('',#193,#198);
#193 = PLANE('',#194);
#194 = AXIS2_PLACEMENT_3D('',#195,#196,#197);
#195 = CARTESIAN_POINT('',(0.6,-9.95,4.5));
#196 = DIRECTION('',(0.,1.,0.));
#197 = DIRECTION('',(0.,0.,1.));
#198 = DEFINITIONAL_REPRESENTATION('',(#199),#202);
#199 = B_SPLINE_CURVE_WITH_KNOTS('',1,(#200,#201),.UNSPECIFIED.,.F.,.F.,
  (2,2),(2.75,28.95),.PIECEWISE_BEZIER_KNOTS.);
#200 = CARTESIAN_POINT('',(0.,0.59));
#201 = CARTESIAN_POINT('',(26.2,0.59));
#202 = ( GEOMETRIC_REPRESENTATION_CONTEXT(2) 
PARAMETRIC_REPRESENTATION_CONTEXT() REPRESENTATION_CONTEXT('2D SPACE',''
  ) );
#203 = ORIENTED_EDGE('',*,*,#204,.F.);
#204 = EDGE_CURVE('',#205,#179,#207,.T.);
#205 = VERTEX_POINT('',#206);
#206 = CARTESIAN_POINT('',(0.895,-9.655,30.995));
#207 = SURFACE_CURVE('',#208,(#212,#218),.PCURVE_S1.);
#208 = LINE('',#209,#210);
#209 = CARTESIAN_POINT('',(6.295,-15.055,25.595));
#210 = VECTOR('',#211,1.);
#211 = DIRECTION('',(0.57735026919,-0.57735026919,-0.57735026919));
#212 = PCURVE('',#43,#213);
#213 = DEFINITIONAL_REPRESENTATION('',(#214),#217);
#214 = B_SPLINE_CURVE_WITH_KNOTS('',1,(#215,#216),.UNSPECIFIED.,.F.,.F.,
  (2,2),(-9.708144776424,-8.842119372639),.PIECEWISE_BEZIER_KNOTS.);
#215 = CARTESIAN_POINT('',(0.72124891681,-32.2));
#216 = CARTESIAN_POINT('',(1.414213562373E-02,-31.7));
#217 = ( GEOMETRIC_REPRESENTATION_CONTEXT(2) 
PARAMETRIC_REPRESENTATION_CONTEXT() REPRESENTATION_CONTEXT('2D SPACE',''
  ) );
#218 = PCURVE('',#219,#224);
#219 = PLANE('',#220);
#220 = AXIS2_PLACEMENT_3D('',#221,#222,#223);
#221 = CARTESIAN_POINT('',(0.6,-9.7,30.95));
#222 = DIRECTION('',(0.,0.707106781187,-0.707106781187));
#223 = DIRECTION('',(-1.,-0.,-0.));
#224 = DEFINITIONAL_REPRESENTATION('',(#225),#228);
#225 = B_SPLINE_CURVE_WITH_KNOTS('',1,(#226,#227),.UNSPECIFIED.,.F.,.F.,
  (2,2),(-9.708144776424,-8.842119372639),.PIECEWISE_BEZIER_KNOTS.);
#226 = CARTESIAN_POINT('',(-9.E-02,0.353553390593));
#227 = CARTESIAN_POINT('',(-0.59,-0.353553390593));
#228 = ( GEOMETRIC_REPRESENTATION_CONTEXT(2) 
PARAMETRIC_REPRESENTATION_CONTEXT() REPRESENTATION_CONTEXT('2D SPACE',''
  ) );
#229 = ORIENTED_EDGE('',*,*,#230,.T.);
#230 = EDGE_CURVE('',#205,#231,#233,.T.);
#231 = VERTEX_POINT('',#232);
#232 = CARTESIAN_POINT('',(0.6,-9.36,30.7));
#233 = SURFACE_CURVE('',#234,(#238,#244),.PCURVE_S1.);
#234 = LINE('',#235,#236);
#235 = CARTESIAN_POINT('',(-4.301666666667,-4.458333333333,
    25.798333333333));
#236 = VECTOR('',#237,1.);
#237 = DIRECTION('',(-0.57735026919,0.57735026919,-0.57735026919));
#238 = PCURVE('',#43,#239);
#239 = DEFINITIONAL_REPRESENTATION('',(#240),#243);
#240 = B_SPLINE_CURVE_WITH_KNOTS('',1,(#241,#242),.UNSPECIFIED.,.F.,.F.,
  (2,2),(-9.355961112218,-8.489935708433),.PIECEWISE_BEZIER_KNOTS.);
#241 = CARTESIAN_POINT('',(0.141421356237,-32.2));
#242 = CARTESIAN_POINT('',(0.848528137424,-31.7));
#243 = ( GEOMETRIC_REPRESENTATION_CONTEXT(2) 
PARAMETRIC_REPRESENTATION_CONTEXT() REPRESENTATION_CONTEXT('2D SPACE',''
  ) );
#244 = PCURVE('',#245,#250);
#245 = PLANE('',#246);
#246 = AXIS2_PLACEMENT_3D('',#247,#248,#249);
#247 = CARTESIAN_POINT('',(0.85,-9.95,30.95));
#248 = DIRECTION('',(0.707106781187,0.,-0.707106781187));
#249 = DIRECTION('',(0.,1.,0.));
#250 = DEFINITIONAL_REPRESENTATION('',(#251),#254);
#251 = B_SPLINE_CURVE_WITH_KNOTS('',1,(#252,#253),.UNSPECIFIED.,.F.,.F.,
  (2,2),(-9.355961112218,-8.489935708433),.PIECEWISE_BEZIER_KNOTS.);
#252 = CARTESIAN_POINT('',(9.E-02,0.353553390593));
#253 = CARTESIAN_POINT('',(0.59,-0.353553390593));
#254 = ( GEOMETRIC_REPRESENTATION_CONTEXT(2) 
PARAMETRIC_REPRESENTATION_CONTEXT() REPRESENTATION_CONTEXT('2D SPACE',''
  ) );
#255 = ORIENTED_EDGE('',*,*,#256,.T.);
#256 = EDGE_CURVE('',#231,#257,#259,.T.);
#257 = VERTEX_POINT('',#258);
#258 = CARTESIAN_POINT('',(0.6,-9.36,24.25));
#259 = SURFACE_CURVE('',#260,(#264,#270),.PCURVE_S1.);
#260 = LINE('',#261,#262);
#261 = CARTESIAN_POINT('',(0.6,-9.36,1.75));
#262 = VECTOR('',#263,1.);
#263 = DIRECTION('',(0.,-0.,-1.));
#264 = PCURVE('',#43,#265);
#265 = DEFINITIONAL_REPRESENTATION('',(#266),#269);
#266 = B_SPLINE_CURVE_WITH_KNOTS('',1,(#267,#268),.UNSPECIFIED.,.F.,.F.,
  (2,2),(-28.95,-22.5),.PIECEWISE_BEZIER_KNOTS.);
#267 = CARTESIAN_POINT('',(0.848528137424,-31.7));
#268 = CARTESIAN_POINT('',(0.848528137424,-25.25));
#269 = ( GEOMETRIC_REPRESENTATION_CONTEXT(2) 
PARAMETRIC_REPRESENTATION_CONTEXT() REPRESENTATION_CONTEXT('2D SPACE',''
  ) );
#270 = PCURVE('',#271,#276);
#271 = PLANE('',#272);
#272 = AXIS2_PLACEMENT_3D('',#273,#274,#275);
#273 = CARTESIAN_POINT('',(0.6,-9.95,4.5));
#274 = DIRECTION('',(1.,0.,0.));
#275 = DIRECTION('',(0.,0.,1.));
#276 = DEFINITIONAL_REPRESENTATION('',(#277),#280);
#277 = B_SPLINE_CURVE_WITH_KNOTS('',1,(#278,#279),.UNSPECIFIED.,.F.,.F.,
  (2,2),(-28.95,-22.5),.PIECEWISE_BEZIER_KNOTS.);
#278 = CARTESIAN_POINT('',(26.2,-0.59));
#279 = CARTESIAN_POINT('',(19.75,-0.59));
#280 = ( GEOMETRIC_REPRESENTATION_CONTEXT(2) 
PARAMETRIC_REPRESENTATION_CONTEXT() REPRESENTATION_CONTEXT('2D SPACE',''
  ) );
#281 = ORIENTED_EDGE('',*,*,#282,.F.);
#282 = EDGE_CURVE('',#283,#257,#285,.T.);
#283 = VERTEX_POINT('',#284);
#284 = CARTESIAN_POINT('',(0.,-8.76,24.25));
#285 = SURFACE_CURVE('',#286,(#290,#296),.PCURVE_S1.);
#286 = LINE('',#287,#288);
#287 = CARTESIAN_POINT('',(0.8975,-9.6575,24.25));
#288 = VECTOR('',#289,1.);
#289 = DIRECTION('',(0.707106781187,-0.707106781187,0.));
#290 = PCURVE('',#43,#291);
#291 = DEFINITIONAL_REPRESENTATION('',(#292),#295);
#292 = B_SPLINE_CURVE_WITH_KNOTS('',1,(#293,#294),.UNSPECIFIED.,.F.,.F.,
  (2,2),(-1.26925667223,-0.420728534806),.PIECEWISE_BEZIER_KNOTS.);
#293 = CARTESIAN_POINT('',(1.697056274848,-25.25));
#294 = CARTESIAN_POINT('',(0.848528137424,-25.25));
#295 = ( GEOMETRIC_REPRESENTATION_CONTEXT(2) 
PARAMETRIC_REPRESENTATION_CONTEXT() REPRESENTATION_CONTEXT('2D SPACE',''
  ) );
#296 = PCURVE('',#297,#302);
#297 = PLANE('',#298);
#298 = AXIS2_PLACEMENT_3D('',#299,#300,#301);
#299 = CARTESIAN_POINT('',(0.,-9.95,24.25));
#300 = DIRECTION('',(0.,0.,1.));
#301 = DIRECTION('',(1.,0.,0.));
#302 = DEFINITIONAL_REPRESENTATION('',(#303),#306);
#303 = B_SPLINE_CURVE_WITH_KNOTS('',1,(#304,#305),.UNSPECIFIED.,.F.,.F.,
  (2,2),(-1.26925667223,-0.420728534806),.PIECEWISE_BEZIER_KNOTS.);
#304 = CARTESIAN_POINT('',(0.,1.19));
#305 = CARTESIAN_POINT('',(0.6,0.59));
#306 = ( GEOMETRIC_REPRESENTATION_CONTEXT(2) 
PARAMETRIC_REPRESENTATION_CONTEXT() REPRESENTATION_CONTEXT('2D SPACE',''
  ) );
#307 = ORIENTED_EDGE('',*,*,#308,.T.);
#308 = EDGE_CURVE('',#283,#309,#311,.T.);
#309 = VERTEX_POINT('',#310);
#310 = CARTESIAN_POINT('',(0.,-8.76,23.75));
#311 = SURFACE_CURVE('',#312,(#316,#322),.PCURVE_S1.);
#312 = LINE('',#313,#314);
#313 = CARTESIAN_POINT('',(1.110223024625E-16,-8.76,11.375));
#314 = VECTOR('',#315,1.);
#315 = DIRECTION('',(0.,-0.,-1.));
#316 = PCURVE('',#43,#317);
#317 = DEFINITIONAL_REPRESENTATION('',(#318),#321);
#318 = B_SPLINE_CURVE_WITH_KNOTS('',1,(#319,#320),.UNSPECIFIED.,.F.,.F.,
  (2,2),(-12.875,-12.375),.PIECEWISE_BEZIER_KNOTS.);
#319 = CARTESIAN_POINT('',(1.697056274848,-25.25));
#320 = CARTESIAN_POINT('',(1.697056274848,-24.75));
#321 = ( GEOMETRIC_REPRESENTATION_CONTEXT(2) 
PARAMETRIC_REPRESENTATION_CONTEXT() REPRESENTATION_CONTEXT('2D SPACE',''
  ) );
#322 = PCURVE('',#323,#328);
#323 = PLANE('',#324);
#324 = AXIS2_PLACEMENT_3D('',#325,#326,#327);
#325 = CARTESIAN_POINT('',(0.,-9.95,23.75));
#326 = DIRECTION('',(1.,0.,0.));
#327 = DIRECTION('',(0.,0.,1.));
#328 = DEFINITIONAL_REPRESENTATION('',(#329),#332);
#329 = B_SPLINE_CURVE_WITH_KNOTS('',1,(#330,#331),.UNSPECIFIED.,.F.,.F.,
  (2,2),(-12.875,-12.375),.PIECEWISE_BEZIER_KNOTS.);
#330 = CARTESIAN_POINT('',(0.5,-1.19));
#331 = CARTESIAN_POINT('',(0.,-1.19));
#332 = ( GEOMETRIC_REPRESENTATION_CONTEXT(2) 
PARAMETRIC_REPRESENTATION_CONTEXT() REPRESENTATION_CONTEXT('2D SPACE',''
  ) );
#333 = ORIENTED_EDGE('',*,*,#334,.T.);
#334 = EDGE_CURVE('',#309,#335,#337,.T.);
#335 = VERTEX_POINT('',#336);
#336 = CARTESIAN_POINT('',(0.6,-9.36,23.75));
#337 = SURFACE_CURVE('',#338,(#342,#348),.PCURVE_S1.);
#338 = LINE('',#339,#340);
#339 = CARTESIAN_POINT('',(0.8975,-9.6575,23.75));
#340 = VECTOR('',#341,1.);
#341 = DIRECTION('',(0.707106781187,-0.707106781187,0.));
#342 = PCURVE('',#43,#343);
#343 = DEFINITIONAL_REPRESENTATION('',(#344),#347);
#344 = B_SPLINE_CURVE_WITH_KNOTS('',1,(#345,#346),.UNSPECIFIED.,.F.,.F.,
  (2,2),(-1.26925667223,-0.420728534806),.PIECEWISE_BEZIER_KNOTS.);
#345 = CARTESIAN_POINT('',(1.697056274848,-24.75));
#346 = CARTESIAN_POINT('',(0.848528137424,-24.75));
#347 = ( GEOMETRIC_REPRESENTATION_CONTEXT(2) 
PARAMETRIC_REPRESENTATION_CONTEXT() REPRESENTATION_CONTEXT('2D SPACE',''
  ) );
#348 = PCURVE('',#349,#354);
#349 = PLANE('',#350);
#350 = AXIS2_PLACEMENT_3D('',#351,#352,#353);
#351 = CARTESIAN_POINT('',(0.,-9.95,23.75));
#352 = DIRECTION('',(0.,0.,1.));
#353 = DIRECTION('',(1.,0.,0.));
#354 = DEFINITIONAL_REPRESENTATION('',(#355),#358);
#355 = B_SPLINE_CURVE_WITH_KNOTS('',1,(#356,#357),.UNSPECIFIED.,.F.,.F.,
  (2,2),(-1.26925667223,-0.420728534806),.PIECEWISE_BEZIER_KNOTS.);
#356 = CARTESIAN_POINT('',(0.,1.19));
#357 = CARTESIAN_POINT('',(0.6,0.59));
#358 = ( GEOMETRIC_REPRESENTATION_CONTEXT(2) 
PARAMETRIC_REPRESENTATION_CONTEXT() REPRESENTATION_CONTEXT('2D SPACE',''
  ) );
#359 = ORIENTED_EDGE('',*,*,#360,.T.);
#360 = EDGE_CURVE('',#335,#361,#363,.T.);
#361 = VERTEX_POINT('',#362);
#362 = CARTESIAN_POINT('',(0.6,-9.36,10.25));
#363 = SURFACE_CURVE('',#364,(#368,#374),.PCURVE_S1.);
#364 = LINE('',#365,#366);
#365 = CARTESIAN_POINT('',(0.6,-9.36,1.75));
#366 = VECTOR('',#367,1.);
#367 = DIRECTION('',(0.,-0.,-1.));
#368 = PCURVE('',#43,#369);
#369 = DEFINITIONAL_REPRESENTATION('',(#370),#373);
#370 = B_SPLINE_CURVE_WITH_KNOTS('',1,(#371,#372),.UNSPECIFIED.,.F.,.F.,
  (2,2),(-22.,-8.5),.PIECEWISE_BEZIER_KNOTS.);
#371 = CARTESIAN_POINT('',(0.848528137424,-24.75));
#372 = CARTESIAN_POINT('',(0.848528137424,-11.25));
#373 = ( GEOMETRIC_REPRESENTATION_CONTEXT(2) 
PARAMETRIC_REPRESENTATION_CONTEXT() REPRESENTATION_CONTEXT('2D SPACE',''
  ) );
#374 = PCURVE('',#375,#380);
#375 = PLANE('',#376);
#376 = AXIS2_PLACEMENT_3D('',#377,#378,#379);
#377 = CARTESIAN_POINT('',(0.6,-9.95,4.5));
#378 = DIRECTION('',(1.,0.,0.));
#379 = DIRECTION('',(0.,0.,1.));
#380 = DEFINITIONAL_REPRESENTATION('',(#381),#384);
#381 = B_SPLINE_CURVE_WITH_KNOTS('',1,(#382,#383),.UNSPECIFIED.,.F.,.F.,
  (2,2),(-22.,-8.5),.PIECEWISE_BEZIER_KNOTS.);
#382 = CARTESIAN_POINT('',(19.25,-0.59));
#383 = CARTESIAN_POINT('',(5.75,-0.59));
#384 = ( GEOMETRIC_REPRESENTATION_CONTEXT(2) 
PARAMETRIC_REPRESENTATION_CONTEXT() REPRESENTATION_CONTEXT('2D SPACE',''
  ) );
#385 = ORIENTED_EDGE('',*,*,#386,.F.);
#386 = EDGE_CURVE('',#387,#361,#389,.T.);
#387 = VERTEX_POINT('',#388);
#388 = CARTESIAN_POINT('',(0.,-8.76,10.25));
#389 = SURFACE_CURVE('',#390,(#394,#400),.PCURVE_S1.);
#390 = LINE('',#391,#392);
#391 = CARTESIAN_POINT('',(0.8975,-9.6575,10.25));
#392 = VECTOR('',#393,1.);
#393 = DIRECTION('',(0.707106781187,-0.707106781187,0.));
#394 = PCURVE('',#43,#395);
#395 = DEFINITIONAL_REPRESENTATION('',(#396),#399);
#396 = B_SPLINE_CURVE_WITH_KNOTS('',1,(#397,#398),.UNSPECIFIED.,.F.,.F.,
  (2,2),(-1.26925667223,-0.420728534806),.PIECEWISE_BEZIER_KNOTS.);
#397 = CARTESIAN_POINT('',(1.697056274848,-11.25));
#398 = CARTESIAN_POINT('',(0.848528137424,-11.25));
#399 = ( GEOMETRIC_REPRESENTATION_CONTEXT(2) 
PARAMETRIC_REPRESENTATION_CONTEXT() REPRESENTATION_CONTEXT('2D SPACE',''
  ) );
#400 = PCURVE('',#401,#406);
#401 = PLANE('',#402);
#402 = AXIS2_PLACEMENT_3D('',#403,#404,#405);
#403 = CARTESIAN_POINT('',(0.,-9.95,10.25));
#404 = DIRECTION('',(0.,0.,1.));
#405 = DIRECTION('',(1.,0.,0.));
#406 = DEFINITIONAL_REPRESENTATION('',(#407),#410);
#407 = B_SPLINE_CURVE_WITH_KNOTS('',1,(#408,#409),.UNSPECIFIED.,.F.,.F.,
  (2,2),(-1.26925667223,-0.420728534806),.PIECEWISE_BEZIER_KNOTS.);
#408 = CARTESIAN_POINT('',(0.,1.19));
#409 = CARTESIAN_POINT('',(0.6,0.59));
#410 = ( GEOMETRIC_REPRESENTATION_CONTEXT(2) 
PARAMETRIC_REPRESENTATION_CONTEXT() REPRESENTATION_CONTEXT('2D SPACE',''
  ) );
#411 = ORIENTED_EDGE('',*,*,#412,.T.);
#412 = EDGE_CURVE('',#387,#136,#413,.T.);
#413 = SURFACE_CURVE('',#414,(#418,#424),.PCURVE_S1.);
#414 = LINE('',#415,#416);
#415 = CARTESIAN_POINT('',(1.110223024625E-16,-8.76,4.375));
#416 = VECTOR('',#417,1.);
#417 = DIRECTION('',(0.,-0.,-1.));
#418 = PCURVE('',#43,#419);
#419 = DEFINITIONAL_REPRESENTATION('',(#420),#423);
#420 = B_SPLINE_CURVE_WITH_KNOTS('',1,(#421,#422),.UNSPECIFIED.,.F.,.F.,
  (2,2),(-5.875,-5.375),.PIECEWISE_BEZIER_KNOTS.);
#421 = CARTESIAN_POINT('',(1.697056274848,-11.25));
#422 = CARTESIAN_POINT('',(1.697056274848,-10.75));
#423 = ( GEOMETRIC_REPRESENTATION_CONTEXT(2) 
PARAMETRIC_REPRESENTATION_CONTEXT() REPRESENTATION_CONTEXT('2D SPACE',''
  ) );
#424 = PCURVE('',#425,#430);
#425 = PLANE('',#426);
#426 = AXIS2_PLACEMENT_3D('',#427,#428,#429);
#427 = CARTESIAN_POINT('',(0.,-9.95,9.75));
#428 = DIRECTION('',(1.,0.,0.));
#429 = DIRECTION('',(0.,0.,1.));
#430 = DEFINITIONAL_REPRESENTATION('',(#431),#434);
#431 = B_SPLINE_CURVE_WITH_KNOTS('',1,(#432,#433),.UNSPECIFIED.,.F.,.F.,
  (2,2),(-5.875,-5.375),.PIECEWISE_BEZIER_KNOTS.);
#432 = CARTESIAN_POINT('',(0.5,-1.19));
#433 = CARTESIAN_POINT('',(0.,-1.19));
#434 = ( GEOMETRIC_REPRESENTATION_CONTEXT(2) 
PARAMETRIC_REPRESENTATION_CONTEXT() REPRESENTATION_CONTEXT('2D SPACE',''
  ) );
#435 = ADVANCED_FACE('',(#436),#121,.F.);
#436 = FACE_BOUND('',#437,.F.);
#437 = EDGE_LOOP('',(#438,#459,#480,#481));
#438 = ORIENTED_EDGE('',*,*,#439,.F.);
#439 = EDGE_CURVE('',#440,#83,#442,.T.);
#440 = VERTEX_POINT('',#441);
#441 = CARTESIAN_POINT('',(0.,8.76,9.75));
#442 = SURFACE_CURVE('',#443,(#447,#453),.PCURVE_S1.);
#443 = LINE('',#444,#445);
#444 = CARTESIAN_POINT('',(-4.0775,4.6825,9.75));
#445 = VECTOR('',#446,1.);
#446 = DIRECTION('',(0.707106781187,0.707106781187,-0.));
#447 = PCURVE('',#121,#448);
#448 = DEFINITIONAL_REPRESENTATION('',(#449),#452);
#449 = B_SPLINE_CURVE_WITH_KNOTS('',1,(#450,#451),.UNSPECIFIED.,.F.,.F.,
  (2,2),(5.766455800576,6.614983938),.PIECEWISE_BEZIER_KNOTS.);
#450 = CARTESIAN_POINT('',(0.,18.71));
#451 = CARTESIAN_POINT('',(0.6,19.31));
#452 = ( GEOMETRIC_REPRESENTATION_CONTEXT(2) 
PARAMETRIC_REPRESENTATION_CONTEXT() REPRESENTATION_CONTEXT('2D SPACE',''
  ) );
#453 = PCURVE('',#97,#454);
#454 = DEFINITIONAL_REPRESENTATION('',(#455),#458);
#455 = B_SPLINE_CURVE_WITH_KNOTS('',1,(#456,#457),.UNSPECIFIED.,.F.,.F.,
  (2,2),(5.766455800576,6.614983938),.PIECEWISE_BEZIER_KNOTS.);
#456 = CARTESIAN_POINT('',(1.697056274848,-10.75));
#457 = CARTESIAN_POINT('',(0.848528137424,-10.75));
#458 = ( GEOMETRIC_REPRESENTATION_CONTEXT(2) 
PARAMETRIC_REPRESENTATION_CONTEXT() REPRESENTATION_CONTEXT('2D SPACE',''
  ) );
#459 = ORIENTED_EDGE('',*,*,#460,.F.);
#460 = EDGE_CURVE('',#136,#440,#461,.T.);
#461 = SURFACE_CURVE('',#462,(#466,#473),.PCURVE_S1.);
#462 = LINE('',#463,#464);
#463 = CARTESIAN_POINT('',(0.,-9.95,9.75));
#464 = VECTOR('',#465,1.);
#465 = DIRECTION('',(0.,1.,0.));
#466 = PCURVE('',#121,#467);
#467 = DEFINITIONAL_REPRESENTATION('',(#468),#472);
#468 = LINE('',#469,#470);
#469 = CARTESIAN_POINT('',(0.,0.));
#470 = VECTOR('',#471,1.);
#471 = DIRECTION('',(0.,1.));
#472 = ( GEOMETRIC_REPRESENTATION_CONTEXT(2) 
PARAMETRIC_REPRESENTATION_CONTEXT() REPRESENTATION_CONTEXT('2D SPACE',''
  ) );
#473 = PCURVE('',#425,#474);
#474 = DEFINITIONAL_REPRESENTATION('',(#475),#479);
#475 = LINE('',#476,#477);
#476 = CARTESIAN_POINT('',(0.,0.));
#477 = VECTOR('',#478,1.);
#478 = DIRECTION('',(0.,-1.));
#479 = ( GEOMETRIC_REPRESENTATION_CONTEXT(2) 
PARAMETRIC_REPRESENTATION_CONTEXT() REPRESENTATION_CONTEXT('2D SPACE',''
  ) );
#480 = ORIENTED_EDGE('',*,*,#135,.T.);
#481 = ORIENTED_EDGE('',*,*,#108,.F.);
#482 = ADVANCED_FACE('',(#483),#97,.F.);
#483 = FACE_BOUND('',#484,.F.);
#484 = EDGE_LOOP('',(#485,#486,#487,#508,#534,#560,#581,#602,#623,#644,
    #665,#686,#707));
#485 = ORIENTED_EDGE('',*,*,#439,.T.);
#486 = ORIENTED_EDGE('',*,*,#82,.T.);
#487 = ORIENTED_EDGE('',*,*,#488,.T.);
#488 = EDGE_CURVE('',#55,#489,#491,.T.);
#489 = VERTEX_POINT('',#490);
#490 = CARTESIAN_POINT('',(1.19,9.95,4.5));
#491 = SURFACE_CURVE('',#492,(#496,#502),.PCURVE_S1.);
#492 = LINE('',#493,#494);
#493 = CARTESIAN_POINT('',(-3.9275,4.8325,4.5));
#494 = VECTOR('',#495,1.);
#495 = DIRECTION('',(0.707106781187,0.707106781187,-0.));
#496 = PCURVE('',#97,#497);
#497 = DEFINITIONAL_REPRESENTATION('',(#498),#501);
#498 = B_SPLINE_CURVE_WITH_KNOTS('',1,(#499,#500),.UNSPECIFIED.,.F.,.F.,
  (2,2),(6.402851903644,7.237237905444),.PIECEWISE_BEZIER_KNOTS.);
#499 = CARTESIAN_POINT('',(0.848528137424,-5.5));
#500 = CARTESIAN_POINT('',(1.414213562373E-02,-5.5));
#501 = ( GEOMETRIC_REPRESENTATION_CONTEXT(2) 
PARAMETRIC_REPRESENTATION_CONTEXT() REPRESENTATION_CONTEXT('2D SPACE',''
  ) );
#502 = PCURVE('',#70,#503);
#503 = DEFINITIONAL_REPRESENTATION('',(#504),#507);
#504 = B_SPLINE_CURVE_WITH_KNOTS('',1,(#505,#506),.UNSPECIFIED.,.F.,.F.,
  (2,2),(6.402851903644,7.237237905444),.PIECEWISE_BEZIER_KNOTS.);
#505 = CARTESIAN_POINT('',(0.,19.31));
#506 = CARTESIAN_POINT('',(0.59,19.9));
#507 = ( GEOMETRIC_REPRESENTATION_CONTEXT(2) 
PARAMETRIC_REPRESENTATION_CONTEXT() REPRESENTATION_CONTEXT('2D SPACE',''
  ) );
#508 = ORIENTED_EDGE('',*,*,#509,.F.);
#509 = EDGE_CURVE('',#510,#489,#512,.T.);
#510 = VERTEX_POINT('',#511);
#511 = CARTESIAN_POINT('',(1.19,9.95,30.7));
#512 = SURFACE_CURVE('',#513,(#517,#523),.PCURVE_S1.);
#513 = LINE('',#514,#515);
#514 = CARTESIAN_POINT('',(1.19,9.95,1.75));
#515 = VECTOR('',#516,1.);
#516 = DIRECTION('',(0.,0.,-1.));
#517 = PCURVE('',#97,#518);
#518 = DEFINITIONAL_REPRESENTATION('',(#519),#522);
#519 = B_SPLINE_CURVE_WITH_KNOTS('',1,(#520,#521),.UNSPECIFIED.,.F.,.F.,
  (2,2),(-28.95,-2.75),.PIECEWISE_BEZIER_KNOTS.);
#520 = CARTESIAN_POINT('',(1.414213562373E-02,-31.7));
#521 = CARTESIAN_POINT('',(1.414213562373E-02,-5.5));
#522 = ( GEOMETRIC_REPRESENTATION_CONTEXT(2) 
PARAMETRIC_REPRESENTATION_CONTEXT() REPRESENTATION_CONTEXT('2D SPACE',''
  ) );
#523 = PCURVE('',#524,#529);
#524 = PLANE('',#525);
#525 = AXIS2_PLACEMENT_3D('',#526,#527,#528);
#526 = CARTESIAN_POINT('',(0.6,9.95,4.5));
#527 = DIRECTION('',(0.,1.,0.));
#528 = DIRECTION('',(0.,0.,1.));
#529 = DEFINITIONAL_REPRESENTATION('',(#530),#533);
#530 = B_SPLINE_CURVE_WITH_KNOTS('',1,(#531,#532),.UNSPECIFIED.,.F.,.F.,
  (2,2),(-28.95,-2.75),.PIECEWISE_BEZIER_KNOTS.);
#531 = CARTESIAN_POINT('',(26.2,0.59));
#532 = CARTESIAN_POINT('',(0.,0.59));
#533 = ( GEOMETRIC_REPRESENTATION_CONTEXT(2) 
PARAMETRIC_REPRESENTATION_CONTEXT() REPRESENTATION_CONTEXT('2D SPACE',''
  ) );
#534 = ORIENTED_EDGE('',*,*,#535,.T.);
#535 = EDGE_CURVE('',#510,#536,#538,.T.);
#536 = VERTEX_POINT('',#537);
#537 = CARTESIAN_POINT('',(0.895,9.655,30.995));
#538 = SURFACE_CURVE('',#539,(#543,#549),.PCURVE_S1.);
#539 = LINE('',#540,#541);
#540 = CARTESIAN_POINT('',(6.295,15.055,25.595));
#541 = VECTOR('',#542,1.);
#542 = DIRECTION('',(-0.57735026919,-0.57735026919,0.57735026919));
#543 = PCURVE('',#97,#544);
#544 = DEFINITIONAL_REPRESENTATION('',(#545),#548);
#545 = B_SPLINE_CURVE_WITH_KNOTS('',1,(#546,#547),.UNSPECIFIED.,.F.,.F.,
  (2,2),(8.842119372639,9.708144776424),.PIECEWISE_BEZIER_KNOTS.);
#546 = CARTESIAN_POINT('',(1.414213562373E-02,-31.7));
#547 = CARTESIAN_POINT('',(0.72124891681,-32.2));
#548 = ( GEOMETRIC_REPRESENTATION_CONTEXT(2) 
PARAMETRIC_REPRESENTATION_CONTEXT() REPRESENTATION_CONTEXT('2D SPACE',''
  ) );
#549 = PCURVE('',#550,#555);
#550 = PLANE('',#551);
#551 = AXIS2_PLACEMENT_3D('',#552,#553,#554);
#552 = CARTESIAN_POINT('',(0.6,9.7,30.95));
#553 = DIRECTION('',(0.,0.707106781187,0.707106781187));
#554 = DIRECTION('',(-1.,-0.,0.));
#555 = DEFINITIONAL_REPRESENTATION('',(#556),#559);
#556 = B_SPLINE_CURVE_WITH_KNOTS('',1,(#557,#558),.UNSPECIFIED.,.F.,.F.,
  (2,2),(8.842119372639,9.708144776424),.PIECEWISE_BEZIER_KNOTS.);
#557 = CARTESIAN_POINT('',(-0.59,-0.353553390593));
#558 = CARTESIAN_POINT('',(-8.999999999999E-02,0.353553390593));
#559 = ( GEOMETRIC_REPRESENTATION_CONTEXT(2) 
PARAMETRIC_REPRESENTATION_CONTEXT() REPRESENTATION_CONTEXT('2D SPACE',''
  ) );
#560 = ORIENTED_EDGE('',*,*,#561,.T.);
#561 = EDGE_CURVE('',#536,#562,#564,.T.);
#562 = VERTEX_POINT('',#563);
#563 = CARTESIAN_POINT('',(0.6,9.36,30.7));
#564 = SURFACE_CURVE('',#565,(#569,#575),.PCURVE_S1.);
#565 = LINE('',#566,#567);
#566 = CARTESIAN_POINT('',(-7.618333333333,1.141666666667,
    22.481666666667));
#567 = VECTOR('',#568,1.);
#568 = DIRECTION('',(-0.57735026919,-0.57735026919,-0.57735026919));
#569 = PCURVE('',#97,#570);
#570 = DEFINITIONAL_REPRESENTATION('',(#571),#574);
#571 = B_SPLINE_CURVE_WITH_KNOTS('',1,(#572,#573),.UNSPECIFIED.,.F.,.F.,
  (2,2),(-15.10059629065,-14.23457088687),.PIECEWISE_BEZIER_KNOTS.);
#572 = CARTESIAN_POINT('',(0.141421356237,-32.2));
#573 = CARTESIAN_POINT('',(0.848528137424,-31.7));
#574 = ( GEOMETRIC_REPRESENTATION_CONTEXT(2) 
PARAMETRIC_REPRESENTATION_CONTEXT() REPRESENTATION_CONTEXT('2D SPACE',''
  ) );
#575 = PCURVE('',#245,#576);
#576 = DEFINITIONAL_REPRESENTATION('',(#577),#580);
#577 = B_SPLINE_CURVE_WITH_KNOTS('',1,(#578,#579),.UNSPECIFIED.,.F.,.F.,
  (2,2),(-15.10059629065,-14.23457088687),.PIECEWISE_BEZIER_KNOTS.);
#578 = CARTESIAN_POINT('',(19.81,0.353553390593));
#579 = CARTESIAN_POINT('',(19.31,-0.353553390593));
#580 = ( GEOMETRIC_REPRESENTATION_CONTEXT(2) 
PARAMETRIC_REPRESENTATION_CONTEXT() REPRESENTATION_CONTEXT('2D SPACE',''
  ) );
#581 = ORIENTED_EDGE('',*,*,#582,.T.);
#582 = EDGE_CURVE('',#562,#583,#585,.T.);
#583 = VERTEX_POINT('',#584);
#584 = CARTESIAN_POINT('',(0.6,9.36,24.25));
#585 = SURFACE_CURVE('',#586,(#590,#596),.PCURVE_S1.);
#586 = LINE('',#587,#588);
#587 = CARTESIAN_POINT('',(0.6,9.36,1.75));
#588 = VECTOR('',#589,1.);
#589 = DIRECTION('',(0.,0.,-1.));
#590 = PCURVE('',#97,#591);
#591 = DEFINITIONAL_REPRESENTATION('',(#592),#595);
#592 = B_SPLINE_CURVE_WITH_KNOTS('',1,(#593,#594),.UNSPECIFIED.,.F.,.F.,
  (2,2),(-28.95,-22.5),.PIECEWISE_BEZIER_KNOTS.);
#593 = CARTESIAN_POINT('',(0.848528137424,-31.7));
#594 = CARTESIAN_POINT('',(0.848528137424,-25.25));
#595 = ( GEOMETRIC_REPRESENTATION_CONTEXT(2) 
PARAMETRIC_REPRESENTATION_CONTEXT() REPRESENTATION_CONTEXT('2D SPACE',''
  ) );
#596 = PCURVE('',#271,#597);
#597 = DEFINITIONAL_REPRESENTATION('',(#598),#601);
#598 = B_SPLINE_CURVE_WITH_KNOTS('',1,(#599,#600),.UNSPECIFIED.,.F.,.F.,
  (2,2),(-28.95,-22.5),.PIECEWISE_BEZIER_KNOTS.);
#599 = CARTESIAN_POINT('',(26.2,-19.31));
#600 = CARTESIAN_POINT('',(19.75,-19.31));
#601 = ( GEOMETRIC_REPRESENTATION_CONTEXT(2) 
PARAMETRIC_REPRESENTATION_CONTEXT() REPRESENTATION_CONTEXT('2D SPACE',''
  ) );
#602 = ORIENTED_EDGE('',*,*,#603,.F.);
#603 = EDGE_CURVE('',#604,#583,#606,.T.);
#604 = VERTEX_POINT('',#605);
#605 = CARTESIAN_POINT('',(0.,8.76,24.25));
#606 = SURFACE_CURVE('',#607,(#611,#617),.PCURVE_S1.);
#607 = LINE('',#608,#609);
#608 = CARTESIAN_POINT('',(-4.0775,4.6825,24.25));
#609 = VECTOR('',#610,1.);
#610 = DIRECTION('',(0.707106781187,0.707106781187,-0.));
#611 = PCURVE('',#97,#612);
#612 = DEFINITIONAL_REPRESENTATION('',(#613),#616);
#613 = B_SPLINE_CURVE_WITH_KNOTS('',1,(#614,#615),.UNSPECIFIED.,.F.,.F.,
  (2,2),(5.766455800576,6.614983938),.PIECEWISE_BEZIER_KNOTS.);
#614 = CARTESIAN_POINT('',(1.697056274848,-25.25));
#615 = CARTESIAN_POINT('',(0.848528137424,-25.25));
#616 = ( GEOMETRIC_REPRESENTATION_CONTEXT(2) 
PARAMETRIC_REPRESENTATION_CONTEXT() REPRESENTATION_CONTEXT('2D SPACE',''
  ) );
#617 = PCURVE('',#297,#618);
#618 = DEFINITIONAL_REPRESENTATION('',(#619),#622);
#619 = B_SPLINE_CURVE_WITH_KNOTS('',1,(#620,#621),.UNSPECIFIED.,.F.,.F.,
  (2,2),(5.766455800576,6.614983938),.PIECEWISE_BEZIER_KNOTS.);
#620 = CARTESIAN_POINT('',(0.,18.71));
#621 = CARTESIAN_POINT('',(0.6,19.31));
#622 = ( GEOMETRIC_REPRESENTATION_CONTEXT(2) 
PARAMETRIC_REPRESENTATION_CONTEXT() REPRESENTATION_CONTEXT('2D SPACE',''
  ) );
#623 = ORIENTED_EDGE('',*,*,#624,.T.);
#624 = EDGE_CURVE('',#604,#625,#627,.T.);
#625 = VERTEX_POINT('',#626);
#626 = CARTESIAN_POINT('',(0.,8.76,23.75));
#627 = SURFACE_CURVE('',#628,(#632,#638),.PCURVE_S1.);
#628 = LINE('',#629,#630);
#629 = CARTESIAN_POINT('',(1.110223024625E-16,8.76,11.375));
#630 = VECTOR('',#631,1.);
#631 = DIRECTION('',(0.,0.,-1.));
#632 = PCURVE('',#97,#633);
#633 = DEFINITIONAL_REPRESENTATION('',(#634),#637);
#634 = B_SPLINE_CURVE_WITH_KNOTS('',1,(#635,#636),.UNSPECIFIED.,.F.,.F.,
  (2,2),(-12.875,-12.375),.PIECEWISE_BEZIER_KNOTS.);
#635 = CARTESIAN_POINT('',(1.697056274848,-25.25));
#636 = CARTESIAN_POINT('',(1.697056274848,-24.75));
#637 = ( GEOMETRIC_REPRESENTATION_CONTEXT(2) 
PARAMETRIC_REPRESENTATION_CONTEXT() REPRESENTATION_CONTEXT('2D SPACE',''
  ) );
#638 = PCURVE('',#323,#639);
#639 = DEFINITIONAL_REPRESENTATION('',(#640),#643);
#640 = B_SPLINE_CURVE_WITH_KNOTS('',1,(#641,#642),.UNSPECIFIED.,.F.,.F.,
  (2,2),(-12.875,-12.375),.PIECEWISE_BEZIER_KNOTS.);
#641 = CARTESIAN_POINT('',(0.5,-18.71));
#642 = CARTESIAN_POINT('',(0.,-18.71));
#643 = ( GEOMETRIC_REPRESENTATION_CONTEXT(2) 
PARAMETRIC_REPRESENTATION_CONTEXT() REPRESENTATION_CONTEXT('2D SPACE',''
  ) );
#644 = ORIENTED_EDGE('',*,*,#645,.T.);
#645 = EDGE_CURVE('',#625,#646,#648,.T.);
#646 = VERTEX_POINT('',#647);
#647 = CARTESIAN_POINT('',(0.6,9.36,23.75));
#648 = SURFACE_CURVE('',#649,(#653,#659),.PCURVE_S1.);
#649 = LINE('',#650,#651);
#650 = CARTESIAN_POINT('',(-4.0775,4.6825,23.75));
#651 = VECTOR('',#652,1.);
#652 = DIRECTION('',(0.707106781187,0.707106781187,-0.));
#653 = PCURVE('',#97,#654);
#654 = DEFINITIONAL_REPRESENTATION('',(#655),#658);
#655 = B_SPLINE_CURVE_WITH_KNOTS('',1,(#656,#657),.UNSPECIFIED.,.F.,.F.,
  (2,2),(5.766455800576,6.614983938),.PIECEWISE_BEZIER_KNOTS.);
#656 = CARTESIAN_POINT('',(1.697056274848,-24.75));
#657 = CARTESIAN_POINT('',(0.848528137424,-24.75));
#658 = ( GEOMETRIC_REPRESENTATION_CONTEXT(2) 
PARAMETRIC_REPRESENTATION_CONTEXT() REPRESENTATION_CONTEXT('2D SPACE',''
  ) );
#659 = PCURVE('',#349,#660);
#660 = DEFINITIONAL_REPRESENTATION('',(#661),#664);
#661 = B_SPLINE_CURVE_WITH_KNOTS('',1,(#662,#663),.UNSPECIFIED.,.F.,.F.,
  (2,2),(5.766455800576,6.614983938),.PIECEWISE_BEZIER_KNOTS.);
#662 = CARTESIAN_POINT('',(0.,18.71));
#663 = CARTESIAN_POINT('',(0.6,19.31));
#664 = ( GEOMETRIC_REPRESENTATION_CONTEXT(2) 
PARAMETRIC_REPRESENTATION_CONTEXT() REPRESENTATION_CONTEXT('2D SPACE',''
  ) );
#665 = ORIENTED_EDGE('',*,*,#666,.T.);
#666 = EDGE_CURVE('',#646,#667,#669,.T.);
#667 = VERTEX_POINT('',#668);
#668 = CARTESIAN_POINT('',(0.6,9.36,10.25));
#669 = SURFACE_CURVE('',#670,(#674,#680),.PCURVE_S1.);
#670 = LINE('',#671,#672);
#671 = CARTESIAN_POINT('',(0.6,9.36,1.75));
#672 = VECTOR('',#673,1.);
#673 = DIRECTION('',(0.,0.,-1.));
#674 = PCURVE('',#97,#675);
#675 = DEFINITIONAL_REPRESENTATION('',(#676),#679);
#676 = B_SPLINE_CURVE_WITH_KNOTS('',1,(#677,#678),.UNSPECIFIED.,.F.,.F.,
  (2,2),(-22.,-8.5),.PIECEWISE_BEZIER_KNOTS.);
#677 = CARTESIAN_POINT('',(0.848528137424,-24.75));
#678 = CARTESIAN_POINT('',(0.848528137424,-11.25));
#679 = ( GEOMETRIC_REPRESENTATION_CONTEXT(2) 
PARAMETRIC_REPRESENTATION_CONTEXT() REPRESENTATION_CONTEXT('2D SPACE',''
  ) );
#680 = PCURVE('',#375,#681);
#681 = DEFINITIONAL_REPRESENTATION('',(#682),#685);
#682 = B_SPLINE_CURVE_WITH_KNOTS('',1,(#683,#684),.UNSPECIFIED.,.F.,.F.,
  (2,2),(-22.,-8.5),.PIECEWISE_BEZIER_KNOTS.);
#683 = CARTESIAN_POINT('',(19.25,-19.31));
#684 = CARTESIAN_POINT('',(5.75,-19.31));
#685 = ( GEOMETRIC_REPRESENTATION_CONTEXT(2) 
PARAMETRIC_REPRESENTATION_CONTEXT() REPRESENTATION_CONTEXT('2D SPACE',''
  ) );
#686 = ORIENTED_EDGE('',*,*,#687,.F.);
#687 = EDGE_CURVE('',#688,#667,#690,.T.);
#688 = VERTEX_POINT('',#689);
#689 = CARTESIAN_POINT('',(0.,8.76,10.25));
#690 = SURFACE_CURVE('',#691,(#695,#701),.PCURVE_S1.);
#691 = LINE('',#692,#693);
#692 = CARTESIAN_POINT('',(-4.0775,4.6825,10.25));
#693 = VECTOR('',#694,1.);
#694 = DIRECTION('',(0.707106781187,0.707106781187,-0.));
#695 = PCURVE('',#97,#696);
#696 = DEFINITIONAL_REPRESENTATION('',(#697),#700);
#697 = B_SPLINE_CURVE_WITH_KNOTS('',1,(#698,#699),.UNSPECIFIED.,.F.,.F.,
  (2,2),(5.766455800576,6.614983938),.PIECEWISE_BEZIER_KNOTS.);
#698 = CARTESIAN_POINT('',(1.697056274848,-11.25));
#699 = CARTESIAN_POINT('',(0.848528137424,-11.25));
#700 = ( GEOMETRIC_REPRESENTATION_CONTEXT(2) 
PARAMETRIC_REPRESENTATION_CONTEXT() REPRESENTATION_CONTEXT('2D SPACE',''
  ) );
#701 = PCURVE('',#401,#702);
#702 = DEFINITIONAL_REPRESENTATION('',(#703),#706);
#703 = B_SPLINE_CURVE_WITH_KNOTS('',1,(#704,#705),.UNSPECIFIED.,.F.,.F.,
  (2,2),(5.766455800576,6.614983938),.PIECEWISE_BEZIER_KNOTS.);
#704 = CARTESIAN_POINT('',(0.,18.71));
#705 = CARTESIAN_POINT('',(0.6,19.31));
#706 = ( GEOMETRIC_REPRESENTATION_CONTEXT(2) 
PARAMETRIC_REPRESENTATION_CONTEXT() REPRESENTATION_CONTEXT('2D SPACE',''
  ) );
#707 = ORIENTED_EDGE('',*,*,#708,.T.);
#708 = EDGE_CURVE('',#688,#440,#709,.T.);
#709 = SURFACE_CURVE('',#710,(#714,#720),.PCURVE_S1.);
#710 = LINE('',#711,#712);
#711 = CARTESIAN_POINT('',(1.110223024625E-16,8.76,4.375));
#712 = VECTOR('',#713,1.);
#713 = DIRECTION('',(0.,0.,-1.));
#714 = PCURVE('',#97,#715);
#715 = DEFINITIONAL_REPRESENTATION('',(#716),#719);
#716 = B_SPLINE_CURVE_WITH_KNOTS('',1,(#717,#718),.UNSPECIFIED.,.F.,.F.,
  (2,2),(-5.875,-5.375),.PIECEWISE_BEZIER_KNOTS.);
#717 = CARTESIAN_POINT('',(1.697056274848,-11.25));
#718 = CARTESIAN_POINT('',(1.697056274848,-10.75));
#719 = ( GEOMETRIC_REPRESENTATION_CONTEXT(2) 
PARAMETRIC_REPRESENTATION_CONTEXT() REPRESENTATION_CONTEXT('2D SPACE',''
  ) );
#720 = PCURVE('',#425,#721);
#721 = DEFINITIONAL_REPRESENTATION('',(#722),#725);
#722 = B_SPLINE_CURVE_WITH_KNOTS('',1,(#723,#724),.UNSPECIFIED.,.F.,.F.,
  (2,2),(-5.875,-5.375),.PIECEWISE_BEZIER_KNOTS.);
#723 = CARTESIAN_POINT('',(0.5,-18.71));
#724 = CARTESIAN_POINT('',(0.,-18.71));
#725 = ( GEOMETRIC_REPRESENTATION_CONTEXT(2) 
PARAMETRIC_REPRESENTATION_CONTEXT() REPRESENTATION_CONTEXT('2D SPACE',''
  ) );
#726 = ADVANCED_FACE('',(#727),#70,.F.);
#727 = FACE_BOUND('',#728,.F.);
#728 = EDGE_LOOP('',(#729,#752,#753,#754,#755,#778,#806,#832,#858,#885,
    #911,#937));
#729 = ORIENTED_EDGE('',*,*,#730,.F.);
#730 = EDGE_CURVE('',#489,#731,#733,.T.);
#731 = VERTEX_POINT('',#732);
#732 = CARTESIAN_POINT('',(28.,9.95,4.5));
#733 = SURFACE_CURVE('',#734,(#738,#745),.PCURVE_S1.);
#734 = LINE('',#735,#736);
#735 = CARTESIAN_POINT('',(0.6,9.95,4.5));
#736 = VECTOR('',#737,1.);
#737 = DIRECTION('',(1.,0.,0.));
#738 = PCURVE('',#70,#739);
#739 = DEFINITIONAL_REPRESENTATION('',(#740),#744);
#740 = LINE('',#741,#742);
#741 = CARTESIAN_POINT('',(0.,19.9));
#742 = VECTOR('',#743,1.);
#743 = DIRECTION('',(1.,0.));
#744 = ( GEOMETRIC_REPRESENTATION_CONTEXT(2) 
PARAMETRIC_REPRESENTATION_CONTEXT() REPRESENTATION_CONTEXT('2D SPACE',''
  ) );
#745 = PCURVE('',#524,#746);
#746 = DEFINITIONAL_REPRESENTATION('',(#747),#751);
#747 = LINE('',#748,#749);
#748 = CARTESIAN_POINT('',(0.,0.));
#749 = VECTOR('',#750,1.);
#750 = DIRECTION('',(0.,1.));
#751 = ( GEOMETRIC_REPRESENTATION_CONTEXT(2) 
PARAMETRIC_REPRESENTATION_CONTEXT() REPRESENTATION_CONTEXT('2D SPACE',''
  ) );
#752 = ORIENTED_EDGE('',*,*,#488,.F.);
#753 = ORIENTED_EDGE('',*,*,#54,.F.);
#754 = ORIENTED_EDGE('',*,*,#157,.T.);
#755 = ORIENTED_EDGE('',*,*,#756,.T.);
#756 = EDGE_CURVE('',#158,#757,#759,.T.);
#757 = VERTEX_POINT('',#758);
#758 = CARTESIAN_POINT('',(28.,-9.95,4.5));
#759 = SURFACE_CURVE('',#760,(#764,#771),.PCURVE_S1.);
#760 = LINE('',#761,#762);
#761 = CARTESIAN_POINT('',(0.6,-9.95,4.5));
#762 = VECTOR('',#763,1.);
#763 = DIRECTION('',(1.,0.,0.));
#764 = PCURVE('',#70,#765);
#765 = DEFINITIONAL_REPRESENTATION('',(#766),#770);
#766 = LINE('',#767,#768);
#767 = CARTESIAN_POINT('',(0.,0.));
#768 = VECTOR('',#769,1.);
#769 = DIRECTION('',(1.,0.));
#770 = ( GEOMETRIC_REPRESENTATION_CONTEXT(2) 
PARAMETRIC_REPRESENTATION_CONTEXT() REPRESENTATION_CONTEXT('2D SPACE',''
  ) );
#771 = PCURVE('',#193,#772);
#772 = DEFINITIONAL_REPRESENTATION('',(#773),#777);
#773 = LINE('',#774,#775);
#774 = CARTESIAN_POINT('',(0.,0.));
#775 = VECTOR('',#776,1.);
#776 = DIRECTION('',(0.,1.));
#777 = ( GEOMETRIC_REPRESENTATION_CONTEXT(2) 
PARAMETRIC_REPRESENTATION_CONTEXT() REPRESENTATION_CONTEXT('2D SPACE',''
  ) );
#778 = ORIENTED_EDGE('',*,*,#779,.T.);
#779 = EDGE_CURVE('',#757,#780,#782,.T.);
#780 = VERTEX_POINT('',#781);
#781 = CARTESIAN_POINT('',(28.,-7.2,4.5));
#782 = SURFACE_CURVE('',#783,(#787,#794),.PCURVE_S1.);
#783 = LINE('',#784,#785);
#784 = CARTESIAN_POINT('',(28.,-9.95,4.5));
#785 = VECTOR('',#786,1.);
#786 = DIRECTION('',(0.,1.,0.));
#787 = PCURVE('',#70,#788);
#788 = DEFINITIONAL_REPRESENTATION('',(#789),#793);
#789 = LINE('',#790,#791);
#790 = CARTESIAN_POINT('',(27.4,0.));
#791 = VECTOR('',#792,1.);
#792 = DIRECTION('',(0.,1.));
#793 = ( GEOMETRIC_REPRESENTATION_CONTEXT(2) 
PARAMETRIC_REPRESENTATION_CONTEXT() REPRESENTATION_CONTEXT('2D SPACE',''
  ) );
#794 = PCURVE('',#795,#800);
#795 = PLANE('',#796);
#796 = AXIS2_PLACEMENT_3D('',#797,#798,#799);
#797 = CARTESIAN_POINT('',(28.,-9.95,4.5));
#798 = DIRECTION('',(1.,0.,0.));
#799 = DIRECTION('',(0.,0.,1.));
#800 = DEFINITIONAL_REPRESENTATION('',(#801),#805);
#801 = LINE('',#802,#803);
#802 = CARTESIAN_POINT('',(0.,0.));
#803 = VECTOR('',#804,1.);
#804 = DIRECTION('',(0.,-1.));
#805 = ( GEOMETRIC_REPRESENTATION_CONTEXT(2) 
PARAMETRIC_REPRESENTATION_CONTEXT() REPRESENTATION_CONTEXT('2D SPACE',''
  ) );
#806 = ORIENTED_EDGE('',*,*,#807,.T.);
#807 = EDGE_CURVE('',#780,#808,#810,.T.);
#808 = VERTEX_POINT('',#809);
#809 = CARTESIAN_POINT('',(9.6,-7.2,4.5));
#810 = SURFACE_CURVE('',#811,(#815,#821),.PCURVE_S1.);
#811 = LINE('',#812,#813);
#812 = CARTESIAN_POINT('',(5.1,-7.2,4.5));
#813 = VECTOR('',#814,1.);
#814 = DIRECTION('',(-1.,0.,0.));
#815 = PCURVE('',#70,#816);
#816 = DEFINITIONAL_REPRESENTATION('',(#817),#820);
#817 = B_SPLINE_CURVE_WITH_KNOTS('',1,(#818,#819),.UNSPECIFIED.,.F.,.F.,
  (2,2),(-22.9,-4.5),.PIECEWISE_BEZIER_KNOTS.);
#818 = CARTESIAN_POINT('',(27.4,2.75));
#819 = CARTESIAN_POINT('',(9.,2.75));
#820 = ( GEOMETRIC_REPRESENTATION_CONTEXT(2) 
PARAMETRIC_REPRESENTATION_CONTEXT() REPRESENTATION_CONTEXT('2D SPACE',''
  ) );
#821 = PCURVE('',#822,#827);
#822 = PLANE('',#823);
#823 = AXIS2_PLACEMENT_3D('',#824,#825,#826);
#824 = CARTESIAN_POINT('',(9.6,-7.2,0.3));
#825 = DIRECTION('',(0.,1.,0.));
#826 = DIRECTION('',(0.,0.,1.));
#827 = DEFINITIONAL_REPRESENTATION('',(#828),#831);
#828 = B_SPLINE_CURVE_WITH_KNOTS('',1,(#829,#830),.UNSPECIFIED.,.F.,.F.,
  (2,2),(-22.9,-4.5),.PIECEWISE_BEZIER_KNOTS.);
#829 = CARTESIAN_POINT('',(4.2,18.4));
#830 = CARTESIAN_POINT('',(4.2,0.));
#831 = ( GEOMETRIC_REPRESENTATION_CONTEXT(2) 
PARAMETRIC_REPRESENTATION_CONTEXT() REPRESENTATION_CONTEXT('2D SPACE',''
  ) );
#832 = ORIENTED_EDGE('',*,*,#833,.T.);
#833 = EDGE_CURVE('',#808,#834,#836,.T.);
#834 = VERTEX_POINT('',#835);
#835 = CARTESIAN_POINT('',(9.6,-5.3,4.5));
#836 = SURFACE_CURVE('',#837,(#841,#847),.PCURVE_S1.);
#837 = LINE('',#838,#839);
#838 = CARTESIAN_POINT('',(9.6,-8.575,4.5));
#839 = VECTOR('',#840,1.);
#840 = DIRECTION('',(0.,1.,0.));
#841 = PCURVE('',#70,#842);
#842 = DEFINITIONAL_REPRESENTATION('',(#843),#846);
#843 = B_SPLINE_CURVE_WITH_KNOTS('',1,(#844,#845),.UNSPECIFIED.,.F.,.F.,
  (2,2),(1.375,15.775),.PIECEWISE_BEZIER_KNOTS.);
#844 = CARTESIAN_POINT('',(9.,2.75));
#845 = CARTESIAN_POINT('',(9.,17.15));
#846 = ( GEOMETRIC_REPRESENTATION_CONTEXT(2) 
PARAMETRIC_REPRESENTATION_CONTEXT() REPRESENTATION_CONTEXT('2D SPACE',''
  ) );
#847 = PCURVE('',#848,#853);
#848 = PLANE('',#849);
#849 = AXIS2_PLACEMENT_3D('',#850,#851,#852);
#850 = CARTESIAN_POINT('',(9.6,-7.2,0.3));
#851 = DIRECTION('',(1.,0.,0.));
#852 = DIRECTION('',(0.,0.,1.));
#853 = DEFINITIONAL_REPRESENTATION('',(#854),#857);
#854 = B_SPLINE_CURVE_WITH_KNOTS('',1,(#855,#856),.UNSPECIFIED.,.F.,.F.,
  (2,2),(1.375,15.775),.PIECEWISE_BEZIER_KNOTS.);
#855 = CARTESIAN_POINT('',(4.2,0.));
#856 = CARTESIAN_POINT('',(4.2,-14.4));
#857 = ( GEOMETRIC_REPRESENTATION_CONTEXT(2) 
PARAMETRIC_REPRESENTATION_CONTEXT() REPRESENTATION_CONTEXT('2D SPACE',''
  ) );
#858 = ORIENTED_EDGE('',*,*,#859,.T.);
#859 = EDGE_CURVE('',#834,#860,#862,.T.);
#860 = VERTEX_POINT('',#861);
#861 = CARTESIAN_POINT('',(9.6,5.3,4.5));
#862 = SURFACE_CURVE('',#863,(#867,#873),.PCURVE_S1.);
#863 = LINE('',#864,#865);
#864 = CARTESIAN_POINT('',(9.6,-8.575,4.5));
#865 = VECTOR('',#866,1.);
#866 = DIRECTION('',(0.,1.,0.));
#867 = PCURVE('',#70,#868);
#868 = DEFINITIONAL_REPRESENTATION('',(#869),#872);
#869 = B_SPLINE_CURVE_WITH_KNOTS('',1,(#870,#871),.UNSPECIFIED.,.F.,.F.,
  (2,2),(1.375,15.775),.PIECEWISE_BEZIER_KNOTS.);
#870 = CARTESIAN_POINT('',(9.,2.75));
#871 = CARTESIAN_POINT('',(9.,17.15));
#872 = ( GEOMETRIC_REPRESENTATION_CONTEXT(2) 
PARAMETRIC_REPRESENTATION_CONTEXT() REPRESENTATION_CONTEXT('2D SPACE',''
  ) );
#873 = PCURVE('',#874,#879);
#874 = PLANE('',#875);
#875 = AXIS2_PLACEMENT_3D('',#876,#877,#878);
#876 = CARTESIAN_POINT('',(9.6,-5.3,-0.7));
#877 = DIRECTION('',(1.,0.,0.));
#878 = DIRECTION('',(0.,0.,1.));
#879 = DEFINITIONAL_REPRESENTATION('',(#880),#884);
#880 = LINE('',#881,#882);
#881 = CARTESIAN_POINT('',(5.2,3.275));
#882 = VECTOR('',#883,1.);
#883 = DIRECTION('',(0.,-1.));
#884 = ( GEOMETRIC_REPRESENTATION_CONTEXT(2) 
PARAMETRIC_REPRESENTATION_CONTEXT() REPRESENTATION_CONTEXT('2D SPACE',''
  ) );
#885 = ORIENTED_EDGE('',*,*,#886,.T.);
#886 = EDGE_CURVE('',#860,#887,#889,.T.);
#887 = VERTEX_POINT('',#888);
#888 = CARTESIAN_POINT('',(9.6,7.2,4.5));
#889 = SURFACE_CURVE('',#890,(#894,#900),.PCURVE_S1.);
#890 = LINE('',#891,#892);
#891 = CARTESIAN_POINT('',(9.6,-8.575,4.5));
#892 = VECTOR('',#893,1.);
#893 = DIRECTION('',(0.,1.,0.));
#894 = PCURVE('',#70,#895);
#895 = DEFINITIONAL_REPRESENTATION('',(#896),#899);
#896 = B_SPLINE_CURVE_WITH_KNOTS('',1,(#897,#898),.UNSPECIFIED.,.F.,.F.,
  (2,2),(1.375,15.775),.PIECEWISE_BEZIER_KNOTS.);
#897 = CARTESIAN_POINT('',(9.,2.75));
#898 = CARTESIAN_POINT('',(9.,17.15));
#899 = ( GEOMETRIC_REPRESENTATION_CONTEXT(2) 
PARAMETRIC_REPRESENTATION_CONTEXT() REPRESENTATION_CONTEXT('2D SPACE',''
  ) );
#900 = PCURVE('',#901,#906);
#901 = PLANE('',#902);
#902 = AXIS2_PLACEMENT_3D('',#903,#904,#905);
#903 = CARTESIAN_POINT('',(9.6,-7.2,0.3));
#904 = DIRECTION('',(1.,0.,0.));
#905 = DIRECTION('',(0.,0.,1.));
#906 = DEFINITIONAL_REPRESENTATION('',(#907),#910);
#907 = B_SPLINE_CURVE_WITH_KNOTS('',1,(#908,#909),.UNSPECIFIED.,.F.,.F.,
  (2,2),(1.375,15.775),.PIECEWISE_BEZIER_KNOTS.);
#908 = CARTESIAN_POINT('',(4.2,0.));
#909 = CARTESIAN_POINT('',(4.2,-14.4));
#910 = ( GEOMETRIC_REPRESENTATION_CONTEXT(2) 
PARAMETRIC_REPRESENTATION_CONTEXT() REPRESENTATION_CONTEXT('2D SPACE',''
  ) );
#911 = ORIENTED_EDGE('',*,*,#912,.F.);
#912 = EDGE_CURVE('',#913,#887,#915,.T.);
#913 = VERTEX_POINT('',#914);
#914 = CARTESIAN_POINT('',(28.,7.2,4.5));
#915 = SURFACE_CURVE('',#916,(#920,#926),.PCURVE_S1.);
#916 = LINE('',#917,#918);
#917 = CARTESIAN_POINT('',(5.1,7.2,4.5));
#918 = VECTOR('',#919,1.);
#919 = DIRECTION('',(-1.,0.,0.));
#920 = PCURVE('',#70,#921);
#921 = DEFINITIONAL_REPRESENTATION('',(#922),#925);
#922 = B_SPLINE_CURVE_WITH_KNOTS('',1,(#923,#924),.UNSPECIFIED.,.F.,.F.,
  (2,2),(-22.9,-4.5),.PIECEWISE_BEZIER_KNOTS.);
#923 = CARTESIAN_POINT('',(27.4,17.15));
#924 = CARTESIAN_POINT('',(9.,17.15));
#925 = ( GEOMETRIC_REPRESENTATION_CONTEXT(2) 
PARAMETRIC_REPRESENTATION_CONTEXT() REPRESENTATION_CONTEXT('2D SPACE',''
  ) );
#926 = PCURVE('',#927,#932);
#927 = PLANE('',#928);
#928 = AXIS2_PLACEMENT_3D('',#929,#930,#931);
#929 = CARTESIAN_POINT('',(9.6,7.2,0.3));
#930 = DIRECTION('',(0.,1.,0.));
#931 = DIRECTION('',(0.,0.,1.));
#932 = DEFINITIONAL_REPRESENTATION('',(#933),#936);
#933 = B_SPLINE_CURVE_WITH_KNOTS('',1,(#934,#935),.UNSPECIFIED.,.F.,.F.,
  (2,2),(-22.9,-4.5),.PIECEWISE_BEZIER_KNOTS.);
#934 = CARTESIAN_POINT('',(4.2,18.4));
#935 = CARTESIAN_POINT('',(4.2,0.));
#936 = ( GEOMETRIC_REPRESENTATION_CONTEXT(2) 
PARAMETRIC_REPRESENTATION_CONTEXT() REPRESENTATION_CONTEXT('2D SPACE',''
  ) );
#937 = ORIENTED_EDGE('',*,*,#938,.T.);
#938 = EDGE_CURVE('',#913,#731,#939,.T.);
#939 = SURFACE_CURVE('',#940,(#944,#951),.PCURVE_S1.);
#940 = LINE('',#941,#942);
#941 = CARTESIAN_POINT('',(28.,-9.95,4.5));
#942 = VECTOR('',#943,1.);
#943 = DIRECTION('',(0.,1.,0.));
#944 = PCURVE('',#70,#945);
#945 = DEFINITIONAL_REPRESENTATION('',(#946),#950);
#946 = LINE('',#947,#948);
#947 = CARTESIAN_POINT('',(27.4,0.));
#948 = VECTOR('',#949,1.);
#949 = DIRECTION('',(0.,1.));
#950 = ( GEOMETRIC_REPRESENTATION_CONTEXT(2) 
PARAMETRIC_REPRESENTATION_CONTEXT() REPRESENTATION_CONTEXT('2D SPACE',''
  ) );
#951 = PCURVE('',#795,#952);
#952 = DEFINITIONAL_REPRESENTATION('',(#953),#957);
#953 = LINE('',#954,#955);
#954 = CARTESIAN_POINT('',(0.,0.));
#955 = VECTOR('',#956,1.);
#956 = DIRECTION('',(0.,-1.));
#957 = ( GEOMETRIC_REPRESENTATION_CONTEXT(2) 
PARAMETRIC_REPRESENTATION_CONTEXT() REPRESENTATION_CONTEXT('2D SPACE',''
  ) );
#958 = ADVANCED_FACE('',(#959),#425,.F.);
#959 = FACE_BOUND('',#960,.F.);
#960 = EDGE_LOOP('',(#961,#982,#983,#984));
#961 = ORIENTED_EDGE('',*,*,#962,.F.);
#962 = EDGE_CURVE('',#387,#688,#963,.T.);
#963 = SURFACE_CURVE('',#964,(#968,#975),.PCURVE_S1.);
#964 = LINE('',#965,#966);
#965 = CARTESIAN_POINT('',(0.,-9.95,10.25));
#966 = VECTOR('',#967,1.);
#967 = DIRECTION('',(0.,1.,0.));
#968 = PCURVE('',#425,#969);
#969 = DEFINITIONAL_REPRESENTATION('',(#970),#974);
#970 = LINE('',#971,#972);
#971 = CARTESIAN_POINT('',(0.5,0.));
#972 = VECTOR('',#973,1.);
#973 = DIRECTION('',(0.,-1.));
#974 = ( GEOMETRIC_REPRESENTATION_CONTEXT(2) 
PARAMETRIC_REPRESENTATION_CONTEXT() REPRESENTATION_CONTEXT('2D SPACE',''
  ) );
#975 = PCURVE('',#401,#976);
#976 = DEFINITIONAL_REPRESENTATION('',(#977),#981);
#977 = LINE('',#978,#979);
#978 = CARTESIAN_POINT('',(0.,0.));
#979 = VECTOR('',#980,1.);
#980 = DIRECTION('',(0.,1.));
#981 = ( GEOMETRIC_REPRESENTATION_CONTEXT(2) 
PARAMETRIC_REPRESENTATION_CONTEXT() REPRESENTATION_CONTEXT('2D SPACE',''
  ) );
#982 = ORIENTED_EDGE('',*,*,#412,.T.);
#983 = ORIENTED_EDGE('',*,*,#460,.T.);
#984 = ORIENTED_EDGE('',*,*,#708,.F.);
#985 = ADVANCED_FACE('',(#986),#401,.T.);
#986 = FACE_BOUND('',#987,.T.);
#987 = EDGE_LOOP('',(#988,#989,#990,#991));
#988 = ORIENTED_EDGE('',*,*,#687,.F.);
#989 = ORIENTED_EDGE('',*,*,#962,.F.);
#990 = ORIENTED_EDGE('',*,*,#386,.T.);
#991 = ORIENTED_EDGE('',*,*,#992,.F.);
#992 = EDGE_CURVE('',#667,#361,#993,.T.);
#993 = SURFACE_CURVE('',#994,(#998,#1004),.PCURVE_S1.);
#994 = LINE('',#995,#996);
#995 = CARTESIAN_POINT('',(0.6,-9.95,10.25));
#996 = VECTOR('',#997,1.);
#997 = DIRECTION('',(0.,-1.,0.));
#998 = PCURVE('',#401,#999);
#999 = DEFINITIONAL_REPRESENTATION('',(#1000),#1003);
#1000 = B_SPLINE_CURVE_WITH_KNOTS('',1,(#1001,#1002),.UNSPECIFIED.,.F.,
  .F.,(2,2),(-19.9,0.),.PIECEWISE_BEZIER_KNOTS.);
#1001 = CARTESIAN_POINT('',(0.6,19.9));
#1002 = CARTESIAN_POINT('',(0.6,0.));
#1003 = ( GEOMETRIC_REPRESENTATION_CONTEXT(2) 
PARAMETRIC_REPRESENTATION_CONTEXT() REPRESENTATION_CONTEXT('2D SPACE',''
  ) );
#1004 = PCURVE('',#375,#1005);
#1005 = DEFINITIONAL_REPRESENTATION('',(#1006),#1009);
#1006 = B_SPLINE_CURVE_WITH_KNOTS('',1,(#1007,#1008),.UNSPECIFIED.,.F.,
  .F.,(2,2),(-19.9,0.),.PIECEWISE_BEZIER_KNOTS.);
#1007 = CARTESIAN_POINT('',(5.75,-19.9));
#1008 = CARTESIAN_POINT('',(5.75,0.));
#1009 = ( GEOMETRIC_REPRESENTATION_CONTEXT(2) 
PARAMETRIC_REPRESENTATION_CONTEXT() REPRESENTATION_CONTEXT('2D SPACE',''
  ) );
#1010 = ADVANCED_FACE('',(#1011),#375,.F.);
#1011 = FACE_BOUND('',#1012,.F.);
#1012 = EDGE_LOOP('',(#1013,#1014,#1015,#1016));
#1013 = ORIENTED_EDGE('',*,*,#360,.T.);
#1014 = ORIENTED_EDGE('',*,*,#992,.F.);
#1015 = ORIENTED_EDGE('',*,*,#666,.F.);
#1016 = ORIENTED_EDGE('',*,*,#1017,.T.);
#1017 = EDGE_CURVE('',#646,#335,#1018,.T.);
#1018 = SURFACE_CURVE('',#1019,(#1023,#1029),.PCURVE_S1.);
#1019 = LINE('',#1020,#1021);
#1020 = CARTESIAN_POINT('',(0.6,-9.95,23.75));
#1021 = VECTOR('',#1022,1.);
#1022 = DIRECTION('',(0.,-1.,0.));
#1023 = PCURVE('',#375,#1024);
#1024 = DEFINITIONAL_REPRESENTATION('',(#1025),#1028);
#1025 = B_SPLINE_CURVE_WITH_KNOTS('',1,(#1026,#1027),.UNSPECIFIED.,.F.,
  .F.,(2,2),(-19.9,0.),.PIECEWISE_BEZIER_KNOTS.);
#1026 = CARTESIAN_POINT('',(19.25,-19.9));
#1027 = CARTESIAN_POINT('',(19.25,0.));
#1028 = ( GEOMETRIC_REPRESENTATION_CONTEXT(2) 
PARAMETRIC_REPRESENTATION_CONTEXT() REPRESENTATION_CONTEXT('2D SPACE',''
  ) );
#1029 = PCURVE('',#349,#1030);
#1030 = DEFINITIONAL_REPRESENTATION('',(#1031),#1034);
#1031 = B_SPLINE_CURVE_WITH_KNOTS('',1,(#1032,#1033),.UNSPECIFIED.,.F.,
  .F.,(2,2),(-19.9,0.),.PIECEWISE_BEZIER_KNOTS.);
#1032 = CARTESIAN_POINT('',(0.6,19.9));
#1033 = CARTESIAN_POINT('',(0.6,0.));
#1034 = ( GEOMETRIC_REPRESENTATION_CONTEXT(2) 
PARAMETRIC_REPRESENTATION_CONTEXT() REPRESENTATION_CONTEXT('2D SPACE',''
  ) );
#1035 = ADVANCED_FACE('',(#1036),#349,.F.);
#1036 = FACE_BOUND('',#1037,.F.);
#1037 = EDGE_LOOP('',(#1038,#1039,#1060,#1061));
#1038 = ORIENTED_EDGE('',*,*,#645,.F.);
#1039 = ORIENTED_EDGE('',*,*,#1040,.F.);
#1040 = EDGE_CURVE('',#309,#625,#1041,.T.);
#1041 = SURFACE_CURVE('',#1042,(#1046,#1053),.PCURVE_S1.);
#1042 = LINE('',#1043,#1044);
#1043 = CARTESIAN_POINT('',(0.,-9.95,23.75));
#1044 = VECTOR('',#1045,1.);
#1045 = DIRECTION('',(0.,1.,0.));
#1046 = PCURVE('',#349,#1047);
#1047 = DEFINITIONAL_REPRESENTATION('',(#1048),#1052);
#1048 = LINE('',#1049,#1050);
#1049 = CARTESIAN_POINT('',(0.,0.));
#1050 = VECTOR('',#1051,1.);
#1051 = DIRECTION('',(0.,1.));
#1052 = ( GEOMETRIC_REPRESENTATION_CONTEXT(2) 
PARAMETRIC_REPRESENTATION_CONTEXT() REPRESENTATION_CONTEXT('2D SPACE',''
  ) );
#1053 = PCURVE('',#323,#1054);
#1054 = DEFINITIONAL_REPRESENTATION('',(#1055),#1059);
#1055 = LINE('',#1056,#1057);
#1056 = CARTESIAN_POINT('',(0.,0.));
#1057 = VECTOR('',#1058,1.);
#1058 = DIRECTION('',(0.,-1.));
#1059 = ( GEOMETRIC_REPRESENTATION_CONTEXT(2) 
PARAMETRIC_REPRESENTATION_CONTEXT() REPRESENTATION_CONTEXT('2D SPACE',''
  ) );
#1060 = ORIENTED_EDGE('',*,*,#334,.T.);
#1061 = ORIENTED_EDGE('',*,*,#1017,.F.);
#1062 = ADVANCED_FACE('',(#1063),#323,.F.);
#1063 = FACE_BOUND('',#1064,.F.);
#1064 = EDGE_LOOP('',(#1065,#1086,#1087,#1088));
#1065 = ORIENTED_EDGE('',*,*,#1066,.F.);
#1066 = EDGE_CURVE('',#283,#604,#1067,.T.);
#1067 = SURFACE_CURVE('',#1068,(#1072,#1079),.PCURVE_S1.);
#1068 = LINE('',#1069,#1070);
#1069 = CARTESIAN_POINT('',(0.,-9.95,24.25));
#1070 = VECTOR('',#1071,1.);
#1071 = DIRECTION('',(0.,1.,0.));
#1072 = PCURVE('',#323,#1073);
#1073 = DEFINITIONAL_REPRESENTATION('',(#1074),#1078);
#1074 = LINE('',#1075,#1076);
#1075 = CARTESIAN_POINT('',(0.5,0.));
#1076 = VECTOR('',#1077,1.);
#1077 = DIRECTION('',(0.,-1.));
#1078 = ( GEOMETRIC_REPRESENTATION_CONTEXT(2) 
PARAMETRIC_REPRESENTATION_CONTEXT() REPRESENTATION_CONTEXT('2D SPACE',''
  ) );
#1079 = PCURVE('',#297,#1080);
#1080 = DEFINITIONAL_REPRESENTATION('',(#1081),#1085);
#1081 = LINE('',#1082,#1083);
#1082 = CARTESIAN_POINT('',(0.,0.));
#1083 = VECTOR('',#1084,1.);
#1084 = DIRECTION('',(0.,1.));
#1085 = ( GEOMETRIC_REPRESENTATION_CONTEXT(2) 
PARAMETRIC_REPRESENTATION_CONTEXT() REPRESENTATION_CONTEXT('2D SPACE',''
  ) );
#1086 = ORIENTED_EDGE('',*,*,#308,.T.);
#1087 = ORIENTED_EDGE('',*,*,#1040,.T.);
#1088 = ORIENTED_EDGE('',*,*,#624,.F.);
#1089 = ADVANCED_FACE('',(#1090),#297,.T.);
#1090 = FACE_BOUND('',#1091,.T.);
#1091 = EDGE_LOOP('',(#1092,#1093,#1094,#1095));
#1092 = ORIENTED_EDGE('',*,*,#603,.F.);
#1093 = ORIENTED_EDGE('',*,*,#1066,.F.);
#1094 = ORIENTED_EDGE('',*,*,#282,.T.);
#1095 = ORIENTED_EDGE('',*,*,#1096,.F.);
#1096 = EDGE_CURVE('',#583,#257,#1097,.T.);
#1097 = SURFACE_CURVE('',#1098,(#1102,#1108),.PCURVE_S1.);
#1098 = LINE('',#1099,#1100);
#1099 = CARTESIAN_POINT('',(0.6,-9.95,24.25));
#1100 = VECTOR('',#1101,1.);
#1101 = DIRECTION('',(0.,-1.,0.));
#1102 = PCURVE('',#297,#1103);
#1103 = DEFINITIONAL_REPRESENTATION('',(#1104),#1107);
#1104 = B_SPLINE_CURVE_WITH_KNOTS('',1,(#1105,#1106),.UNSPECIFIED.,.F.,
  .F.,(2,2),(-19.9,0.),.PIECEWISE_BEZIER_KNOTS.);
#1105 = CARTESIAN_POINT('',(0.6,19.9));
#1106 = CARTESIAN_POINT('',(0.6,0.));
#1107 = ( GEOMETRIC_REPRESENTATION_CONTEXT(2) 
PARAMETRIC_REPRESENTATION_CONTEXT() REPRESENTATION_CONTEXT('2D SPACE',''
  ) );
#1108 = PCURVE('',#271,#1109);
#1109 = DEFINITIONAL_REPRESENTATION('',(#1110),#1113);
#1110 = B_SPLINE_CURVE_WITH_KNOTS('',1,(#1111,#1112),.UNSPECIFIED.,.F.,
  .F.,(2,2),(-19.9,0.),.PIECEWISE_BEZIER_KNOTS.);
#1111 = CARTESIAN_POINT('',(19.75,-19.9));
#1112 = CARTESIAN_POINT('',(19.75,0.));
#1113 = ( GEOMETRIC_REPRESENTATION_CONTEXT(2) 
PARAMETRIC_REPRESENTATION_CONTEXT() REPRESENTATION_CONTEXT('2D SPACE',''
  ) );
#1114 = ADVANCED_FACE('',(#1115),#271,.F.);
#1115 = FACE_BOUND('',#1116,.F.);
#1116 = EDGE_LOOP('',(#1117,#1118,#1119,#1120));
#1117 = ORIENTED_EDGE('',*,*,#256,.T.);
#1118 = ORIENTED_EDGE('',*,*,#1096,.F.);
#1119 = ORIENTED_EDGE('',*,*,#582,.F.);
#1120 = ORIENTED_EDGE('',*,*,#1121,.F.);
#1121 = EDGE_CURVE('',#231,#562,#1122,.T.);
#1122 = SURFACE_CURVE('',#1123,(#1127,#1134),.PCURVE_S1.);
#1123 = LINE('',#1124,#1125);
#1124 = CARTESIAN_POINT('',(0.6,-9.95,30.7));
#1125 = VECTOR('',#1126,1.);
#1126 = DIRECTION('',(0.,1.,0.));
#1127 = PCURVE('',#271,#1128);
#1128 = DEFINITIONAL_REPRESENTATION('',(#1129),#1133);
#1129 = LINE('',#1130,#1131);
#1130 = CARTESIAN_POINT('',(26.2,0.));
#1131 = VECTOR('',#1132,1.);
#1132 = DIRECTION('',(0.,-1.));
#1133 = ( GEOMETRIC_REPRESENTATION_CONTEXT(2) 
PARAMETRIC_REPRESENTATION_CONTEXT() REPRESENTATION_CONTEXT('2D SPACE',''
  ) );
#1134 = PCURVE('',#245,#1135);
#1135 = DEFINITIONAL_REPRESENTATION('',(#1136),#1140);
#1136 = LINE('',#1137,#1138);
#1137 = CARTESIAN_POINT('',(0.,-0.353553390593));
#1138 = VECTOR('',#1139,1.);
#1139 = DIRECTION('',(1.,0.));
#1140 = ( GEOMETRIC_REPRESENTATION_CONTEXT(2) 
PARAMETRIC_REPRESENTATION_CONTEXT() REPRESENTATION_CONTEXT('2D SPACE',''
  ) );
#1141 = ADVANCED_FACE('',(#1142),#245,.F.);
#1142 = FACE_BOUND('',#1143,.F.);
#1143 = EDGE_LOOP('',(#1144,#1167,#1168,#1169,#1170,#1193));
#1144 = ORIENTED_EDGE('',*,*,#1145,.F.);
#1145 = EDGE_CURVE('',#205,#1146,#1148,.T.);
#1146 = VERTEX_POINT('',#1147);
#1147 = CARTESIAN_POINT('',(1.1,-9.45,31.2));
#1148 = SURFACE_CURVE('',#1149,(#1153,#1160),.PCURVE_S1.);
#1149 = LINE('',#1150,#1151);
#1150 = CARTESIAN_POINT('',(0.766666666667,-9.783333333333,
    30.866666666667));
#1151 = VECTOR('',#1152,1.);
#1152 = DIRECTION('',(0.57735026919,0.57735026919,0.57735026919));
#1153 = PCURVE('',#245,#1154);
#1154 = DEFINITIONAL_REPRESENTATION('',(#1155),#1159);
#1155 = LINE('',#1156,#1157);
#1156 = CARTESIAN_POINT('',(0.166666666667,-0.117851130198));
#1157 = VECTOR('',#1158,1.);
#1158 = DIRECTION('',(0.57735026919,0.816496580928));
#1159 = ( GEOMETRIC_REPRESENTATION_CONTEXT(2) 
PARAMETRIC_REPRESENTATION_CONTEXT() REPRESENTATION_CONTEXT('2D SPACE',''
  ) );
#1160 = PCURVE('',#219,#1161);
#1161 = DEFINITIONAL_REPRESENTATION('',(#1162),#1166);
#1162 = LINE('',#1163,#1164);
#1163 = CARTESIAN_POINT('',(-0.166666666667,-0.117851130198));
#1164 = VECTOR('',#1165,1.);
#1165 = DIRECTION('',(-0.57735026919,0.816496580928));
#1166 = ( GEOMETRIC_REPRESENTATION_CONTEXT(2) 
PARAMETRIC_REPRESENTATION_CONTEXT() REPRESENTATION_CONTEXT('2D SPACE',''
  ) );
#1167 = ORIENTED_EDGE('',*,*,#230,.T.);
#1168 = ORIENTED_EDGE('',*,*,#1121,.T.);
#1169 = ORIENTED_EDGE('',*,*,#561,.F.);
#1170 = ORIENTED_EDGE('',*,*,#1171,.T.);
#1171 = EDGE_CURVE('',#536,#1172,#1174,.T.);
#1172 = VERTEX_POINT('',#1173);
#1173 = CARTESIAN_POINT('',(1.1,9.45,31.2));
#1174 = SURFACE_CURVE('',#1175,(#1179,#1186),.PCURVE_S1.);
#1175 = LINE('',#1176,#1177);
#1176 = CARTESIAN_POINT('',(4.083333333333,6.466666666667,
    34.183333333333));
#1177 = VECTOR('',#1178,1.);
#1178 = DIRECTION('',(0.57735026919,-0.57735026919,0.57735026919));
#1179 = PCURVE('',#245,#1180);
#1180 = DEFINITIONAL_REPRESENTATION('',(#1181),#1185);
#1181 = LINE('',#1182,#1183);
#1182 = CARTESIAN_POINT('',(16.416666666667,4.572623851673));
#1183 = VECTOR('',#1184,1.);
#1184 = DIRECTION('',(-0.57735026919,0.816496580928));
#1185 = ( GEOMETRIC_REPRESENTATION_CONTEXT(2) 
PARAMETRIC_REPRESENTATION_CONTEXT() REPRESENTATION_CONTEXT('2D SPACE',''
  ) );
#1186 = PCURVE('',#550,#1187);
#1187 = DEFINITIONAL_REPRESENTATION('',(#1188),#1192);
#1188 = LINE('',#1189,#1190);
#1189 = CARTESIAN_POINT('',(-3.483333333333,4.572623851673));
#1190 = VECTOR('',#1191,1.);
#1191 = DIRECTION('',(-0.57735026919,0.816496580928));
#1192 = ( GEOMETRIC_REPRESENTATION_CONTEXT(2) 
PARAMETRIC_REPRESENTATION_CONTEXT() REPRESENTATION_CONTEXT('2D SPACE',''
  ) );
#1193 = ORIENTED_EDGE('',*,*,#1194,.F.);
#1194 = EDGE_CURVE('',#1146,#1172,#1195,.T.);
#1195 = SURFACE_CURVE('',#1196,(#1200,#1207),.PCURVE_S1.);
#1196 = LINE('',#1197,#1198);
#1197 = CARTESIAN_POINT('',(1.1,-9.95,31.2));
#1198 = VECTOR('',#1199,1.);
#1199 = DIRECTION('',(0.,1.,0.));
#1200 = PCURVE('',#245,#1201);
#1201 = DEFINITIONAL_REPRESENTATION('',(#1202),#1206);
#1202 = LINE('',#1203,#1204);
#1203 = CARTESIAN_POINT('',(0.,0.353553390593));
#1204 = VECTOR('',#1205,1.);
#1205 = DIRECTION('',(1.,0.));
#1206 = ( GEOMETRIC_REPRESENTATION_CONTEXT(2) 
PARAMETRIC_REPRESENTATION_CONTEXT() REPRESENTATION_CONTEXT('2D SPACE',''
  ) );
#1207 = PCURVE('',#1208,#1213);
#1208 = PLANE('',#1209);
#1209 = AXIS2_PLACEMENT_3D('',#1210,#1211,#1212);
#1210 = CARTESIAN_POINT('',(0.6,-9.95,31.2));
#1211 = DIRECTION('',(0.,0.,1.));
#1212 = DIRECTION('',(1.,0.,0.));
#1213 = DEFINITIONAL_REPRESENTATION('',(#1214),#1218);
#1214 = LINE('',#1215,#1216);
#1215 = CARTESIAN_POINT('',(0.5,0.));
#1216 = VECTOR('',#1217,1.);
#1217 = DIRECTION('',(0.,1.));
#1218 = ( GEOMETRIC_REPRESENTATION_CONTEXT(2) 
PARAMETRIC_REPRESENTATION_CONTEXT() REPRESENTATION_CONTEXT('2D SPACE',''
  ) );
#1219 = ADVANCED_FACE('',(#1220),#219,.F.);
#1220 = FACE_BOUND('',#1221,.T.);
#1221 = EDGE_LOOP('',(#1222,#1223,#1224,#1247,#1275));
#1222 = ORIENTED_EDGE('',*,*,#1145,.F.);
#1223 = ORIENTED_EDGE('',*,*,#204,.T.);
#1224 = ORIENTED_EDGE('',*,*,#1225,.T.);
#1225 = EDGE_CURVE('',#179,#1226,#1228,.T.);
#1226 = VERTEX_POINT('',#1227);
#1227 = CARTESIAN_POINT('',(28.,-9.95,30.7));
#1228 = SURFACE_CURVE('',#1229,(#1233,#1240),.PCURVE_S1.);
#1229 = LINE('',#1230,#1231);
#1230 = CARTESIAN_POINT('',(0.6,-9.95,30.7));
#1231 = VECTOR('',#1232,1.);
#1232 = DIRECTION('',(1.,0.,0.));
#1233 = PCURVE('',#219,#1234);
#1234 = DEFINITIONAL_REPRESENTATION('',(#1235),#1239);
#1235 = LINE('',#1236,#1237);
#1236 = CARTESIAN_POINT('',(-0.,-0.353553390593));
#1237 = VECTOR('',#1238,1.);
#1238 = DIRECTION('',(-1.,0.));
#1239 = ( GEOMETRIC_REPRESENTATION_CONTEXT(2) 
PARAMETRIC_REPRESENTATION_CONTEXT() REPRESENTATION_CONTEXT('2D SPACE',''
  ) );
#1240 = PCURVE('',#193,#1241);
#1241 = DEFINITIONAL_REPRESENTATION('',(#1242),#1246);
#1242 = LINE('',#1243,#1244);
#1243 = CARTESIAN_POINT('',(26.2,0.));
#1244 = VECTOR('',#1245,1.);
#1245 = DIRECTION('',(0.,1.));
#1246 = ( GEOMETRIC_REPRESENTATION_CONTEXT(2) 
PARAMETRIC_REPRESENTATION_CONTEXT() REPRESENTATION_CONTEXT('2D SPACE',''
  ) );
#1247 = ORIENTED_EDGE('',*,*,#1248,.T.);
#1248 = EDGE_CURVE('',#1226,#1249,#1251,.T.);
#1249 = VERTEX_POINT('',#1250);
#1250 = CARTESIAN_POINT('',(27.5,-9.45,31.2));
#1251 = SURFACE_CURVE('',#1252,(#1256,#1263),.PCURVE_S1.);
#1252 = LINE('',#1253,#1254);
#1253 = CARTESIAN_POINT('',(23.266666666667,-5.216666666667,
    35.433333333333));
#1254 = VECTOR('',#1255,1.);
#1255 = DIRECTION('',(-0.57735026919,0.57735026919,0.57735026919));
#1256 = PCURVE('',#219,#1257);
#1257 = DEFINITIONAL_REPRESENTATION('',(#1258),#1262);
#1258 = LINE('',#1259,#1260);
#1259 = CARTESIAN_POINT('',(-22.66666666666,6.340390804639));
#1260 = VECTOR('',#1261,1.);
#1261 = DIRECTION('',(0.57735026919,0.816496580928));
#1262 = ( GEOMETRIC_REPRESENTATION_CONTEXT(2) 
PARAMETRIC_REPRESENTATION_CONTEXT() REPRESENTATION_CONTEXT('2D SPACE',''
  ) );
#1263 = PCURVE('',#1264,#1269);
#1264 = PLANE('',#1265);
#1265 = AXIS2_PLACEMENT_3D('',#1266,#1267,#1268);
#1266 = CARTESIAN_POINT('',(27.75,-9.95,30.95));
#1267 = DIRECTION('',(0.707106781187,0.,0.707106781187));
#1268 = DIRECTION('',(-0.,1.,0.));
#1269 = DEFINITIONAL_REPRESENTATION('',(#1270),#1274);
#1270 = LINE('',#1271,#1272);
#1271 = CARTESIAN_POINT('',(4.733333333333,6.340390804639));
#1272 = VECTOR('',#1273,1.);
#1273 = DIRECTION('',(0.57735026919,0.816496580928));
#1274 = ( GEOMETRIC_REPRESENTATION_CONTEXT(2) 
PARAMETRIC_REPRESENTATION_CONTEXT() REPRESENTATION_CONTEXT('2D SPACE',''
  ) );
#1275 = ORIENTED_EDGE('',*,*,#1276,.F.);
#1276 = EDGE_CURVE('',#1146,#1249,#1277,.T.);
#1277 = SURFACE_CURVE('',#1278,(#1282,#1289),.PCURVE_S1.);
#1278 = LINE('',#1279,#1280);
#1279 = CARTESIAN_POINT('',(0.6,-9.45,31.2));
#1280 = VECTOR('',#1281,1.);
#1281 = DIRECTION('',(1.,0.,0.));
#1282 = PCURVE('',#219,#1283);
#1283 = DEFINITIONAL_REPRESENTATION('',(#1284),#1288);
#1284 = LINE('',#1285,#1286);
#1285 = CARTESIAN_POINT('',(-0.,0.353553390593));
#1286 = VECTOR('',#1287,1.);
#1287 = DIRECTION('',(-1.,0.));
#1288 = ( GEOMETRIC_REPRESENTATION_CONTEXT(2) 
PARAMETRIC_REPRESENTATION_CONTEXT() REPRESENTATION_CONTEXT('2D SPACE',''
  ) );
#1289 = PCURVE('',#1208,#1290);
#1290 = DEFINITIONAL_REPRESENTATION('',(#1291),#1295);
#1291 = LINE('',#1292,#1293);
#1292 = CARTESIAN_POINT('',(0.,0.5));
#1293 = VECTOR('',#1294,1.);
#1294 = DIRECTION('',(1.,0.));
#1295 = ( GEOMETRIC_REPRESENTATION_CONTEXT(2) 
PARAMETRIC_REPRESENTATION_CONTEXT() REPRESENTATION_CONTEXT('2D SPACE',''
  ) );
#1296 = ADVANCED_FACE('',(#1297,#1323),#193,.F.);
#1297 = FACE_BOUND('',#1298,.F.);
#1298 = EDGE_LOOP('',(#1299,#1300,#1301,#1322));
#1299 = ORIENTED_EDGE('',*,*,#178,.T.);
#1300 = ORIENTED_EDGE('',*,*,#1225,.T.);
#1301 = ORIENTED_EDGE('',*,*,#1302,.F.);
#1302 = EDGE_CURVE('',#757,#1226,#1303,.T.);
#1303 = SURFACE_CURVE('',#1304,(#1308,#1315),.PCURVE_S1.);
#1304 = LINE('',#1305,#1306);
#1305 = CARTESIAN_POINT('',(28.,-9.95,4.5));
#1306 = VECTOR('',#1307,1.);
#1307 = DIRECTION('',(0.,0.,1.));
#1308 = PCURVE('',#193,#1309);
#1309 = DEFINITIONAL_REPRESENTATION('',(#1310),#1314);
#1310 = LINE('',#1311,#1312);
#1311 = CARTESIAN_POINT('',(0.,27.4));
#1312 = VECTOR('',#1313,1.);
#1313 = DIRECTION('',(1.,0.));
#1314 = ( GEOMETRIC_REPRESENTATION_CONTEXT(2) 
PARAMETRIC_REPRESENTATION_CONTEXT() REPRESENTATION_CONTEXT('2D SPACE',''
  ) );
#1315 = PCURVE('',#795,#1316);
#1316 = DEFINITIONAL_REPRESENTATION('',(#1317),#1321);
#1317 = LINE('',#1318,#1319);
#1318 = CARTESIAN_POINT('',(0.,0.));
#1319 = VECTOR('',#1320,1.);
#1320 = DIRECTION('',(1.,0.));
#1321 = ( GEOMETRIC_REPRESENTATION_CONTEXT(2) 
PARAMETRIC_REPRESENTATION_CONTEXT() REPRESENTATION_CONTEXT('2D SPACE',''
  ) );
#1322 = ORIENTED_EDGE('',*,*,#756,.F.);
#1323 = FACE_BOUND('',#1324,.F.);
#1324 = EDGE_LOOP('',(#1325));
#1325 = ORIENTED_EDGE('',*,*,#1326,.T.);
#1326 = EDGE_CURVE('',#1327,#1327,#1329,.T.);
#1327 = VERTEX_POINT('',#1328);
#1328 = CARTESIAN_POINT('',(19.05,-9.95,8.85));
#1329 = SURFACE_CURVE('',#1330,(#1335,#1346),.PCURVE_S1.);
#1330 = CIRCLE('',#1331,1.05);
#1331 = AXIS2_PLACEMENT_3D('',#1332,#1333,#1334);
#1332 = CARTESIAN_POINT('',(18.,-9.95,8.85));
#1333 = DIRECTION('',(0.,-1.,0.));
#1334 = DIRECTION('',(1.,0.,0.));
#1335 = PCURVE('',#193,#1336);
#1336 = DEFINITIONAL_REPRESENTATION('',(#1337),#1345);
#1337 = ( BOUNDED_CURVE() B_SPLINE_CURVE(2,(#1338,#1339,#1340,#1341,
#1342,#1343,#1344),.UNSPECIFIED.,.T.,.F.) B_SPLINE_CURVE_WITH_KNOTS((1,2
    ,2,2,2,1),(-2.094395102393,0.,2.094395102393,4.188790204786,
6.28318530718,8.377580409573),.UNSPECIFIED.) CURVE() 
GEOMETRIC_REPRESENTATION_ITEM() RATIONAL_B_SPLINE_CURVE((1.,0.5,1.,0.5,
1.,0.5,1.)) REPRESENTATION_ITEM('') );
#1338 = CARTESIAN_POINT('',(4.35,18.45));
#1339 = CARTESIAN_POINT('',(6.168653347947,18.45));
#1340 = CARTESIAN_POINT('',(5.259326673974,16.875));
#1341 = CARTESIAN_POINT('',(4.35,15.3));
#1342 = CARTESIAN_POINT('',(3.440673326026,16.875));
#1343 = CARTESIAN_POINT('',(2.531346652053,18.45));
#1344 = CARTESIAN_POINT('',(4.35,18.45));
#1345 = ( GEOMETRIC_REPRESENTATION_CONTEXT(2) 
PARAMETRIC_REPRESENTATION_CONTEXT() REPRESENTATION_CONTEXT('2D SPACE',''
  ) );
#1346 = PCURVE('',#1347,#1352);
#1347 = CYLINDRICAL_SURFACE('',#1348,1.05);
#1348 = AXIS2_PLACEMENT_3D('',#1349,#1350,#1351);
#1349 = CARTESIAN_POINT('',(18.,-10.95,8.85));
#1350 = DIRECTION('',(0.,-1.,0.));
#1351 = DIRECTION('',(1.,0.,0.));
#1352 = DEFINITIONAL_REPRESENTATION('',(#1353),#1357);
#1353 = LINE('',#1354,#1355);
#1354 = CARTESIAN_POINT('',(0.,-1.));
#1355 = VECTOR('',#1356,1.);
#1356 = DIRECTION('',(1.,0.));
#1357 = ( GEOMETRIC_REPRESENTATION_CONTEXT(2) 
PARAMETRIC_REPRESENTATION_CONTEXT() REPRESENTATION_CONTEXT('2D SPACE',''
  ) );
#1358 = ADVANCED_FACE('',(#1359),#550,.T.);
#1359 = FACE_BOUND('',#1360,.F.);
#1360 = EDGE_LOOP('',(#1361,#1362,#1363,#1386,#1409));
#1361 = ORIENTED_EDGE('',*,*,#1171,.F.);
#1362 = ORIENTED_EDGE('',*,*,#535,.F.);
#1363 = ORIENTED_EDGE('',*,*,#1364,.T.);
#1364 = EDGE_CURVE('',#510,#1365,#1367,.T.);
#1365 = VERTEX_POINT('',#1366);
#1366 = CARTESIAN_POINT('',(28.,9.95,30.7));
#1367 = SURFACE_CURVE('',#1368,(#1372,#1379),.PCURVE_S1.);
#1368 = LINE('',#1369,#1370);
#1369 = CARTESIAN_POINT('',(0.6,9.95,30.7));
#1370 = VECTOR('',#1371,1.);
#1371 = DIRECTION('',(1.,0.,0.));
#1372 = PCURVE('',#550,#1373);
#1373 = DEFINITIONAL_REPRESENTATION('',(#1374),#1378);
#1374 = LINE('',#1375,#1376);
#1375 = CARTESIAN_POINT('',(-0.,-0.353553390593));
#1376 = VECTOR('',#1377,1.);
#1377 = DIRECTION('',(-1.,0.));
#1378 = ( GEOMETRIC_REPRESENTATION_CONTEXT(2) 
PARAMETRIC_REPRESENTATION_CONTEXT() REPRESENTATION_CONTEXT('2D SPACE',''
  ) );
#1379 = PCURVE('',#524,#1380);
#1380 = DEFINITIONAL_REPRESENTATION('',(#1381),#1385);
#1381 = LINE('',#1382,#1383);
#1382 = CARTESIAN_POINT('',(26.2,0.));
#1383 = VECTOR('',#1384,1.);
#1384 = DIRECTION('',(0.,1.));
#1385 = ( GEOMETRIC_REPRESENTATION_CONTEXT(2) 
PARAMETRIC_REPRESENTATION_CONTEXT() REPRESENTATION_CONTEXT('2D SPACE',''
  ) );
#1386 = ORIENTED_EDGE('',*,*,#1387,.T.);
#1387 = EDGE_CURVE('',#1365,#1388,#1390,.T.);
#1388 = VERTEX_POINT('',#1389);
#1389 = CARTESIAN_POINT('',(27.5,9.45,31.2));
#1390 = SURFACE_CURVE('',#1391,(#1395,#1402),.PCURVE_S1.);
#1391 = LINE('',#1392,#1393);
#1392 = CARTESIAN_POINT('',(19.95,1.9,38.75));
#1393 = VECTOR('',#1394,1.);
#1394 = DIRECTION('',(-0.57735026919,-0.57735026919,0.57735026919));
#1395 = PCURVE('',#550,#1396);
#1396 = DEFINITIONAL_REPRESENTATION('',(#1397),#1401);
#1397 = LINE('',#1398,#1399);
#1398 = CARTESIAN_POINT('',(-19.35,11.03086578651));
#1399 = VECTOR('',#1400,1.);
#1400 = DIRECTION('',(0.57735026919,0.816496580928));
#1401 = ( GEOMETRIC_REPRESENTATION_CONTEXT(2) 
PARAMETRIC_REPRESENTATION_CONTEXT() REPRESENTATION_CONTEXT('2D SPACE',''
  ) );
#1402 = PCURVE('',#1264,#1403);
#1403 = DEFINITIONAL_REPRESENTATION('',(#1404),#1408);
#1404 = LINE('',#1405,#1406);
#1405 = CARTESIAN_POINT('',(11.85,11.03086578651));
#1406 = VECTOR('',#1407,1.);
#1407 = DIRECTION('',(-0.57735026919,0.816496580928));
#1408 = ( GEOMETRIC_REPRESENTATION_CONTEXT(2) 
PARAMETRIC_REPRESENTATION_CONTEXT() REPRESENTATION_CONTEXT('2D SPACE',''
  ) );
#1409 = ORIENTED_EDGE('',*,*,#1410,.F.);
#1410 = EDGE_CURVE('',#1172,#1388,#1411,.T.);
#1411 = SURFACE_CURVE('',#1412,(#1416,#1423),.PCURVE_S1.);
#1412 = LINE('',#1413,#1414);
#1413 = CARTESIAN_POINT('',(0.6,9.45,31.2));
#1414 = VECTOR('',#1415,1.);
#1415 = DIRECTION('',(1.,0.,0.));
#1416 = PCURVE('',#550,#1417);
#1417 = DEFINITIONAL_REPRESENTATION('',(#1418),#1422);
#1418 = LINE('',#1419,#1420);
#1419 = CARTESIAN_POINT('',(-0.,0.353553390593));
#1420 = VECTOR('',#1421,1.);
#1421 = DIRECTION('',(-1.,0.));
#1422 = ( GEOMETRIC_REPRESENTATION_CONTEXT(2) 
PARAMETRIC_REPRESENTATION_CONTEXT() REPRESENTATION_CONTEXT('2D SPACE',''
  ) );
#1423 = PCURVE('',#1208,#1424);
#1424 = DEFINITIONAL_REPRESENTATION('',(#1425),#1429);
#1425 = LINE('',#1426,#1427);
#1426 = CARTESIAN_POINT('',(0.,19.4));
#1427 = VECTOR('',#1428,1.);
#1428 = DIRECTION('',(1.,0.));
#1429 = ( GEOMETRIC_REPRESENTATION_CONTEXT(2) 
PARAMETRIC_REPRESENTATION_CONTEXT() REPRESENTATION_CONTEXT('2D SPACE',''
  ) );
#1430 = ADVANCED_FACE('',(#1431,#1457),#524,.T.);
#1431 = FACE_BOUND('',#1432,.T.);
#1432 = EDGE_LOOP('',(#1433,#1434,#1435,#1456));
#1433 = ORIENTED_EDGE('',*,*,#509,.F.);
#1434 = ORIENTED_EDGE('',*,*,#1364,.T.);
#1435 = ORIENTED_EDGE('',*,*,#1436,.F.);
#1436 = EDGE_CURVE('',#731,#1365,#1437,.T.);
#1437 = SURFACE_CURVE('',#1438,(#1442,#1449),.PCURVE_S1.);
#1438 = LINE('',#1439,#1440);
#1439 = CARTESIAN_POINT('',(28.,9.95,4.5));
#1440 = VECTOR('',#1441,1.);
#1441 = DIRECTION('',(0.,0.,1.));
#1442 = PCURVE('',#524,#1443);
#1443 = DEFINITIONAL_REPRESENTATION('',(#1444),#1448);
#1444 = LINE('',#1445,#1446);
#1445 = CARTESIAN_POINT('',(0.,27.4));
#1446 = VECTOR('',#1447,1.);
#1447 = DIRECTION('',(1.,0.));
#1448 = ( GEOMETRIC_REPRESENTATION_CONTEXT(2) 
PARAMETRIC_REPRESENTATION_CONTEXT() REPRESENTATION_CONTEXT('2D SPACE',''
  ) );
#1449 = PCURVE('',#795,#1450);
#1450 = DEFINITIONAL_REPRESENTATION('',(#1451),#1455);
#1451 = LINE('',#1452,#1453);
#1452 = CARTESIAN_POINT('',(0.,-19.9));
#1453 = VECTOR('',#1454,1.);
#1454 = DIRECTION('',(1.,0.));
#1455 = ( GEOMETRIC_REPRESENTATION_CONTEXT(2) 
PARAMETRIC_REPRESENTATION_CONTEXT() REPRESENTATION_CONTEXT('2D SPACE',''
  ) );
#1456 = ORIENTED_EDGE('',*,*,#730,.F.);
#1457 = FACE_BOUND('',#1458,.T.);
#1458 = EDGE_LOOP('',(#1459));
#1459 = ORIENTED_EDGE('',*,*,#1460,.T.);
#1460 = EDGE_CURVE('',#1461,#1461,#1463,.T.);
#1461 = VERTEX_POINT('',#1462);
#1462 = CARTESIAN_POINT('',(19.05,9.95,8.85));
#1463 = SURFACE_CURVE('',#1464,(#1469,#1480),.PCURVE_S1.);
#1464 = CIRCLE('',#1465,1.05);
#1465 = AXIS2_PLACEMENT_3D('',#1466,#1467,#1468);
#1466 = CARTESIAN_POINT('',(18.,9.95,8.85));
#1467 = DIRECTION('',(0.,-1.,0.));
#1468 = DIRECTION('',(1.,0.,0.));
#1469 = PCURVE('',#524,#1470);
#1470 = DEFINITIONAL_REPRESENTATION('',(#1471),#1479);
#1471 = ( BOUNDED_CURVE() B_SPLINE_CURVE(2,(#1472,#1473,#1474,#1475,
#1476,#1477,#1478),.UNSPECIFIED.,.T.,.F.) B_SPLINE_CURVE_WITH_KNOTS((1,2
    ,2,2,2,1),(-2.094395102393,0.,2.094395102393,4.188790204786,
6.28318530718,8.377580409573),.UNSPECIFIED.) CURVE() 
GEOMETRIC_REPRESENTATION_ITEM() RATIONAL_B_SPLINE_CURVE((1.,0.5,1.,0.5,
1.,0.5,1.)) REPRESENTATION_ITEM('') );
#1472 = CARTESIAN_POINT('',(4.35,18.45));
#1473 = CARTESIAN_POINT('',(6.168653347947,18.45));
#1474 = CARTESIAN_POINT('',(5.259326673974,16.875));
#1475 = CARTESIAN_POINT('',(4.35,15.3));
#1476 = CARTESIAN_POINT('',(3.440673326026,16.875));
#1477 = CARTESIAN_POINT('',(2.531346652053,18.45));
#1478 = CARTESIAN_POINT('',(4.35,18.45));
#1479 = ( GEOMETRIC_REPRESENTATION_CONTEXT(2) 
PARAMETRIC_REPRESENTATION_CONTEXT() REPRESENTATION_CONTEXT('2D SPACE',''
  ) );
#1480 = PCURVE('',#1481,#1486);
#1481 = CYLINDRICAL_SURFACE('',#1482,1.05);
#1482 = AXIS2_PLACEMENT_3D('',#1483,#1484,#1485);
#1483 = CARTESIAN_POINT('',(18.,-10.95,8.85));
#1484 = DIRECTION('',(0.,-1.,0.));
#1485 = DIRECTION('',(1.,0.,0.));
#1486 = DEFINITIONAL_REPRESENTATION('',(#1487),#1491);
#1487 = LINE('',#1488,#1489);
#1488 = CARTESIAN_POINT('',(0.,-20.9));
#1489 = VECTOR('',#1490,1.);
#1490 = DIRECTION('',(1.,0.));
#1491 = ( GEOMETRIC_REPRESENTATION_CONTEXT(2) 
PARAMETRIC_REPRESENTATION_CONTEXT() REPRESENTATION_CONTEXT('2D SPACE',''
  ) );
#1492 = ADVANCED_FACE('',(#1493),#795,.T.);
#1493 = FACE_BOUND('',#1494,.T.);
#1494 = EDGE_LOOP('',(#1495,#1516,#1517,#1518,#1541,#1569,#1590,#1591));
#1495 = ORIENTED_EDGE('',*,*,#1496,.F.);
#1496 = EDGE_CURVE('',#1226,#1365,#1497,.T.);
#1497 = SURFACE_CURVE('',#1498,(#1502,#1509),.PCURVE_S1.);
#1498 = LINE('',#1499,#1500);
#1499 = CARTESIAN_POINT('',(28.,-9.95,30.7));
#1500 = VECTOR('',#1501,1.);
#1501 = DIRECTION('',(0.,1.,0.));
#1502 = PCURVE('',#795,#1503);
#1503 = DEFINITIONAL_REPRESENTATION('',(#1504),#1508);
#1504 = LINE('',#1505,#1506);
#1505 = CARTESIAN_POINT('',(26.2,0.));
#1506 = VECTOR('',#1507,1.);
#1507 = DIRECTION('',(0.,-1.));
#1508 = ( GEOMETRIC_REPRESENTATION_CONTEXT(2) 
PARAMETRIC_REPRESENTATION_CONTEXT() REPRESENTATION_CONTEXT('2D SPACE',''
  ) );
#1509 = PCURVE('',#1264,#1510);
#1510 = DEFINITIONAL_REPRESENTATION('',(#1511),#1515);
#1511 = LINE('',#1512,#1513);
#1512 = CARTESIAN_POINT('',(0.,-0.353553390593));
#1513 = VECTOR('',#1514,1.);
#1514 = DIRECTION('',(1.,0.));
#1515 = ( GEOMETRIC_REPRESENTATION_CONTEXT(2) 
PARAMETRIC_REPRESENTATION_CONTEXT() REPRESENTATION_CONTEXT('2D SPACE',''
  ) );
#1516 = ORIENTED_EDGE('',*,*,#1302,.F.);
#1517 = ORIENTED_EDGE('',*,*,#779,.T.);
#1518 = ORIENTED_EDGE('',*,*,#1519,.F.);
#1519 = EDGE_CURVE('',#1520,#780,#1522,.T.);
#1520 = VERTEX_POINT('',#1521);
#1521 = CARTESIAN_POINT('',(28.,-7.2,0.3));
#1522 = SURFACE_CURVE('',#1523,(#1527,#1534),.PCURVE_S1.);
#1523 = LINE('',#1524,#1525);
#1524 = CARTESIAN_POINT('',(28.,-7.2,0.3));
#1525 = VECTOR('',#1526,1.);
#1526 = DIRECTION('',(0.,0.,1.));
#1527 = PCURVE('',#795,#1528);
#1528 = DEFINITIONAL_REPRESENTATION('',(#1529),#1533);
#1529 = LINE('',#1530,#1531);
#1530 = CARTESIAN_POINT('',(-4.2,-2.75));
#1531 = VECTOR('',#1532,1.);
#1532 = DIRECTION('',(1.,0.));
#1533 = ( GEOMETRIC_REPRESENTATION_CONTEXT(2) 
PARAMETRIC_REPRESENTATION_CONTEXT() REPRESENTATION_CONTEXT('2D SPACE',''
  ) );
#1534 = PCURVE('',#822,#1535);
#1535 = DEFINITIONAL_REPRESENTATION('',(#1536),#1540);
#1536 = LINE('',#1537,#1538);
#1537 = CARTESIAN_POINT('',(0.,18.4));
#1538 = VECTOR('',#1539,1.);
#1539 = DIRECTION('',(1.,0.));
#1540 = ( GEOMETRIC_REPRESENTATION_CONTEXT(2) 
PARAMETRIC_REPRESENTATION_CONTEXT() REPRESENTATION_CONTEXT('2D SPACE',''
  ) );
#1541 = ORIENTED_EDGE('',*,*,#1542,.T.);
#1542 = EDGE_CURVE('',#1520,#1543,#1545,.T.);
#1543 = VERTEX_POINT('',#1544);
#1544 = CARTESIAN_POINT('',(28.,7.2,0.3));
#1545 = SURFACE_CURVE('',#1546,(#1550,#1557),.PCURVE_S1.);
#1546 = LINE('',#1547,#1548);
#1547 = CARTESIAN_POINT('',(28.,-7.2,0.3));
#1548 = VECTOR('',#1549,1.);
#1549 = DIRECTION('',(0.,1.,0.));
#1550 = PCURVE('',#795,#1551);
#1551 = DEFINITIONAL_REPRESENTATION('',(#1552),#1556);
#1552 = LINE('',#1553,#1554);
#1553 = CARTESIAN_POINT('',(-4.2,-2.75));
#1554 = VECTOR('',#1555,1.);
#1555 = DIRECTION('',(0.,-1.));
#1556 = ( GEOMETRIC_REPRESENTATION_CONTEXT(2) 
PARAMETRIC_REPRESENTATION_CONTEXT() REPRESENTATION_CONTEXT('2D SPACE',''
  ) );
#1557 = PCURVE('',#1558,#1563);
#1558 = PLANE('',#1559);
#1559 = AXIS2_PLACEMENT_3D('',#1560,#1561,#1562);
#1560 = CARTESIAN_POINT('',(9.6,-7.2,0.3));
#1561 = DIRECTION('',(0.,0.,1.));
#1562 = DIRECTION('',(1.,0.,0.));
#1563 = DEFINITIONAL_REPRESENTATION('',(#1564),#1568);
#1564 = LINE('',#1565,#1566);
#1565 = CARTESIAN_POINT('',(18.4,0.));
#1566 = VECTOR('',#1567,1.);
#1567 = DIRECTION('',(0.,1.));
#1568 = ( GEOMETRIC_REPRESENTATION_CONTEXT(2) 
PARAMETRIC_REPRESENTATION_CONTEXT() REPRESENTATION_CONTEXT('2D SPACE',''
  ) );
#1569 = ORIENTED_EDGE('',*,*,#1570,.T.);
#1570 = EDGE_CURVE('',#1543,#913,#1571,.T.);
#1571 = SURFACE_CURVE('',#1572,(#1576,#1583),.PCURVE_S1.);
#1572 = LINE('',#1573,#1574);
#1573 = CARTESIAN_POINT('',(28.,7.2,0.3));
#1574 = VECTOR('',#1575,1.);
#1575 = DIRECTION('',(0.,0.,1.));
#1576 = PCURVE('',#795,#1577);
#1577 = DEFINITIONAL_REPRESENTATION('',(#1578),#1582);
#1578 = LINE('',#1579,#1580);
#1579 = CARTESIAN_POINT('',(-4.2,-17.15));
#1580 = VECTOR('',#1581,1.);
#1581 = DIRECTION('',(1.,0.));
#1582 = ( GEOMETRIC_REPRESENTATION_CONTEXT(2) 
PARAMETRIC_REPRESENTATION_CONTEXT() REPRESENTATION_CONTEXT('2D SPACE',''
  ) );
#1583 = PCURVE('',#927,#1584);
#1584 = DEFINITIONAL_REPRESENTATION('',(#1585),#1589);
#1585 = LINE('',#1586,#1587);
#1586 = CARTESIAN_POINT('',(0.,18.4));
#1587 = VECTOR('',#1588,1.);
#1588 = DIRECTION('',(1.,0.));
#1589 = ( GEOMETRIC_REPRESENTATION_CONTEXT(2) 
PARAMETRIC_REPRESENTATION_CONTEXT() REPRESENTATION_CONTEXT('2D SPACE',''
  ) );
#1590 = ORIENTED_EDGE('',*,*,#938,.T.);
#1591 = ORIENTED_EDGE('',*,*,#1436,.T.);
#1592 = ADVANCED_FACE('',(#1593),#927,.T.);
#1593 = FACE_BOUND('',#1594,.T.);
#1594 = EDGE_LOOP('',(#1595,#1596,#1619,#1640));
#1595 = ORIENTED_EDGE('',*,*,#1570,.F.);
#1596 = ORIENTED_EDGE('',*,*,#1597,.F.);
#1597 = EDGE_CURVE('',#1598,#1543,#1600,.T.);
#1598 = VERTEX_POINT('',#1599);
#1599 = CARTESIAN_POINT('',(9.6,7.2,0.3));
#1600 = SURFACE_CURVE('',#1601,(#1605,#1612),.PCURVE_S1.);
#1601 = LINE('',#1602,#1603);
#1602 = CARTESIAN_POINT('',(9.6,7.2,0.3));
#1603 = VECTOR('',#1604,1.);
#1604 = DIRECTION('',(1.,0.,0.));
#1605 = PCURVE('',#927,#1606);
#1606 = DEFINITIONAL_REPRESENTATION('',(#1607),#1611);
#1607 = LINE('',#1608,#1609);
#1608 = CARTESIAN_POINT('',(0.,0.));
#1609 = VECTOR('',#1610,1.);
#1610 = DIRECTION('',(0.,1.));
#1611 = ( GEOMETRIC_REPRESENTATION_CONTEXT(2) 
PARAMETRIC_REPRESENTATION_CONTEXT() REPRESENTATION_CONTEXT('2D SPACE',''
  ) );
#1612 = PCURVE('',#1558,#1613);
#1613 = DEFINITIONAL_REPRESENTATION('',(#1614),#1618);
#1614 = LINE('',#1615,#1616);
#1615 = CARTESIAN_POINT('',(0.,14.4));
#1616 = VECTOR('',#1617,1.);
#1617 = DIRECTION('',(1.,0.));
#1618 = ( GEOMETRIC_REPRESENTATION_CONTEXT(2) 
PARAMETRIC_REPRESENTATION_CONTEXT() REPRESENTATION_CONTEXT('2D SPACE',''
  ) );
#1619 = ORIENTED_EDGE('',*,*,#1620,.T.);
#1620 = EDGE_CURVE('',#1598,#887,#1621,.T.);
#1621 = SURFACE_CURVE('',#1622,(#1626,#1633),.PCURVE_S1.);
#1622 = LINE('',#1623,#1624);
#1623 = CARTESIAN_POINT('',(9.6,7.2,0.3));
#1624 = VECTOR('',#1625,1.);
#1625 = DIRECTION('',(0.,0.,1.));
#1626 = PCURVE('',#927,#1627);
#1627 = DEFINITIONAL_REPRESENTATION('',(#1628),#1632);
#1628 = LINE('',#1629,#1630);
#1629 = CARTESIAN_POINT('',(0.,0.));
#1630 = VECTOR('',#1631,1.);
#1631 = DIRECTION('',(1.,0.));
#1632 = ( GEOMETRIC_REPRESENTATION_CONTEXT(2) 
PARAMETRIC_REPRESENTATION_CONTEXT() REPRESENTATION_CONTEXT('2D SPACE',''
  ) );
#1633 = PCURVE('',#901,#1634);
#1634 = DEFINITIONAL_REPRESENTATION('',(#1635),#1639);
#1635 = LINE('',#1636,#1637);
#1636 = CARTESIAN_POINT('',(0.,-14.4));
#1637 = VECTOR('',#1638,1.);
#1638 = DIRECTION('',(1.,0.));
#1639 = ( GEOMETRIC_REPRESENTATION_CONTEXT(2) 
PARAMETRIC_REPRESENTATION_CONTEXT() REPRESENTATION_CONTEXT('2D SPACE',''
  ) );
#1640 = ORIENTED_EDGE('',*,*,#912,.F.);
#1641 = ADVANCED_FACE('',(#1642),#848,.F.);
#1642 = FACE_BOUND('',#1643,.F.);
#1643 = EDGE_LOOP('',(#1644,#1667,#1690,#1716));
#1644 = ORIENTED_EDGE('',*,*,#1645,.F.);
#1645 = EDGE_CURVE('',#1646,#808,#1648,.T.);
#1646 = VERTEX_POINT('',#1647);
#1647 = CARTESIAN_POINT('',(9.6,-7.2,0.3));
#1648 = SURFACE_CURVE('',#1649,(#1653,#1660),.PCURVE_S1.);
#1649 = LINE('',#1650,#1651);
#1650 = CARTESIAN_POINT('',(9.6,-7.2,0.3));
#1651 = VECTOR('',#1652,1.);
#1652 = DIRECTION('',(0.,0.,1.));
#1653 = PCURVE('',#848,#1654);
#1654 = DEFINITIONAL_REPRESENTATION('',(#1655),#1659);
#1655 = LINE('',#1656,#1657);
#1656 = CARTESIAN_POINT('',(0.,0.));
#1657 = VECTOR('',#1658,1.);
#1658 = DIRECTION('',(1.,0.));
#1659 = ( GEOMETRIC_REPRESENTATION_CONTEXT(2) 
PARAMETRIC_REPRESENTATION_CONTEXT() REPRESENTATION_CONTEXT('2D SPACE',''
  ) );
#1660 = PCURVE('',#822,#1661);
#1661 = DEFINITIONAL_REPRESENTATION('',(#1662),#1666);
#1662 = LINE('',#1663,#1664);
#1663 = CARTESIAN_POINT('',(0.,0.));
#1664 = VECTOR('',#1665,1.);
#1665 = DIRECTION('',(1.,0.));
#1666 = ( GEOMETRIC_REPRESENTATION_CONTEXT(2) 
PARAMETRIC_REPRESENTATION_CONTEXT() REPRESENTATION_CONTEXT('2D SPACE',''
  ) );
#1667 = ORIENTED_EDGE('',*,*,#1668,.T.);
#1668 = EDGE_CURVE('',#1646,#1669,#1671,.T.);
#1669 = VERTEX_POINT('',#1670);
#1670 = CARTESIAN_POINT('',(9.6,-5.3,0.3));
#1671 = SURFACE_CURVE('',#1672,(#1676,#1683),.PCURVE_S1.);
#1672 = LINE('',#1673,#1674);
#1673 = CARTESIAN_POINT('',(9.6,-7.2,0.3));
#1674 = VECTOR('',#1675,1.);
#1675 = DIRECTION('',(0.,1.,0.));
#1676 = PCURVE('',#848,#1677);
#1677 = DEFINITIONAL_REPRESENTATION('',(#1678),#1682);
#1678 = LINE('',#1679,#1680);
#1679 = CARTESIAN_POINT('',(0.,0.));
#1680 = VECTOR('',#1681,1.);
#1681 = DIRECTION('',(0.,-1.));
#1682 = ( GEOMETRIC_REPRESENTATION_CONTEXT(2) 
PARAMETRIC_REPRESENTATION_CONTEXT() REPRESENTATION_CONTEXT('2D SPACE',''
  ) );
#1683 = PCURVE('',#1558,#1684);
#1684 = DEFINITIONAL_REPRESENTATION('',(#1685),#1689);
#1685 = LINE('',#1686,#1687);
#1686 = CARTESIAN_POINT('',(0.,0.));
#1687 = VECTOR('',#1688,1.);
#1688 = DIRECTION('',(0.,1.));
#1689 = ( GEOMETRIC_REPRESENTATION_CONTEXT(2) 
PARAMETRIC_REPRESENTATION_CONTEXT() REPRESENTATION_CONTEXT('2D SPACE',''
  ) );
#1690 = ORIENTED_EDGE('',*,*,#1691,.T.);
#1691 = EDGE_CURVE('',#1669,#834,#1692,.T.);
#1692 = SURFACE_CURVE('',#1693,(#1697,#1704),.PCURVE_S1.);
#1693 = LINE('',#1694,#1695);
#1694 = CARTESIAN_POINT('',(9.6,-5.3,-0.7));
#1695 = VECTOR('',#1696,1.);
#1696 = DIRECTION('',(0.,0.,1.));
#1697 = PCURVE('',#848,#1698);
#1698 = DEFINITIONAL_REPRESENTATION('',(#1699),#1703);
#1699 = LINE('',#1700,#1701);
#1700 = CARTESIAN_POINT('',(-1.,-1.9));
#1701 = VECTOR('',#1702,1.);
#1702 = DIRECTION('',(1.,0.));
#1703 = ( GEOMETRIC_REPRESENTATION_CONTEXT(2) 
PARAMETRIC_REPRESENTATION_CONTEXT() REPRESENTATION_CONTEXT('2D SPACE',''
  ) );
#1704 = PCURVE('',#1705,#1710);
#1705 = PLANE('',#1706);
#1706 = AXIS2_PLACEMENT_3D('',#1707,#1708,#1709);
#1707 = CARTESIAN_POINT('',(9.6,-5.3,-0.7));
#1708 = DIRECTION('',(0.,1.,0.));
#1709 = DIRECTION('',(0.,0.,1.));
#1710 = DEFINITIONAL_REPRESENTATION('',(#1711),#1715);
#1711 = LINE('',#1712,#1713);
#1712 = CARTESIAN_POINT('',(0.,0.));
#1713 = VECTOR('',#1714,1.);
#1714 = DIRECTION('',(1.,0.));
#1715 = ( GEOMETRIC_REPRESENTATION_CONTEXT(2) 
PARAMETRIC_REPRESENTATION_CONTEXT() REPRESENTATION_CONTEXT('2D SPACE',''
  ) );
#1716 = ORIENTED_EDGE('',*,*,#833,.F.);
#1717 = ADVANCED_FACE('',(#1718),#874,.T.);
#1718 = FACE_BOUND('',#1719,.T.);
#1719 = EDGE_LOOP('',(#1720,#1743,#1744,#1772));
#1720 = ORIENTED_EDGE('',*,*,#1721,.F.);
#1721 = EDGE_CURVE('',#834,#1722,#1724,.T.);
#1722 = VERTEX_POINT('',#1723);
#1723 = CARTESIAN_POINT('',(9.6,-5.3,7.355586144079));
#1724 = SURFACE_CURVE('',#1725,(#1729,#1736),.PCURVE_S1.);
#1725 = LINE('',#1726,#1727);
#1726 = CARTESIAN_POINT('',(9.6,-5.3,-0.7));
#1727 = VECTOR('',#1728,1.);
#1728 = DIRECTION('',(0.,0.,1.));
#1729 = PCURVE('',#874,#1730);
#1730 = DEFINITIONAL_REPRESENTATION('',(#1731),#1735);
#1731 = LINE('',#1732,#1733);
#1732 = CARTESIAN_POINT('',(0.,0.));
#1733 = VECTOR('',#1734,1.);
#1734 = DIRECTION('',(1.,0.));
#1735 = ( GEOMETRIC_REPRESENTATION_CONTEXT(2) 
PARAMETRIC_REPRESENTATION_CONTEXT() REPRESENTATION_CONTEXT('2D SPACE',''
  ) );
#1736 = PCURVE('',#1705,#1737);
#1737 = DEFINITIONAL_REPRESENTATION('',(#1738),#1742);
#1738 = LINE('',#1739,#1740);
#1739 = CARTESIAN_POINT('',(0.,0.));
#1740 = VECTOR('',#1741,1.);
#1741 = DIRECTION('',(1.,0.));
#1742 = ( GEOMETRIC_REPRESENTATION_CONTEXT(2) 
PARAMETRIC_REPRESENTATION_CONTEXT() REPRESENTATION_CONTEXT('2D SPACE',''
  ) );
#1743 = ORIENTED_EDGE('',*,*,#859,.T.);
#1744 = ORIENTED_EDGE('',*,*,#1745,.T.);
#1745 = EDGE_CURVE('',#860,#1746,#1748,.T.);
#1746 = VERTEX_POINT('',#1747);
#1747 = CARTESIAN_POINT('',(9.6,5.3,7.355586144079));
#1748 = SURFACE_CURVE('',#1749,(#1753,#1760),.PCURVE_S1.);
#1749 = LINE('',#1750,#1751);
#1750 = CARTESIAN_POINT('',(9.6,5.3,-0.7));
#1751 = VECTOR('',#1752,1.);
#1752 = DIRECTION('',(0.,0.,1.));
#1753 = PCURVE('',#874,#1754);
#1754 = DEFINITIONAL_REPRESENTATION('',(#1755),#1759);
#1755 = LINE('',#1756,#1757);
#1756 = CARTESIAN_POINT('',(0.,-10.6));
#1757 = VECTOR('',#1758,1.);
#1758 = DIRECTION('',(1.,0.));
#1759 = ( GEOMETRIC_REPRESENTATION_CONTEXT(2) 
PARAMETRIC_REPRESENTATION_CONTEXT() REPRESENTATION_CONTEXT('2D SPACE',''
  ) );
#1760 = PCURVE('',#1761,#1766);
#1761 = PLANE('',#1762);
#1762 = AXIS2_PLACEMENT_3D('',#1763,#1764,#1765);
#1763 = CARTESIAN_POINT('',(9.6,5.3,-0.7));
#1764 = DIRECTION('',(0.,1.,0.));
#1765 = DIRECTION('',(0.,0.,1.));
#1766 = DEFINITIONAL_REPRESENTATION('',(#1767),#1771);
#1767 = LINE('',#1768,#1769);
#1768 = CARTESIAN_POINT('',(0.,0.));
#1769 = VECTOR('',#1770,1.);
#1770 = DIRECTION('',(1.,0.));
#1771 = ( GEOMETRIC_REPRESENTATION_CONTEXT(2) 
PARAMETRIC_REPRESENTATION_CONTEXT() REPRESENTATION_CONTEXT('2D SPACE',''
  ) );
#1772 = ORIENTED_EDGE('',*,*,#1773,.T.);
#1773 = EDGE_CURVE('',#1746,#1722,#1774,.T.);
#1774 = SURFACE_CURVE('',#1775,(#1779,#1785),.PCURVE_S1.);
#1775 = LINE('',#1776,#1777);
#1776 = CARTESIAN_POINT('',(9.6,-5.3,7.355586144078));
#1777 = VECTOR('',#1778,1.);
#1778 = DIRECTION('',(0.,-1.,0.));
#1779 = PCURVE('',#874,#1780);
#1780 = DEFINITIONAL_REPRESENTATION('',(#1781),#1784);
#1781 = B_SPLINE_CURVE_WITH_KNOTS('',1,(#1782,#1783),.UNSPECIFIED.,.F.,
  .F.,(2,2),(-10.6000006,5.999999999062E-07),.PIECEWISE_BEZIER_KNOTS.);
#1782 = CARTESIAN_POINT('',(8.055586144078,-10.6000006));
#1783 = CARTESIAN_POINT('',(8.055586144078,5.999999999062E-07));
#1784 = ( GEOMETRIC_REPRESENTATION_CONTEXT(2) 
PARAMETRIC_REPRESENTATION_CONTEXT() REPRESENTATION_CONTEXT('2D SPACE',''
  ) );
#1785 = PCURVE('',#1786,#1791);
#1786 = CYLINDRICAL_SURFACE('',#1787,8.531897372377);
#1787 = AXIS2_PLACEMENT_3D('',#1788,#1789,#1790);
#1788 = CARTESIAN_POINT('',(18.,-5.3,8.85));
#1789 = DIRECTION('',(0.,-1.,0.));
#1790 = DIRECTION('',(1.,0.,0.));
#1791 = DEFINITIONAL_REPRESENTATION('',(#1792),#1795);
#1792 = B_SPLINE_CURVE_WITH_KNOTS('',1,(#1793,#1794),.UNSPECIFIED.,.F.,
  .F.,(2,2),(-10.6000006,5.999999999062E-07),.PIECEWISE_BEZIER_KNOTS.);
#1793 = CARTESIAN_POINT('',(3.317656969013,-10.6000006));
#1794 = CARTESIAN_POINT('',(3.317656969013,5.999999999062E-07));
#1795 = ( GEOMETRIC_REPRESENTATION_CONTEXT(2) 
PARAMETRIC_REPRESENTATION_CONTEXT() REPRESENTATION_CONTEXT('2D SPACE',''
  ) );
#1796 = ADVANCED_FACE('',(#1797),#901,.F.);
#1797 = FACE_BOUND('',#1798,.F.);
#1798 = EDGE_LOOP('',(#1799,#1822,#1843,#1844));
#1799 = ORIENTED_EDGE('',*,*,#1800,.F.);
#1800 = EDGE_CURVE('',#1801,#860,#1803,.T.);
#1801 = VERTEX_POINT('',#1802);
#1802 = CARTESIAN_POINT('',(9.6,5.3,0.3));
#1803 = SURFACE_CURVE('',#1804,(#1808,#1815),.PCURVE_S1.);
#1804 = LINE('',#1805,#1806);
#1805 = CARTESIAN_POINT('',(9.6,5.3,-0.7));
#1806 = VECTOR('',#1807,1.);
#1807 = DIRECTION('',(0.,0.,1.));
#1808 = PCURVE('',#901,#1809);
#1809 = DEFINITIONAL_REPRESENTATION('',(#1810),#1814);
#1810 = LINE('',#1811,#1812);
#1811 = CARTESIAN_POINT('',(-1.,-12.5));
#1812 = VECTOR('',#1813,1.);
#1813 = DIRECTION('',(1.,0.));
#1814 = ( GEOMETRIC_REPRESENTATION_CONTEXT(2) 
PARAMETRIC_REPRESENTATION_CONTEXT() REPRESENTATION_CONTEXT('2D SPACE',''
  ) );
#1815 = PCURVE('',#1761,#1816);
#1816 = DEFINITIONAL_REPRESENTATION('',(#1817),#1821);
#1817 = LINE('',#1818,#1819);
#1818 = CARTESIAN_POINT('',(0.,0.));
#1819 = VECTOR('',#1820,1.);
#1820 = DIRECTION('',(1.,0.));
#1821 = ( GEOMETRIC_REPRESENTATION_CONTEXT(2) 
PARAMETRIC_REPRESENTATION_CONTEXT() REPRESENTATION_CONTEXT('2D SPACE',''
  ) );
#1822 = ORIENTED_EDGE('',*,*,#1823,.T.);
#1823 = EDGE_CURVE('',#1801,#1598,#1824,.T.);
#1824 = SURFACE_CURVE('',#1825,(#1829,#1836),.PCURVE_S1.);
#1825 = LINE('',#1826,#1827);
#1826 = CARTESIAN_POINT('',(9.6,-7.2,0.3));
#1827 = VECTOR('',#1828,1.);
#1828 = DIRECTION('',(0.,1.,0.));
#1829 = PCURVE('',#901,#1830);
#1830 = DEFINITIONAL_REPRESENTATION('',(#1831),#1835);
#1831 = LINE('',#1832,#1833);
#1832 = CARTESIAN_POINT('',(0.,0.));
#1833 = VECTOR('',#1834,1.);
#1834 = DIRECTION('',(0.,-1.));
#1835 = ( GEOMETRIC_REPRESENTATION_CONTEXT(2) 
PARAMETRIC_REPRESENTATION_CONTEXT() REPRESENTATION_CONTEXT('2D SPACE',''
  ) );
#1836 = PCURVE('',#1558,#1837);
#1837 = DEFINITIONAL_REPRESENTATION('',(#1838),#1842);
#1838 = LINE('',#1839,#1840);
#1839 = CARTESIAN_POINT('',(0.,0.));
#1840 = VECTOR('',#1841,1.);
#1841 = DIRECTION('',(0.,1.));
#1842 = ( GEOMETRIC_REPRESENTATION_CONTEXT(2) 
PARAMETRIC_REPRESENTATION_CONTEXT() REPRESENTATION_CONTEXT('2D SPACE',''
  ) );
#1843 = ORIENTED_EDGE('',*,*,#1620,.T.);
#1844 = ORIENTED_EDGE('',*,*,#886,.F.);
#1845 = ADVANCED_FACE('',(#1846),#822,.F.);
#1846 = FACE_BOUND('',#1847,.F.);
#1847 = EDGE_LOOP('',(#1848,#1849,#1870,#1871));
#1848 = ORIENTED_EDGE('',*,*,#1519,.F.);
#1849 = ORIENTED_EDGE('',*,*,#1850,.F.);
#1850 = EDGE_CURVE('',#1646,#1520,#1851,.T.);
#1851 = SURFACE_CURVE('',#1852,(#1856,#1863),.PCURVE_S1.);
#1852 = LINE('',#1853,#1854);
#1853 = CARTESIAN_POINT('',(9.6,-7.2,0.3));
#1854 = VECTOR('',#1855,1.);
#1855 = DIRECTION('',(1.,0.,0.));
#1856 = PCURVE('',#822,#1857);
#1857 = DEFINITIONAL_REPRESENTATION('',(#1858),#1862);
#1858 = LINE('',#1859,#1860);
#1859 = CARTESIAN_POINT('',(0.,0.));
#1860 = VECTOR('',#1861,1.);
#1861 = DIRECTION('',(0.,1.));
#1862 = ( GEOMETRIC_REPRESENTATION_CONTEXT(2) 
PARAMETRIC_REPRESENTATION_CONTEXT() REPRESENTATION_CONTEXT('2D SPACE',''
  ) );
#1863 = PCURVE('',#1558,#1864);
#1864 = DEFINITIONAL_REPRESENTATION('',(#1865),#1869);
#1865 = LINE('',#1866,#1867);
#1866 = CARTESIAN_POINT('',(0.,0.));
#1867 = VECTOR('',#1868,1.);
#1868 = DIRECTION('',(1.,0.));
#1869 = ( GEOMETRIC_REPRESENTATION_CONTEXT(2) 
PARAMETRIC_REPRESENTATION_CONTEXT() REPRESENTATION_CONTEXT('2D SPACE',''
  ) );
#1870 = ORIENTED_EDGE('',*,*,#1645,.T.);
#1871 = ORIENTED_EDGE('',*,*,#807,.F.);
#1872 = ADVANCED_FACE('',(#1873),#1208,.T.);
#1873 = FACE_BOUND('',#1874,.T.);
#1874 = EDGE_LOOP('',(#1875,#1876,#1877,#1898));
#1875 = ORIENTED_EDGE('',*,*,#1194,.F.);
#1876 = ORIENTED_EDGE('',*,*,#1276,.T.);
#1877 = ORIENTED_EDGE('',*,*,#1878,.T.);
#1878 = EDGE_CURVE('',#1249,#1388,#1879,.T.);
#1879 = SURFACE_CURVE('',#1880,(#1884,#1891),.PCURVE_S1.);
#1880 = LINE('',#1881,#1882);
#1881 = CARTESIAN_POINT('',(27.5,-9.95,31.2));
#1882 = VECTOR('',#1883,1.);
#1883 = DIRECTION('',(0.,1.,0.));
#1884 = PCURVE('',#1208,#1885);
#1885 = DEFINITIONAL_REPRESENTATION('',(#1886),#1890);
#1886 = LINE('',#1887,#1888);
#1887 = CARTESIAN_POINT('',(26.9,0.));
#1888 = VECTOR('',#1889,1.);
#1889 = DIRECTION('',(0.,1.));
#1890 = ( GEOMETRIC_REPRESENTATION_CONTEXT(2) 
PARAMETRIC_REPRESENTATION_CONTEXT() REPRESENTATION_CONTEXT('2D SPACE',''
  ) );
#1891 = PCURVE('',#1264,#1892);
#1892 = DEFINITIONAL_REPRESENTATION('',(#1893),#1897);
#1893 = LINE('',#1894,#1895);
#1894 = CARTESIAN_POINT('',(0.,0.353553390593));
#1895 = VECTOR('',#1896,1.);
#1896 = DIRECTION('',(1.,0.));
#1897 = ( GEOMETRIC_REPRESENTATION_CONTEXT(2) 
PARAMETRIC_REPRESENTATION_CONTEXT() REPRESENTATION_CONTEXT('2D SPACE',''
  ) );
#1898 = ORIENTED_EDGE('',*,*,#1410,.F.);
#1899 = ADVANCED_FACE('',(#1900),#1264,.T.);
#1900 = FACE_BOUND('',#1901,.T.);
#1901 = EDGE_LOOP('',(#1902,#1903,#1904,#1905));
#1902 = ORIENTED_EDGE('',*,*,#1248,.F.);
#1903 = ORIENTED_EDGE('',*,*,#1496,.T.);
#1904 = ORIENTED_EDGE('',*,*,#1387,.T.);
#1905 = ORIENTED_EDGE('',*,*,#1878,.F.);
#1906 = ADVANCED_FACE('',(#1907),#1347,.F.);
#1907 = FACE_BOUND('',#1908,.F.);
#1908 = EDGE_LOOP('',(#1909,#1910,#1933,#1959));
#1909 = ORIENTED_EDGE('',*,*,#1326,.F.);
#1910 = ORIENTED_EDGE('',*,*,#1911,.T.);
#1911 = EDGE_CURVE('',#1327,#1912,#1914,.T.);
#1912 = VERTEX_POINT('',#1913);
#1913 = CARTESIAN_POINT('',(19.05,-5.3,8.85));
#1914 = SEAM_CURVE('',#1915,(#1919,#1926),.PCURVE_S1.);
#1915 = LINE('',#1916,#1917);
#1916 = CARTESIAN_POINT('',(19.05,-10.95,8.85));
#1917 = VECTOR('',#1918,1.);
#1918 = DIRECTION('',(-0.,1.,-0.));
#1919 = PCURVE('',#1347,#1920);
#1920 = DEFINITIONAL_REPRESENTATION('',(#1921),#1925);
#1921 = LINE('',#1922,#1923);
#1922 = CARTESIAN_POINT('',(6.28318530718,0.));
#1923 = VECTOR('',#1924,1.);
#1924 = DIRECTION('',(0.,-1.));
#1925 = ( GEOMETRIC_REPRESENTATION_CONTEXT(2) 
PARAMETRIC_REPRESENTATION_CONTEXT() REPRESENTATION_CONTEXT('2D SPACE',''
  ) );
#1926 = PCURVE('',#1347,#1927);
#1927 = DEFINITIONAL_REPRESENTATION('',(#1928),#1932);
#1928 = LINE('',#1929,#1930);
#1929 = CARTESIAN_POINT('',(0.,0.));
#1930 = VECTOR('',#1931,1.);
#1931 = DIRECTION('',(0.,-1.));
#1932 = ( GEOMETRIC_REPRESENTATION_CONTEXT(2) 
PARAMETRIC_REPRESENTATION_CONTEXT() REPRESENTATION_CONTEXT('2D SPACE',''
  ) );
#1933 = ORIENTED_EDGE('',*,*,#1934,.T.);
#1934 = EDGE_CURVE('',#1912,#1912,#1935,.T.);
#1935 = SURFACE_CURVE('',#1936,(#1941,#1948),.PCURVE_S1.);
#1936 = CIRCLE('',#1937,1.05);
#1937 = AXIS2_PLACEMENT_3D('',#1938,#1939,#1940);
#1938 = CARTESIAN_POINT('',(18.,-5.3,8.85));
#1939 = DIRECTION('',(0.,-1.,0.));
#1940 = DIRECTION('',(1.,0.,0.));
#1941 = PCURVE('',#1347,#1942);
#1942 = DEFINITIONAL_REPRESENTATION('',(#1943),#1947);
#1943 = LINE('',#1944,#1945);
#1944 = CARTESIAN_POINT('',(0.,-5.65));
#1945 = VECTOR('',#1946,1.);
#1946 = DIRECTION('',(1.,0.));
#1947 = ( GEOMETRIC_REPRESENTATION_CONTEXT(2) 
PARAMETRIC_REPRESENTATION_CONTEXT() REPRESENTATION_CONTEXT('2D SPACE',''
  ) );
#1948 = PCURVE('',#1705,#1949);
#1949 = DEFINITIONAL_REPRESENTATION('',(#1950),#1958);
#1950 = ( BOUNDED_CURVE() B_SPLINE_CURVE(2,(#1951,#1952,#1953,#1954,
#1955,#1956,#1957),.UNSPECIFIED.,.T.,.F.) B_SPLINE_CURVE_WITH_KNOTS((1,2
    ,2,2,2,1),(-2.094395102393,0.,2.094395102393,4.188790204786,
6.28318530718,8.377580409573),.UNSPECIFIED.) CURVE() 
GEOMETRIC_REPRESENTATION_ITEM() RATIONAL_B_SPLINE_CURVE((1.,0.5,1.,0.5,
1.,0.5,1.)) REPRESENTATION_ITEM('') );
#1951 = CARTESIAN_POINT('',(9.55,9.45));
#1952 = CARTESIAN_POINT('',(11.368653347947,9.45));
#1953 = CARTESIAN_POINT('',(10.459326673974,7.875));
#1954 = CARTESIAN_POINT('',(9.55,6.3));
#1955 = CARTESIAN_POINT('',(8.640673326026,7.875));
#1956 = CARTESIAN_POINT('',(7.731346652053,9.45));
#1957 = CARTESIAN_POINT('',(9.55,9.45));
#1958 = ( GEOMETRIC_REPRESENTATION_CONTEXT(2) 
PARAMETRIC_REPRESENTATION_CONTEXT() REPRESENTATION_CONTEXT('2D SPACE',''
  ) );
#1959 = ORIENTED_EDGE('',*,*,#1911,.F.);
#1960 = ADVANCED_FACE('',(#1961),#1481,.F.);
#1961 = FACE_BOUND('',#1962,.F.);
#1962 = EDGE_LOOP('',(#1963,#1991,#2012,#2013));
#1963 = ORIENTED_EDGE('',*,*,#1964,.F.);
#1964 = EDGE_CURVE('',#1965,#1965,#1967,.T.);
#1965 = VERTEX_POINT('',#1966);
#1966 = CARTESIAN_POINT('',(19.05,5.3,8.85));
#1967 = SURFACE_CURVE('',#1968,(#1973,#1980),.PCURVE_S1.);
#1968 = CIRCLE('',#1969,1.05);
#1969 = AXIS2_PLACEMENT_3D('',#1970,#1971,#1972);
#1970 = CARTESIAN_POINT('',(18.,5.3,8.85));
#1971 = DIRECTION('',(0.,-1.,0.));
#1972 = DIRECTION('',(1.,0.,0.));
#1973 = PCURVE('',#1481,#1974);
#1974 = DEFINITIONAL_REPRESENTATION('',(#1975),#1979);
#1975 = LINE('',#1976,#1977);
#1976 = CARTESIAN_POINT('',(0.,-16.25));
#1977 = VECTOR('',#1978,1.);
#1978 = DIRECTION('',(1.,0.));
#1979 = ( GEOMETRIC_REPRESENTATION_CONTEXT(2) 
PARAMETRIC_REPRESENTATION_CONTEXT() REPRESENTATION_CONTEXT('2D SPACE',''
  ) );
#1980 = PCURVE('',#1761,#1981);
#1981 = DEFINITIONAL_REPRESENTATION('',(#1982),#1990);
#1982 = ( BOUNDED_CURVE() B_SPLINE_CURVE(2,(#1983,#1984,#1985,#1986,
#1987,#1988,#1989),.UNSPECIFIED.,.T.,.F.) B_SPLINE_CURVE_WITH_KNOTS((1,2
    ,2,2,2,1),(-2.094395102393,0.,2.094395102393,4.188790204786,
6.28318530718,8.377580409573),.UNSPECIFIED.) CURVE() 
GEOMETRIC_REPRESENTATION_ITEM() RATIONAL_B_SPLINE_CURVE((1.,0.5,1.,0.5,
1.,0.5,1.)) REPRESENTATION_ITEM('') );
#1983 = CARTESIAN_POINT('',(9.55,9.45));
#1984 = CARTESIAN_POINT('',(11.368653347947,9.45));
#1985 = CARTESIAN_POINT('',(10.459326673974,7.875));
#1986 = CARTESIAN_POINT('',(9.55,6.3));
#1987 = CARTESIAN_POINT('',(8.640673326026,7.875));
#1988 = CARTESIAN_POINT('',(7.731346652053,9.45));
#1989 = CARTESIAN_POINT('',(9.55,9.45));
#1990 = ( GEOMETRIC_REPRESENTATION_CONTEXT(2) 
PARAMETRIC_REPRESENTATION_CONTEXT() REPRESENTATION_CONTEXT('2D SPACE',''
  ) );
#1991 = ORIENTED_EDGE('',*,*,#1992,.T.);
#1992 = EDGE_CURVE('',#1965,#1461,#1993,.T.);
#1993 = SEAM_CURVE('',#1994,(#1998,#2005),.PCURVE_S1.);
#1994 = LINE('',#1995,#1996);
#1995 = CARTESIAN_POINT('',(19.05,-10.95,8.85));
#1996 = VECTOR('',#1997,1.);
#1997 = DIRECTION('',(-0.,1.,-0.));
#1998 = PCURVE('',#1481,#1999);
#1999 = DEFINITIONAL_REPRESENTATION('',(#2000),#2004);
#2000 = LINE('',#2001,#2002);
#2001 = CARTESIAN_POINT('',(6.28318530718,0.));
#2002 = VECTOR('',#2003,1.);
#2003 = DIRECTION('',(0.,-1.));
#2004 = ( GEOMETRIC_REPRESENTATION_CONTEXT(2) 
PARAMETRIC_REPRESENTATION_CONTEXT() REPRESENTATION_CONTEXT('2D SPACE',''
  ) );
#2005 = PCURVE('',#1481,#2006);
#2006 = DEFINITIONAL_REPRESENTATION('',(#2007),#2011);
#2007 = LINE('',#2008,#2009);
#2008 = CARTESIAN_POINT('',(0.,0.));
#2009 = VECTOR('',#2010,1.);
#2010 = DIRECTION('',(0.,-1.));
#2011 = ( GEOMETRIC_REPRESENTATION_CONTEXT(2) 
PARAMETRIC_REPRESENTATION_CONTEXT() REPRESENTATION_CONTEXT('2D SPACE',''
  ) );
#2012 = ORIENTED_EDGE('',*,*,#1460,.T.);
#2013 = ORIENTED_EDGE('',*,*,#1992,.F.);
#2014 = ADVANCED_FACE('',(#2015),#1558,.F.);
#2015 = FACE_BOUND('',#2016,.F.);
#2016 = EDGE_LOOP('',(#2017,#2018,#2019,#2020,#2021,#2022,#2044,#2070));
#2017 = ORIENTED_EDGE('',*,*,#1668,.F.);
#2018 = ORIENTED_EDGE('',*,*,#1850,.T.);
#2019 = ORIENTED_EDGE('',*,*,#1542,.T.);
#2020 = ORIENTED_EDGE('',*,*,#1597,.F.);
#2021 = ORIENTED_EDGE('',*,*,#1823,.F.);
#2022 = ORIENTED_EDGE('',*,*,#2023,.F.);
#2023 = EDGE_CURVE('',#2024,#1801,#2026,.T.);
#2024 = VERTEX_POINT('',#2025);
#2025 = CARTESIAN_POINT('',(26.531897372377,5.3,0.3));
#2026 = SURFACE_CURVE('',#2027,(#2031,#2037),.PCURVE_S1.);
#2027 = LINE('',#2028,#2029);
#2028 = CARTESIAN_POINT('',(9.6,5.3,0.3));
#2029 = VECTOR('',#2030,1.);
#2030 = DIRECTION('',(-1.,0.,0.));
#2031 = PCURVE('',#1558,#2032);
#2032 = DEFINITIONAL_REPRESENTATION('',(#2033),#2036);
#2033 = B_SPLINE_CURVE_WITH_KNOTS('',1,(#2034,#2035),.UNSPECIFIED.,.F.,
  .F.,(2,2),(-16.93189737237,0.),.PIECEWISE_BEZIER_KNOTS.);
#2034 = CARTESIAN_POINT('',(16.931897372377,12.5));
#2035 = CARTESIAN_POINT('',(0.,12.5));
#2036 = ( GEOMETRIC_REPRESENTATION_CONTEXT(2) 
PARAMETRIC_REPRESENTATION_CONTEXT() REPRESENTATION_CONTEXT('2D SPACE',''
  ) );
#2037 = PCURVE('',#1761,#2038);
#2038 = DEFINITIONAL_REPRESENTATION('',(#2039),#2043);
#2039 = LINE('',#2040,#2041);
#2040 = CARTESIAN_POINT('',(1.,0.));
#2041 = VECTOR('',#2042,1.);
#2042 = DIRECTION('',(0.,-1.));
#2043 = ( GEOMETRIC_REPRESENTATION_CONTEXT(2) 
PARAMETRIC_REPRESENTATION_CONTEXT() REPRESENTATION_CONTEXT('2D SPACE',''
  ) );
#2044 = ORIENTED_EDGE('',*,*,#2045,.F.);
#2045 = EDGE_CURVE('',#2046,#2024,#2048,.T.);
#2046 = VERTEX_POINT('',#2047);
#2047 = CARTESIAN_POINT('',(26.531897372377,-5.3,0.3));
#2048 = SURFACE_CURVE('',#2049,(#2053,#2059),.PCURVE_S1.);
#2049 = LINE('',#2050,#2051);
#2050 = CARTESIAN_POINT('',(26.531897372377,-6.25,0.3));
#2051 = VECTOR('',#2052,1.);
#2052 = DIRECTION('',(0.,1.,0.));
#2053 = PCURVE('',#1558,#2054);
#2054 = DEFINITIONAL_REPRESENTATION('',(#2055),#2058);
#2055 = B_SPLINE_CURVE_WITH_KNOTS('',1,(#2056,#2057),.UNSPECIFIED.,.F.,
  .F.,(2,2),(0.95,11.55),.PIECEWISE_BEZIER_KNOTS.);
#2056 = CARTESIAN_POINT('',(16.931897372377,1.9));
#2057 = CARTESIAN_POINT('',(16.931897372377,12.5));
#2058 = ( GEOMETRIC_REPRESENTATION_CONTEXT(2) 
PARAMETRIC_REPRESENTATION_CONTEXT() REPRESENTATION_CONTEXT('2D SPACE',''
  ) );
#2059 = PCURVE('',#2060,#2065);
#2060 = PLANE('',#2061);
#2061 = AXIS2_PLACEMENT_3D('',#2062,#2063,#2064);
#2062 = CARTESIAN_POINT('',(26.531897372377,-5.3,-0.7));
#2063 = DIRECTION('',(1.,0.,0.));
#2064 = DIRECTION('',(0.,0.,1.));
#2065 = DEFINITIONAL_REPRESENTATION('',(#2066),#2069);
#2066 = B_SPLINE_CURVE_WITH_KNOTS('',1,(#2067,#2068),.UNSPECIFIED.,.F.,
  .F.,(2,2),(0.95,11.55),.PIECEWISE_BEZIER_KNOTS.);
#2067 = CARTESIAN_POINT('',(1.,0.));
#2068 = CARTESIAN_POINT('',(1.,-10.6));
#2069 = ( GEOMETRIC_REPRESENTATION_CONTEXT(2) 
PARAMETRIC_REPRESENTATION_CONTEXT() REPRESENTATION_CONTEXT('2D SPACE',''
  ) );
#2070 = ORIENTED_EDGE('',*,*,#2071,.T.);
#2071 = EDGE_CURVE('',#2046,#1669,#2072,.T.);
#2072 = SURFACE_CURVE('',#2073,(#2077,#2083),.PCURVE_S1.);
#2073 = LINE('',#2074,#2075);
#2074 = CARTESIAN_POINT('',(9.6,-5.3,0.3));
#2075 = VECTOR('',#2076,1.);
#2076 = DIRECTION('',(-1.,0.,0.));
#2077 = PCURVE('',#1558,#2078);
#2078 = DEFINITIONAL_REPRESENTATION('',(#2079),#2082);
#2079 = B_SPLINE_CURVE_WITH_KNOTS('',1,(#2080,#2081),.UNSPECIFIED.,.F.,
  .F.,(2,2),(-16.93189737237,0.),.PIECEWISE_BEZIER_KNOTS.);
#2080 = CARTESIAN_POINT('',(16.931897372377,1.9));
#2081 = CARTESIAN_POINT('',(0.,1.9));
#2082 = ( GEOMETRIC_REPRESENTATION_CONTEXT(2) 
PARAMETRIC_REPRESENTATION_CONTEXT() REPRESENTATION_CONTEXT('2D SPACE',''
  ) );
#2083 = PCURVE('',#1705,#2084);
#2084 = DEFINITIONAL_REPRESENTATION('',(#2085),#2089);
#2085 = LINE('',#2086,#2087);
#2086 = CARTESIAN_POINT('',(1.,0.));
#2087 = VECTOR('',#2088,1.);
#2088 = DIRECTION('',(0.,-1.));
#2089 = ( GEOMETRIC_REPRESENTATION_CONTEXT(2) 
PARAMETRIC_REPRESENTATION_CONTEXT() REPRESENTATION_CONTEXT('2D SPACE',''
  ) );
#2090 = ADVANCED_FACE('',(#2091,#2145),#1705,.T.);
#2091 = FACE_BOUND('',#2092,.T.);
#2092 = EDGE_LOOP('',(#2093,#2116,#2117,#2118,#2119));
#2093 = ORIENTED_EDGE('',*,*,#2094,.F.);
#2094 = EDGE_CURVE('',#2046,#2095,#2097,.T.);
#2095 = VERTEX_POINT('',#2096);
#2096 = CARTESIAN_POINT('',(26.531897372377,-5.3,8.85));
#2097 = SURFACE_CURVE('',#2098,(#2102,#2109),.PCURVE_S1.);
#2098 = LINE('',#2099,#2100);
#2099 = CARTESIAN_POINT('',(26.531897372377,-5.3,-0.7));
#2100 = VECTOR('',#2101,1.);
#2101 = DIRECTION('',(0.,0.,1.));
#2102 = PCURVE('',#1705,#2103);
#2103 = DEFINITIONAL_REPRESENTATION('',(#2104),#2108);
#2104 = LINE('',#2105,#2106);
#2105 = CARTESIAN_POINT('',(0.,16.931897372377));
#2106 = VECTOR('',#2107,1.);
#2107 = DIRECTION('',(1.,0.));
#2108 = ( GEOMETRIC_REPRESENTATION_CONTEXT(2) 
PARAMETRIC_REPRESENTATION_CONTEXT() REPRESENTATION_CONTEXT('2D SPACE',''
  ) );
#2109 = PCURVE('',#2060,#2110);
#2110 = DEFINITIONAL_REPRESENTATION('',(#2111),#2115);
#2111 = LINE('',#2112,#2113);
#2112 = CARTESIAN_POINT('',(0.,0.));
#2113 = VECTOR('',#2114,1.);
#2114 = DIRECTION('',(1.,0.));
#2115 = ( GEOMETRIC_REPRESENTATION_CONTEXT(2) 
PARAMETRIC_REPRESENTATION_CONTEXT() REPRESENTATION_CONTEXT('2D SPACE',''
  ) );
#2116 = ORIENTED_EDGE('',*,*,#2071,.T.);
#2117 = ORIENTED_EDGE('',*,*,#1691,.T.);
#2118 = ORIENTED_EDGE('',*,*,#1721,.T.);
#2119 = ORIENTED_EDGE('',*,*,#2120,.F.);
#2120 = EDGE_CURVE('',#2095,#1722,#2121,.T.);
#2121 = SURFACE_CURVE('',#2122,(#2127,#2138),.PCURVE_S1.);
#2122 = CIRCLE('',#2123,8.531897372377);
#2123 = AXIS2_PLACEMENT_3D('',#2124,#2125,#2126);
#2124 = CARTESIAN_POINT('',(18.,-5.3,8.85));
#2125 = DIRECTION('',(0.,-1.,0.));
#2126 = DIRECTION('',(1.,0.,0.));
#2127 = PCURVE('',#1705,#2128);
#2128 = DEFINITIONAL_REPRESENTATION('',(#2129),#2137);
#2129 = ( BOUNDED_CURVE() B_SPLINE_CURVE(2,(#2130,#2131,#2132,#2133,
#2134,#2135,#2136),.UNSPECIFIED.,.T.,.F.) B_SPLINE_CURVE_WITH_KNOTS((1,2
    ,2,2,2,1),(-2.094395102393,0.,2.094395102393,4.188790204786,
6.28318530718,8.377580409573),.UNSPECIFIED.) CURVE() 
GEOMETRIC_REPRESENTATION_ITEM() RATIONAL_B_SPLINE_CURVE((1.,0.5,1.,0.5,
1.,0.5,1.)) REPRESENTATION_ITEM('') );
#2130 = CARTESIAN_POINT('',(9.55,16.931897372377));
#2131 = CARTESIAN_POINT('',(24.32767973392,16.931897372377));
#2132 = CARTESIAN_POINT('',(16.93883986696,4.134051313812));
#2133 = CARTESIAN_POINT('',(9.55,-8.663794744754));
#2134 = CARTESIAN_POINT('',(2.16116013304,4.134051313812));
#2135 = CARTESIAN_POINT('',(-5.22767973392,16.931897372377));
#2136 = CARTESIAN_POINT('',(9.55,16.931897372377));
#2137 = ( GEOMETRIC_REPRESENTATION_CONTEXT(2) 
PARAMETRIC_REPRESENTATION_CONTEXT() REPRESENTATION_CONTEXT('2D SPACE',''
  ) );
#2138 = PCURVE('',#1786,#2139);
#2139 = DEFINITIONAL_REPRESENTATION('',(#2140),#2144);
#2140 = LINE('',#2141,#2142);
#2141 = CARTESIAN_POINT('',(0.,0.));
#2142 = VECTOR('',#2143,1.);
#2143 = DIRECTION('',(1.,0.));
#2144 = ( GEOMETRIC_REPRESENTATION_CONTEXT(2) 
PARAMETRIC_REPRESENTATION_CONTEXT() REPRESENTATION_CONTEXT('2D SPACE',''
  ) );
#2145 = FACE_BOUND('',#2146,.T.);
#2146 = EDGE_LOOP('',(#2147));
#2147 = ORIENTED_EDGE('',*,*,#1934,.T.);
#2148 = ADVANCED_FACE('',(#2149),#1786,.F.);
#2149 = FACE_BOUND('',#2150,.F.);
#2150 = EDGE_LOOP('',(#2151,#2152,#2175,#2201));
#2151 = ORIENTED_EDGE('',*,*,#2120,.F.);
#2152 = ORIENTED_EDGE('',*,*,#2153,.T.);
#2153 = EDGE_CURVE('',#2095,#2154,#2156,.T.);
#2154 = VERTEX_POINT('',#2155);
#2155 = CARTESIAN_POINT('',(26.531897372377,5.3,8.85));
#2156 = SURFACE_CURVE('',#2157,(#2161,#2168),.PCURVE_S1.);
#2157 = LINE('',#2158,#2159);
#2158 = CARTESIAN_POINT('',(26.531897372377,-5.3,8.85));
#2159 = VECTOR('',#2160,1.);
#2160 = DIRECTION('',(-0.,1.,-0.));
#2161 = PCURVE('',#1786,#2162);
#2162 = DEFINITIONAL_REPRESENTATION('',(#2163),#2167);
#2163 = LINE('',#2164,#2165);
#2164 = CARTESIAN_POINT('',(0.,0.));
#2165 = VECTOR('',#2166,1.);
#2166 = DIRECTION('',(0.,-1.));
#2167 = ( GEOMETRIC_REPRESENTATION_CONTEXT(2) 
PARAMETRIC_REPRESENTATION_CONTEXT() REPRESENTATION_CONTEXT('2D SPACE',''
  ) );
#2168 = PCURVE('',#2060,#2169);
#2169 = DEFINITIONAL_REPRESENTATION('',(#2170),#2174);
#2170 = LINE('',#2171,#2172);
#2171 = CARTESIAN_POINT('',(9.55,0.));
#2172 = VECTOR('',#2173,1.);
#2173 = DIRECTION('',(0.,-1.));
#2174 = ( GEOMETRIC_REPRESENTATION_CONTEXT(2) 
PARAMETRIC_REPRESENTATION_CONTEXT() REPRESENTATION_CONTEXT('2D SPACE',''
  ) );
#2175 = ORIENTED_EDGE('',*,*,#2176,.T.);
#2176 = EDGE_CURVE('',#2154,#1746,#2177,.T.);
#2177 = SURFACE_CURVE('',#2178,(#2183,#2190),.PCURVE_S1.);
#2178 = CIRCLE('',#2179,8.531897372377);
#2179 = AXIS2_PLACEMENT_3D('',#2180,#2181,#2182);
#2180 = CARTESIAN_POINT('',(18.,5.3,8.85));
#2181 = DIRECTION('',(0.,-1.,0.));
#2182 = DIRECTION('',(1.,0.,0.));
#2183 = PCURVE('',#1786,#2184);
#2184 = DEFINITIONAL_REPRESENTATION('',(#2185),#2189);
#2185 = LINE('',#2186,#2187);
#2186 = CARTESIAN_POINT('',(0.,-10.6));
#2187 = VECTOR('',#2188,1.);
#2188 = DIRECTION('',(1.,0.));
#2189 = ( GEOMETRIC_REPRESENTATION_CONTEXT(2) 
PARAMETRIC_REPRESENTATION_CONTEXT() REPRESENTATION_CONTEXT('2D SPACE',''
  ) );
#2190 = PCURVE('',#1761,#2191);
#2191 = DEFINITIONAL_REPRESENTATION('',(#2192),#2200);
#2192 = ( BOUNDED_CURVE() B_SPLINE_CURVE(2,(#2193,#2194,#2195,#2196,
#2197,#2198,#2199),.UNSPECIFIED.,.T.,.F.) B_SPLINE_CURVE_WITH_KNOTS((1,2
    ,2,2,2,1),(-2.094395102393,0.,2.094395102393,4.188790204786,
6.28318530718,8.377580409573),.UNSPECIFIED.) CURVE() 
GEOMETRIC_REPRESENTATION_ITEM() RATIONAL_B_SPLINE_CURVE((1.,0.5,1.,0.5,
1.,0.5,1.)) REPRESENTATION_ITEM('') );
#2193 = CARTESIAN_POINT('',(9.55,16.931897372377));
#2194 = CARTESIAN_POINT('',(24.32767973392,16.931897372377));
#2195 = CARTESIAN_POINT('',(16.93883986696,4.134051313812));
#2196 = CARTESIAN_POINT('',(9.55,-8.663794744754));
#2197 = CARTESIAN_POINT('',(2.16116013304,4.134051313812));
#2198 = CARTESIAN_POINT('',(-5.22767973392,16.931897372377));
#2199 = CARTESIAN_POINT('',(9.55,16.931897372377));
#2200 = ( GEOMETRIC_REPRESENTATION_CONTEXT(2) 
PARAMETRIC_REPRESENTATION_CONTEXT() REPRESENTATION_CONTEXT('2D SPACE',''
  ) );
#2201 = ORIENTED_EDGE('',*,*,#1773,.T.);
#2202 = ADVANCED_FACE('',(#2203,#2230),#1761,.F.);
#2203 = FACE_BOUND('',#2204,.F.);
#2204 = EDGE_LOOP('',(#2205,#2226,#2227,#2228,#2229));
#2205 = ORIENTED_EDGE('',*,*,#2206,.F.);
#2206 = EDGE_CURVE('',#2024,#2154,#2207,.T.);
#2207 = SURFACE_CURVE('',#2208,(#2212,#2219),.PCURVE_S1.);
#2208 = LINE('',#2209,#2210);
#2209 = CARTESIAN_POINT('',(26.531897372377,5.3,-0.7));
#2210 = VECTOR('',#2211,1.);
#2211 = DIRECTION('',(0.,0.,1.));
#2212 = PCURVE('',#1761,#2213);
#2213 = DEFINITIONAL_REPRESENTATION('',(#2214),#2218);
#2214 = LINE('',#2215,#2216);
#2215 = CARTESIAN_POINT('',(0.,16.931897372377));
#2216 = VECTOR('',#2217,1.);
#2217 = DIRECTION('',(1.,0.));
#2218 = ( GEOMETRIC_REPRESENTATION_CONTEXT(2) 
PARAMETRIC_REPRESENTATION_CONTEXT() REPRESENTATION_CONTEXT('2D SPACE',''
  ) );
#2219 = PCURVE('',#2060,#2220);
#2220 = DEFINITIONAL_REPRESENTATION('',(#2221),#2225);
#2221 = LINE('',#2222,#2223);
#2222 = CARTESIAN_POINT('',(0.,-10.6));
#2223 = VECTOR('',#2224,1.);
#2224 = DIRECTION('',(1.,0.));
#2225 = ( GEOMETRIC_REPRESENTATION_CONTEXT(2) 
PARAMETRIC_REPRESENTATION_CONTEXT() REPRESENTATION_CONTEXT('2D SPACE',''
  ) );
#2226 = ORIENTED_EDGE('',*,*,#2023,.T.);
#2227 = ORIENTED_EDGE('',*,*,#1800,.T.);
#2228 = ORIENTED_EDGE('',*,*,#1745,.T.);
#2229 = ORIENTED_EDGE('',*,*,#2176,.F.);
#2230 = FACE_BOUND('',#2231,.F.);
#2231 = EDGE_LOOP('',(#2232));
#2232 = ORIENTED_EDGE('',*,*,#1964,.T.);
#2233 = ADVANCED_FACE('',(#2234),#2060,.F.);
#2234 = FACE_BOUND('',#2235,.F.);
#2235 = EDGE_LOOP('',(#2236,#2237,#2238,#2239));
#2236 = ORIENTED_EDGE('',*,*,#2094,.F.);
#2237 = ORIENTED_EDGE('',*,*,#2045,.T.);
#2238 = ORIENTED_EDGE('',*,*,#2206,.T.);
#2239 = ORIENTED_EDGE('',*,*,#2153,.F.);
#2240 = ( GEOMETRIC_REPRESENTATION_CONTEXT(3) 
GLOBAL_UNCERTAINTY_ASSIGNED_CONTEXT((#2244)) 
GLOBAL_UNIT_ASSIGNED_CONTEXT((#2241,#2242,#2243)) REPRESENTATION_CONTEXT
('Context #1','3D Context with UNIT and UNCERTAINTY') );
#2241 = ( LENGTH_UNIT() NAMED_UNIT(*) SI_UNIT(.MILLI.,.METRE.) );
#2242 = ( NAMED_UNIT(*) PLANE_ANGLE_UNIT() SI_UNIT($,.RADIAN.) );
#2243 = ( NAMED_UNIT(*) SI_UNIT($,.STERADIAN.) SOLID_ANGLE_UNIT() );
#2244 = UNCERTAINTY_MEASURE_WITH_UNIT(LENGTH_MEASURE(1.E-05),#2241,
  'distance_accuracy_value','confusion accuracy');
#2245 = PRODUCT_RELATED_PRODUCT_CATEGORY('part',$,(#7));
ENDSEC;
END-ISO-10303-21;
