ISO-10303-21;
HEADER;
FILE_DESCRIPTION(('Open CASCADE Model'),'2;1');
FILE_NAME('Open CASCADE Shape Model','2026-09-29T02:17:51',('Author'),(
    'Open CASCADE'),'Open CASCADE STEP processor 7.9','Open CASCADE 7.9'
  ,'Unknown');
FILE_SCHEMA(('AUTOMOTIVE_DESIGN { 1 0 10303 214 1 1 1 1 }'));
ENDSEC;
DATA;
#1 = APPLICATION_PROTOCOL_DEFINITION('international standard',
  'automotive_design',2000,#2);
#2 = APPLICATION_CONTEXT(
  'core data for automotive mechanical design processes');
#3 = SHAPE_DEFINITION_REPRESENTATION(#4,#10);
#4 = PRODUCT_DEFINITION_SHAPE('','',#5);
#5 = PRODUCT_DEFINITION('design','',#6,#9);
#6 = PRODUCT_DEFINITION_FORMATION('','',#7);
#7 = PRODUCT('Open CASCADE STEP translator 7.9 9',
  'Open CASCADE STEP translator 7.9 9','',(#8));
#8 = PRODUCT_CONTEXT('',#2,'mechanical');
#9 = PRODUCT_DEFINITION_CONTEXT('part definition',#2,'design');
#10 = ADVANCED_BREP_SHAPE_REPRESENTATION('',(#11,#15),#6917);
#11 = AXIS2_PLACEMENT_3D('',#12,#13,#14);
#12 = CARTESIAN_POINT('',(0.,0.,0.));
#13 = DIRECTION('',(0.,0.,1.));
#14 = DIRECTION('',(1.,0.,-0.));
#15 = MANIFOLD_SOLID_BREP('',#16);
#16 = CLOSED_SHELL('',(#17,#135,#214,#1373,#1427,#1503,#1557,#1583,#1609
    ,#1641,#1717,#1766,#1815,#1864,#1911,#2057,#2104,#2153,#2432,#2575,
    #2622,#2863,#2912,#2959,#3059,#3128,#3175,#3222,#3325,#3372,#3421,
    #3468,#3559,#3606,#3655,#3776,#3830,#3945,#4100,#4149,#4175,#4224,
    #4251,#4306,#4361,#4416,#4471,#4497,#4746,#4753,#4764,#4826,#4851,
    #5075,#5120,#5191,#5216,#5270,#5297,#5324,#5456,#5483,#5490,#5523,
    #5530,#5579,#5628,#5655,#5697,#5704,#5753,#5779,#5786,#5812,#5866,
    #5958,#6012,#6039,#6043,#6073,#6077,#6107,#6154,#6181,#6236,#6291,
    #6346,#6395,#6422,#6477,#6527,#6577,#6584,#6685,#6776,#6801,#6828,
    #6855,#6861,#6868,#6875,#6879,#6883,#6910));
#17 = ADVANCED_FACE('',(#18),#32,.F.);
#18 = FACE_BOUND('',#19,.F.);
#19 = EDGE_LOOP('',(#20,#55,#83,#111));
#20 = ORIENTED_EDGE('',*,*,#21,.T.);
#21 = EDGE_CURVE('',#22,#24,#26,.T.);
#22 = VERTEX_POINT('',#23);
#23 = CARTESIAN_POINT('',(-53.,0.,-19.5));
#24 = VERTEX_POINT('',#25);
#25 = CARTESIAN_POINT('',(-53.,14.05,-19.5));
#26 = SURFACE_CURVE('',#27,(#31,#43),.PCURVE_S1.);
#27 = LINE('',#28,#29);
#28 = CARTESIAN_POINT('',(-53.,-14.55,-19.5));
#29 = VECTOR('',#30,1.);
#30 = DIRECTION('',(0.,1.,0.));
#31 = PCURVE('',#32,#37);
#32 = PLANE('',#33);
#33 = AXIS2_PLACEMENT_3D('',#34,#35,#36);
#34 = CARTESIAN_POINT('',(-53.,-14.55,-20.));
#35 = DIRECTION('',(1.,0.,0.));
#36 = DIRECTION('',(0.,0.,1.));
#37 = DEFINITIONAL_REPRESENTATION('',(#38),#42);
#38 = LINE('',#39,#40);
#39 = CARTESIAN_POINT('',(0.5,0.));
#40 = VECTOR('',#41,1.);
#41 = DIRECTION('',(0.,-1.));
#42 = ( GEOMETRIC_REPRESENTATION_CONTEXT(2) 
PARAMETRIC_REPRESENTATION_CONTEXT() REPRESENTATION_CONTEXT('2D SPACE',''
  ) );
#43 = PCURVE('',#44,#49);
#44 = PLANE('',#45);
#45 = AXIS2_PLACEMENT_3D('',#46,#47,#48);
#46 = CARTESIAN_POINT('',(-52.75,-14.55,-19.75));
#47 = DIRECTION('',(-0.707106781187,0.,-0.707106781187));
#48 = DIRECTION('',(0.,1.,0.));
#49 = DEFINITIONAL_REPRESENTATION('',(#50),#54);
#50 = LINE('',#51,#52);
#51 = CARTESIAN_POINT('',(0.,-0.353553390593));
#52 = VECTOR('',#53,1.);
#53 = DIRECTION('',(1.,0.));
#54 = ( GEOMETRIC_REPRESENTATION_CONTEXT(2) 
PARAMETRIC_REPRESENTATION_CONTEXT() REPRESENTATION_CONTEXT('2D SPACE',''
  ) );
#55 = ORIENTED_EDGE('',*,*,#56,.T.);
#56 = EDGE_CURVE('',#24,#57,#59,.T.);
#57 = VERTEX_POINT('',#58);
#58 = CARTESIAN_POINT('',(-53.,14.05,33.));
#59 = SURFACE_CURVE('',#60,(#64,#71),.PCURVE_S1.);
#60 = LINE('',#61,#62);
#61 = CARTESIAN_POINT('',(-53.,14.05,-20.));
#62 = VECTOR('',#63,1.);
#63 = DIRECTION('',(0.,0.,1.));
#64 = PCURVE('',#32,#65);
#65 = DEFINITIONAL_REPRESENTATION('',(#66),#70);
#66 = LINE('',#67,#68);
#67 = CARTESIAN_POINT('',(0.,-28.6));
#68 = VECTOR('',#69,1.);
#69 = DIRECTION('',(1.,0.));
#70 = ( GEOMETRIC_REPRESENTATION_CONTEXT(2) 
PARAMETRIC_REPRESENTATION_CONTEXT() REPRESENTATION_CONTEXT('2D SPACE',''
  ) );
#71 = PCURVE('',#72,#77);
#72 = PLANE('',#73);
#73 = AXIS2_PLACEMENT_3D('',#74,#75,#76);
#74 = CARTESIAN_POINT('',(-52.75,14.3,-20.));
#75 = DIRECTION('',(0.707106781187,-0.707106781187,0.));
#76 = DIRECTION('',(-0.,-0.,-1.));
#77 = DEFINITIONAL_REPRESENTATION('',(#78),#82);
#78 = LINE('',#79,#80);
#79 = CARTESIAN_POINT('',(-0.,-0.353553390593));
#80 = VECTOR('',#81,1.);
#81 = DIRECTION('',(-1.,0.));
#82 = ( GEOMETRIC_REPRESENTATION_CONTEXT(2) 
PARAMETRIC_REPRESENTATION_CONTEXT() REPRESENTATION_CONTEXT('2D SPACE',''
  ) );
#83 = ORIENTED_EDGE('',*,*,#84,.F.);
#84 = EDGE_CURVE('',#85,#57,#87,.T.);
#85 = VERTEX_POINT('',#86);
#86 = CARTESIAN_POINT('',(-53.,0.,33.));
#87 = SURFACE_CURVE('',#88,(#92,#99),.PCURVE_S1.);
#88 = LINE('',#89,#90);
#89 = CARTESIAN_POINT('',(-53.,-14.55,33.));
#90 = VECTOR('',#91,1.);
#91 = DIRECTION('',(0.,1.,0.));
#92 = PCURVE('',#32,#93);
#93 = DEFINITIONAL_REPRESENTATION('',(#94),#98);
#94 = LINE('',#95,#96);
#95 = CARTESIAN_POINT('',(53.,0.));
#96 = VECTOR('',#97,1.);
#97 = DIRECTION('',(0.,-1.));
#98 = ( GEOMETRIC_REPRESENTATION_CONTEXT(2) 
PARAMETRIC_REPRESENTATION_CONTEXT() REPRESENTATION_CONTEXT('2D SPACE',''
  ) );
#99 = PCURVE('',#100,#105);
#100 = PLANE('',#101);
#101 = AXIS2_PLACEMENT_3D('',#102,#103,#104);
#102 = CARTESIAN_POINT('',(-52.75,-14.55,33.25));
#103 = DIRECTION('',(0.707106781187,0.,-0.707106781187));
#104 = DIRECTION('',(0.,1.,0.));
#105 = DEFINITIONAL_REPRESENTATION('',(#106),#110);
#106 = LINE('',#107,#108);
#107 = CARTESIAN_POINT('',(0.,-0.353553390593));
#108 = VECTOR('',#109,1.);
#109 = DIRECTION('',(1.,0.));
#110 = ( GEOMETRIC_REPRESENTATION_CONTEXT(2) 
PARAMETRIC_REPRESENTATION_CONTEXT() REPRESENTATION_CONTEXT('2D SPACE',''
  ) );
#111 = ORIENTED_EDGE('',*,*,#112,.F.);
#112 = EDGE_CURVE('',#22,#85,#113,.T.);
#113 = SURFACE_CURVE('',#114,(#118,#124),.PCURVE_S1.);
#114 = LINE('',#115,#116);
#115 = CARTESIAN_POINT('',(-53.,0.,-22.5));
#116 = VECTOR('',#117,1.);
#117 = DIRECTION('',(0.,0.,1.));
#118 = PCURVE('',#32,#119);
#119 = DEFINITIONAL_REPRESENTATION('',(#120),#123);
#120 = B_SPLINE_CURVE_WITH_KNOTS('',1,(#121,#122),.UNSPECIFIED.,.F.,.F.,
  (2,2),(3.,55.5),.PIECEWISE_BEZIER_KNOTS.);
#121 = CARTESIAN_POINT('',(0.5,-14.55));
#122 = CARTESIAN_POINT('',(53.,-14.55));
#123 = ( GEOMETRIC_REPRESENTATION_CONTEXT(2) 
PARAMETRIC_REPRESENTATION_CONTEXT() REPRESENTATION_CONTEXT('2D SPACE',''
  ) );
#124 = PCURVE('',#125,#130);
#125 = PLANE('',#126);
#126 = AXIS2_PLACEMENT_3D('',#127,#128,#129);
#127 = CARTESIAN_POINT('',(-58.,0.,-25.));
#128 = DIRECTION('',(0.,1.,0.));
#129 = DIRECTION('',(0.,0.,1.));
#130 = DEFINITIONAL_REPRESENTATION('',(#131),#134);
#131 = B_SPLINE_CURVE_WITH_KNOTS('',1,(#132,#133),.UNSPECIFIED.,.F.,.F.,
  (2,2),(3.,55.5),.PIECEWISE_BEZIER_KNOTS.);
#132 = CARTESIAN_POINT('',(5.5,5.));
#133 = CARTESIAN_POINT('',(58.,5.));
#134 = ( GEOMETRIC_REPRESENTATION_CONTEXT(2) 
PARAMETRIC_REPRESENTATION_CONTEXT() REPRESENTATION_CONTEXT('2D SPACE',''
  ) );
#135 = ADVANCED_FACE('',(#136),#44,.T.);
#136 = FACE_BOUND('',#137,.T.);
#137 = EDGE_LOOP('',(#138,#159,#160,#188));
#138 = ORIENTED_EDGE('',*,*,#139,.F.);
#139 = EDGE_CURVE('',#22,#140,#142,.T.);
#140 = VERTEX_POINT('',#141);
#141 = CARTESIAN_POINT('',(-52.5,0.,-20.));
#142 = SURFACE_CURVE('',#143,(#147,#153),.PCURVE_S1.);
#143 = LINE('',#144,#145);
#144 = CARTESIAN_POINT('',(-52.75,-1.7763568394E-15,-19.75));
#145 = VECTOR('',#146,1.);
#146 = DIRECTION('',(0.707106781187,0.,-0.707106781187));
#147 = PCURVE('',#44,#148);
#148 = DEFINITIONAL_REPRESENTATION('',(#149),#152);
#149 = B_SPLINE_CURVE_WITH_KNOTS('',1,(#150,#151),.UNSPECIFIED.,.F.,.F.,
  (2,2),(-0.353553390593,0.353553390593),.PIECEWISE_BEZIER_KNOTS.);
#150 = CARTESIAN_POINT('',(14.55,-0.353553390593));
#151 = CARTESIAN_POINT('',(14.55,0.353553390593));
#152 = ( GEOMETRIC_REPRESENTATION_CONTEXT(2) 
PARAMETRIC_REPRESENTATION_CONTEXT() REPRESENTATION_CONTEXT('2D SPACE',''
  ) );
#153 = PCURVE('',#125,#154);
#154 = DEFINITIONAL_REPRESENTATION('',(#155),#158);
#155 = B_SPLINE_CURVE_WITH_KNOTS('',1,(#156,#157),.UNSPECIFIED.,.F.,.F.,
  (2,2),(-0.353553390593,0.353553390593),.PIECEWISE_BEZIER_KNOTS.);
#156 = CARTESIAN_POINT('',(5.5,5.));
#157 = CARTESIAN_POINT('',(5.,5.5));
#158 = ( GEOMETRIC_REPRESENTATION_CONTEXT(2) 
PARAMETRIC_REPRESENTATION_CONTEXT() REPRESENTATION_CONTEXT('2D SPACE',''
  ) );
#159 = ORIENTED_EDGE('',*,*,#21,.T.);
#160 = ORIENTED_EDGE('',*,*,#161,.F.);
#161 = EDGE_CURVE('',#162,#24,#164,.T.);
#162 = VERTEX_POINT('',#163);
#163 = CARTESIAN_POINT('',(-52.5,14.05,-20.));
#164 = SURFACE_CURVE('',#165,(#169,#176),.PCURVE_S1.);
#165 = LINE('',#166,#167);
#166 = CARTESIAN_POINT('',(-52.625,14.05,-19.875));
#167 = VECTOR('',#168,1.);
#168 = DIRECTION('',(-0.707106781187,0.,0.707106781187));
#169 = PCURVE('',#44,#170);
#170 = DEFINITIONAL_REPRESENTATION('',(#171),#175);
#171 = LINE('',#172,#173);
#172 = CARTESIAN_POINT('',(28.6,0.176776695297));
#173 = VECTOR('',#174,1.);
#174 = DIRECTION('',(0.,-1.));
#175 = ( GEOMETRIC_REPRESENTATION_CONTEXT(2) 
PARAMETRIC_REPRESENTATION_CONTEXT() REPRESENTATION_CONTEXT('2D SPACE',''
  ) );
#176 = PCURVE('',#177,#182);
#177 = PLANE('',#178);
#178 = AXIS2_PLACEMENT_3D('',#179,#180,#181);
#179 = CARTESIAN_POINT('',(-52.5,14.05,-20.));
#180 = DIRECTION('',(0.57735026919,-0.57735026919,0.57735026919));
#181 = DIRECTION('',(0.707106781187,0.707106781187,0.));
#182 = DEFINITIONAL_REPRESENTATION('',(#183),#187);
#183 = LINE('',#184,#185);
#184 = CARTESIAN_POINT('',(-8.838834764832E-02,0.153093108924));
#185 = VECTOR('',#186,1.);
#186 = DIRECTION('',(-0.5,0.866025403784));
#187 = ( GEOMETRIC_REPRESENTATION_CONTEXT(2) 
PARAMETRIC_REPRESENTATION_CONTEXT() REPRESENTATION_CONTEXT('2D SPACE',''
  ) );
#188 = ORIENTED_EDGE('',*,*,#189,.F.);
#189 = EDGE_CURVE('',#140,#162,#190,.T.);
#190 = SURFACE_CURVE('',#191,(#195,#202),.PCURVE_S1.);
#191 = LINE('',#192,#193);
#192 = CARTESIAN_POINT('',(-52.5,-14.55,-20.));
#193 = VECTOR('',#194,1.);
#194 = DIRECTION('',(0.,1.,0.));
#195 = PCURVE('',#44,#196);
#196 = DEFINITIONAL_REPRESENTATION('',(#197),#201);
#197 = LINE('',#198,#199);
#198 = CARTESIAN_POINT('',(0.,0.353553390593));
#199 = VECTOR('',#200,1.);
#200 = DIRECTION('',(1.,0.));
#201 = ( GEOMETRIC_REPRESENTATION_CONTEXT(2) 
PARAMETRIC_REPRESENTATION_CONTEXT() REPRESENTATION_CONTEXT('2D SPACE',''
  ) );
#202 = PCURVE('',#203,#208);
#203 = PLANE('',#204);
#204 = AXIS2_PLACEMENT_3D('',#205,#206,#207);
#205 = CARTESIAN_POINT('',(-53.,-14.55,-20.));
#206 = DIRECTION('',(0.,0.,1.));
#207 = DIRECTION('',(1.,0.,0.));
#208 = DEFINITIONAL_REPRESENTATION('',(#209),#213);
#209 = LINE('',#210,#211);
#210 = CARTESIAN_POINT('',(0.5,0.));
#211 = VECTOR('',#212,1.);
#212 = DIRECTION('',(0.,1.));
#213 = ( GEOMETRIC_REPRESENTATION_CONTEXT(2) 
PARAMETRIC_REPRESENTATION_CONTEXT() REPRESENTATION_CONTEXT('2D SPACE',''
  ) );
#214 = ADVANCED_FACE('',(#215,#1233,#1268,#1303,#1338),#125,.F.);
#215 = FACE_BOUND('',#216,.F.);
#216 = EDGE_LOOP('',(#217,#245,#273,#299,#325,#351,#377,#403,#429,#455,
    #481,#507,#533,#559,#585,#611,#637,#663,#689,#715,#741,#767,#793,
    #814,#839,#865,#891,#917,#943,#969,#995,#1021,#1047,#1066,#1067,
    #1068,#1089,#1115,#1141,#1167,#1193,#1214));
#217 = ORIENTED_EDGE('',*,*,#218,.F.);
#218 = EDGE_CURVE('',#219,#221,#223,.T.);
#219 = VERTEX_POINT('',#220);
#220 = CARTESIAN_POINT('',(-43.1,0.,-18.));
#221 = VERTEX_POINT('',#222);
#222 = CARTESIAN_POINT('',(-49.9,4.163799117101E-16,-18.));
#223 = SURFACE_CURVE('',#224,(#228,#234),.PCURVE_S1.);
#224 = LINE('',#225,#226);
#225 = CARTESIAN_POINT('',(-52.25,0.,-18.));
#226 = VECTOR('',#227,1.);
#227 = DIRECTION('',(-1.,0.,0.));
#228 = PCURVE('',#125,#229);
#229 = DEFINITIONAL_REPRESENTATION('',(#230),#233);
#230 = B_SPLINE_CURVE_WITH_KNOTS('',1,(#231,#232),.UNSPECIFIED.,.F.,.F.,
  (2,2),(-9.15,-2.35),.PIECEWISE_BEZIER_KNOTS.);
#231 = CARTESIAN_POINT('',(7.,14.9));
#232 = CARTESIAN_POINT('',(7.,8.1));
#233 = ( GEOMETRIC_REPRESENTATION_CONTEXT(2) 
PARAMETRIC_REPRESENTATION_CONTEXT() REPRESENTATION_CONTEXT('2D SPACE',''
  ) );
#234 = PCURVE('',#235,#240);
#235 = PLANE('',#236);
#236 = AXIS2_PLACEMENT_3D('',#237,#238,#239);
#237 = CARTESIAN_POINT('',(-46.5,2.633949703729E-16,-18.));
#238 = DIRECTION('',(0.,0.,1.));
#239 = DIRECTION('',(1.,0.,-0.));
#240 = DEFINITIONAL_REPRESENTATION('',(#241),#244);
#241 = B_SPLINE_CURVE_WITH_KNOTS('',1,(#242,#243),.UNSPECIFIED.,.F.,.F.,
  (2,2),(-9.15,-2.35),.PIECEWISE_BEZIER_KNOTS.);
#242 = CARTESIAN_POINT('',(3.4,-2.633949703729E-16));
#243 = CARTESIAN_POINT('',(-3.4,-2.633949703729E-16));
#244 = ( GEOMETRIC_REPRESENTATION_CONTEXT(2) 
PARAMETRIC_REPRESENTATION_CONTEXT() REPRESENTATION_CONTEXT('2D SPACE',''
  ) );
#245 = ORIENTED_EDGE('',*,*,#246,.T.);
#246 = EDGE_CURVE('',#219,#247,#249,.T.);
#247 = VERTEX_POINT('',#248);
#248 = CARTESIAN_POINT('',(-43.1,0.,-6.5));
#249 = SURFACE_CURVE('',#250,(#254,#261),.PCURVE_S1.);
#250 = LINE('',#251,#252);
#251 = CARTESIAN_POINT('',(-43.1,0.,-18.));
#252 = VECTOR('',#253,1.);
#253 = DIRECTION('',(0.,0.,1.));
#254 = PCURVE('',#125,#255);
#255 = DEFINITIONAL_REPRESENTATION('',(#256),#260);
#256 = LINE('',#257,#258);
#257 = CARTESIAN_POINT('',(7.,14.9));
#258 = VECTOR('',#259,1.);
#259 = DIRECTION('',(1.,0.));
#260 = ( GEOMETRIC_REPRESENTATION_CONTEXT(2) 
PARAMETRIC_REPRESENTATION_CONTEXT() REPRESENTATION_CONTEXT('2D SPACE',''
  ) );
#261 = PCURVE('',#262,#267);
#262 = CYLINDRICAL_SURFACE('',#263,3.4);
#263 = AXIS2_PLACEMENT_3D('',#264,#265,#266);
#264 = CARTESIAN_POINT('',(-46.5,0.,-18.));
#265 = DIRECTION('',(-0.,-0.,-1.));
#266 = DIRECTION('',(1.,0.,0.));
#267 = DEFINITIONAL_REPRESENTATION('',(#268),#272);
#268 = LINE('',#269,#270);
#269 = CARTESIAN_POINT('',(-0.,0.));
#270 = VECTOR('',#271,1.);
#271 = DIRECTION('',(-0.,-1.));
#272 = ( GEOMETRIC_REPRESENTATION_CONTEXT(2) 
PARAMETRIC_REPRESENTATION_CONTEXT() REPRESENTATION_CONTEXT('2D SPACE',''
  ) );
#273 = ORIENTED_EDGE('',*,*,#274,.F.);
#274 = EDGE_CURVE('',#275,#247,#277,.T.);
#275 = VERTEX_POINT('',#276);
#276 = CARTESIAN_POINT('',(-41.5,0.,-6.5));
#277 = SURFACE_CURVE('',#278,(#282,#288),.PCURVE_S1.);
#278 = LINE('',#279,#280);
#279 = CARTESIAN_POINT('',(-54.1,0.,-6.5));
#280 = VECTOR('',#281,1.);
#281 = DIRECTION('',(-1.,0.,0.));
#282 = PCURVE('',#125,#283);
#283 = DEFINITIONAL_REPRESENTATION('',(#284),#287);
#284 = B_SPLINE_CURVE_WITH_KNOTS('',1,(#285,#286),.UNSPECIFIED.,.F.,.F.,
  (2,2),(-12.6,-3.9),.PIECEWISE_BEZIER_KNOTS.);
#285 = CARTESIAN_POINT('',(18.5,16.5));
#286 = CARTESIAN_POINT('',(18.5,7.8));
#287 = ( GEOMETRIC_REPRESENTATION_CONTEXT(2) 
PARAMETRIC_REPRESENTATION_CONTEXT() REPRESENTATION_CONTEXT('2D SPACE',''
  ) );
#288 = PCURVE('',#289,#294);
#289 = PLANE('',#290);
#290 = AXIS2_PLACEMENT_3D('',#291,#292,#293);
#291 = CARTESIAN_POINT('',(-50.2,-6.3,-6.5));
#292 = DIRECTION('',(0.,0.,1.));
#293 = DIRECTION('',(1.,0.,0.));
#294 = DEFINITIONAL_REPRESENTATION('',(#295),#298);
#295 = B_SPLINE_CURVE_WITH_KNOTS('',1,(#296,#297),.UNSPECIFIED.,.F.,.F.,
  (2,2),(-12.6,-3.9),.PIECEWISE_BEZIER_KNOTS.);
#296 = CARTESIAN_POINT('',(8.7,6.3));
#297 = CARTESIAN_POINT('',(0.,6.3));
#298 = ( GEOMETRIC_REPRESENTATION_CONTEXT(2) 
PARAMETRIC_REPRESENTATION_CONTEXT() REPRESENTATION_CONTEXT('2D SPACE',''
  ) );
#299 = ORIENTED_EDGE('',*,*,#300,.F.);
#300 = EDGE_CURVE('',#301,#275,#303,.T.);
#301 = VERTEX_POINT('',#302);
#302 = CARTESIAN_POINT('',(-41.5,0.,-16.5));
#303 = SURFACE_CURVE('',#304,(#308,#314),.PCURVE_S1.);
#304 = LINE('',#305,#306);
#305 = CARTESIAN_POINT('',(-41.5,0.,-20.75));
#306 = VECTOR('',#307,1.);
#307 = DIRECTION('',(0.,0.,1.));
#308 = PCURVE('',#125,#309);
#309 = DEFINITIONAL_REPRESENTATION('',(#310),#313);
#310 = B_SPLINE_CURVE_WITH_KNOTS('',1,(#311,#312),.UNSPECIFIED.,.F.,.F.,
  (2,2),(4.25,14.25),.PIECEWISE_BEZIER_KNOTS.);
#311 = CARTESIAN_POINT('',(8.5,16.5));
#312 = CARTESIAN_POINT('',(18.5,16.5));
#313 = ( GEOMETRIC_REPRESENTATION_CONTEXT(2) 
PARAMETRIC_REPRESENTATION_CONTEXT() REPRESENTATION_CONTEXT('2D SPACE',''
  ) );
#314 = PCURVE('',#315,#320);
#315 = PLANE('',#316);
#316 = AXIS2_PLACEMENT_3D('',#317,#318,#319);
#317 = CARTESIAN_POINT('',(-41.5,-6.3,-16.5));
#318 = DIRECTION('',(1.,0.,0.));
#319 = DIRECTION('',(0.,0.,1.));
#320 = DEFINITIONAL_REPRESENTATION('',(#321),#324);
#321 = B_SPLINE_CURVE_WITH_KNOTS('',1,(#322,#323),.UNSPECIFIED.,.F.,.F.,
  (2,2),(4.25,14.25),.PIECEWISE_BEZIER_KNOTS.);
#322 = CARTESIAN_POINT('',(0.,-6.3));
#323 = CARTESIAN_POINT('',(10.,-6.3));
#324 = ( GEOMETRIC_REPRESENTATION_CONTEXT(2) 
PARAMETRIC_REPRESENTATION_CONTEXT() REPRESENTATION_CONTEXT('2D SPACE',''
  ) );
#325 = ORIENTED_EDGE('',*,*,#326,.F.);
#326 = EDGE_CURVE('',#327,#301,#329,.T.);
#327 = VERTEX_POINT('',#328);
#328 = CARTESIAN_POINT('',(-30.9,0.,-16.5));
#329 = SURFACE_CURVE('',#330,(#334,#340),.PCURVE_S1.);
#330 = LINE('',#331,#332);
#331 = CARTESIAN_POINT('',(-49.75,0.,-16.5));
#332 = VECTOR('',#333,1.);
#333 = DIRECTION('',(-1.,0.,0.));
#334 = PCURVE('',#125,#335);
#335 = DEFINITIONAL_REPRESENTATION('',(#336),#339);
#336 = B_SPLINE_CURVE_WITH_KNOTS('',1,(#337,#338),.UNSPECIFIED.,.F.,.F.,
  (2,2),(-18.85,-8.25),.PIECEWISE_BEZIER_KNOTS.);
#337 = CARTESIAN_POINT('',(8.5,27.1));
#338 = CARTESIAN_POINT('',(8.5,16.5));
#339 = ( GEOMETRIC_REPRESENTATION_CONTEXT(2) 
PARAMETRIC_REPRESENTATION_CONTEXT() REPRESENTATION_CONTEXT('2D SPACE',''
  ) );
#340 = PCURVE('',#341,#346);
#341 = PLANE('',#342);
#342 = AXIS2_PLACEMENT_3D('',#343,#344,#345);
#343 = CARTESIAN_POINT('',(-41.5,-6.3,-16.5));
#344 = DIRECTION('',(0.,0.,1.));
#345 = DIRECTION('',(1.,0.,0.));
#346 = DEFINITIONAL_REPRESENTATION('',(#347),#350);
#347 = B_SPLINE_CURVE_WITH_KNOTS('',1,(#348,#349),.UNSPECIFIED.,.F.,.F.,
  (2,2),(-18.85,-8.25),.PIECEWISE_BEZIER_KNOTS.);
#348 = CARTESIAN_POINT('',(10.6,6.3));
#349 = CARTESIAN_POINT('',(0.,6.3));
#350 = ( GEOMETRIC_REPRESENTATION_CONTEXT(2) 
PARAMETRIC_REPRESENTATION_CONTEXT() REPRESENTATION_CONTEXT('2D SPACE',''
  ) );
#351 = ORIENTED_EDGE('',*,*,#352,.T.);
#352 = EDGE_CURVE('',#327,#353,#355,.T.);
#353 = VERTEX_POINT('',#354);
#354 = CARTESIAN_POINT('',(-30.9,0.,-16.));
#355 = SURFACE_CURVE('',#356,(#360,#366),.PCURVE_S1.);
#356 = LINE('',#357,#358);
#357 = CARTESIAN_POINT('',(-30.9,0.,-20.75));
#358 = VECTOR('',#359,1.);
#359 = DIRECTION('',(0.,0.,1.));
#360 = PCURVE('',#125,#361);
#361 = DEFINITIONAL_REPRESENTATION('',(#362),#365);
#362 = B_SPLINE_CURVE_WITH_KNOTS('',1,(#363,#364),.UNSPECIFIED.,.F.,.F.,
  (2,2),(4.25,54.25),.PIECEWISE_BEZIER_KNOTS.);
#363 = CARTESIAN_POINT('',(8.5,27.1));
#364 = CARTESIAN_POINT('',(58.5,27.1));
#365 = ( GEOMETRIC_REPRESENTATION_CONTEXT(2) 
PARAMETRIC_REPRESENTATION_CONTEXT() REPRESENTATION_CONTEXT('2D SPACE',''
  ) );
#366 = PCURVE('',#367,#372);
#367 = PLANE('',#368);
#368 = AXIS2_PLACEMENT_3D('',#369,#370,#371);
#369 = CARTESIAN_POINT('',(-30.9,-6.3,-16.5));
#370 = DIRECTION('',(1.,0.,0.));
#371 = DIRECTION('',(0.,0.,1.));
#372 = DEFINITIONAL_REPRESENTATION('',(#373),#376);
#373 = B_SPLINE_CURVE_WITH_KNOTS('',1,(#374,#375),.UNSPECIFIED.,.F.,.F.,
  (2,2),(4.25,54.25),.PIECEWISE_BEZIER_KNOTS.);
#374 = CARTESIAN_POINT('',(0.,-6.3));
#375 = CARTESIAN_POINT('',(50.,-6.3));
#376 = ( GEOMETRIC_REPRESENTATION_CONTEXT(2) 
PARAMETRIC_REPRESENTATION_CONTEXT() REPRESENTATION_CONTEXT('2D SPACE',''
  ) );
#377 = ORIENTED_EDGE('',*,*,#378,.F.);
#378 = EDGE_CURVE('',#379,#353,#381,.T.);
#379 = VERTEX_POINT('',#380);
#380 = CARTESIAN_POINT('',(-16.29,0.,-16.));
#381 = SURFACE_CURVE('',#382,(#386,#392),.PCURVE_S1.);
#382 = LINE('',#383,#384);
#383 = CARTESIAN_POINT('',(-49.5,0.,-16.));
#384 = VECTOR('',#385,1.);
#385 = DIRECTION('',(-1.,0.,0.));
#386 = PCURVE('',#125,#387);
#387 = DEFINITIONAL_REPRESENTATION('',(#388),#391);
#388 = B_SPLINE_CURVE_WITH_KNOTS('',1,(#389,#390),.UNSPECIFIED.,.F.,.F.,
  (2,2),(-33.21,-18.6),.PIECEWISE_BEZIER_KNOTS.);
#389 = CARTESIAN_POINT('',(9.,41.71));
#390 = CARTESIAN_POINT('',(9.,27.1));
#391 = ( GEOMETRIC_REPRESENTATION_CONTEXT(2) 
PARAMETRIC_REPRESENTATION_CONTEXT() REPRESENTATION_CONTEXT('2D SPACE',''
  ) );
#392 = PCURVE('',#393,#398);
#393 = PLANE('',#394);
#394 = AXIS2_PLACEMENT_3D('',#395,#396,#397);
#395 = CARTESIAN_POINT('',(-41.,-3.6,-16.));
#396 = DIRECTION('',(0.,0.,1.));
#397 = DIRECTION('',(1.,0.,0.));
#398 = DEFINITIONAL_REPRESENTATION('',(#399),#402);
#399 = B_SPLINE_CURVE_WITH_KNOTS('',1,(#400,#401),.UNSPECIFIED.,.F.,.F.,
  (2,2),(-33.21,-18.6),.PIECEWISE_BEZIER_KNOTS.);
#400 = CARTESIAN_POINT('',(24.71,3.6));
#401 = CARTESIAN_POINT('',(10.1,3.6));
#402 = ( GEOMETRIC_REPRESENTATION_CONTEXT(2) 
PARAMETRIC_REPRESENTATION_CONTEXT() REPRESENTATION_CONTEXT('2D SPACE',''
  ) );
#403 = ORIENTED_EDGE('',*,*,#404,.T.);
#404 = EDGE_CURVE('',#379,#405,#407,.T.);
#405 = VERTEX_POINT('',#406);
#406 = CARTESIAN_POINT('',(-16.29,0.,-14.));
#407 = SURFACE_CURVE('',#408,(#412,#418),.PCURVE_S1.);
#408 = LINE('',#409,#410);
#409 = CARTESIAN_POINT('',(-16.29,0.,-20.5));
#410 = VECTOR('',#411,1.);
#411 = DIRECTION('',(0.,0.,1.));
#412 = PCURVE('',#125,#413);
#413 = DEFINITIONAL_REPRESENTATION('',(#414),#417);
#414 = B_SPLINE_CURVE_WITH_KNOTS('',1,(#415,#416),.UNSPECIFIED.,.F.,.F.,
  (2,2),(4.5,25.5),.PIECEWISE_BEZIER_KNOTS.);
#415 = CARTESIAN_POINT('',(9.,41.71));
#416 = CARTESIAN_POINT('',(30.,41.71));
#417 = ( GEOMETRIC_REPRESENTATION_CONTEXT(2) 
PARAMETRIC_REPRESENTATION_CONTEXT() REPRESENTATION_CONTEXT('2D SPACE',''
  ) );
#418 = PCURVE('',#419,#424);
#419 = PLANE('',#420);
#420 = AXIS2_PLACEMENT_3D('',#421,#422,#423);
#421 = CARTESIAN_POINT('',(-16.29,-3.6,-16.));
#422 = DIRECTION('',(1.,0.,0.));
#423 = DIRECTION('',(0.,0.,1.));
#424 = DEFINITIONAL_REPRESENTATION('',(#425),#428);
#425 = B_SPLINE_CURVE_WITH_KNOTS('',1,(#426,#427),.UNSPECIFIED.,.F.,.F.,
  (2,2),(4.5,25.5),.PIECEWISE_BEZIER_KNOTS.);
#426 = CARTESIAN_POINT('',(0.,-3.6));
#427 = CARTESIAN_POINT('',(21.,-3.6));
#428 = ( GEOMETRIC_REPRESENTATION_CONTEXT(2) 
PARAMETRIC_REPRESENTATION_CONTEXT() REPRESENTATION_CONTEXT('2D SPACE',''
  ) );
#429 = ORIENTED_EDGE('',*,*,#430,.F.);
#430 = EDGE_CURVE('',#431,#405,#433,.T.);
#431 = VERTEX_POINT('',#432);
#432 = CARTESIAN_POINT('',(-14.3,0.,-14.));
#433 = SURFACE_CURVE('',#434,(#438,#444),.PCURVE_S1.);
#434 = LINE('',#435,#436);
#435 = CARTESIAN_POINT('',(-37.155,0.,-14.));
#436 = VECTOR('',#437,1.);
#437 = DIRECTION('',(-1.,0.,0.));
#438 = PCURVE('',#125,#439);
#439 = DEFINITIONAL_REPRESENTATION('',(#440),#443);
#440 = B_SPLINE_CURVE_WITH_KNOTS('',1,(#441,#442),.UNSPECIFIED.,.F.,.F.,
  (2,2),(-22.855,-20.865),.PIECEWISE_BEZIER_KNOTS.);
#441 = CARTESIAN_POINT('',(11.,43.7));
#442 = CARTESIAN_POINT('',(11.,41.71));
#443 = ( GEOMETRIC_REPRESENTATION_CONTEXT(2) 
PARAMETRIC_REPRESENTATION_CONTEXT() REPRESENTATION_CONTEXT('2D SPACE',''
  ) );
#444 = PCURVE('',#445,#450);
#445 = PLANE('',#446);
#446 = AXIS2_PLACEMENT_3D('',#447,#448,#449);
#447 = CARTESIAN_POINT('',(-16.31,-3.5,-14.));
#448 = DIRECTION('',(0.,0.,1.));
#449 = DIRECTION('',(1.,0.,0.));
#450 = DEFINITIONAL_REPRESENTATION('',(#451),#454);
#451 = B_SPLINE_CURVE_WITH_KNOTS('',1,(#452,#453),.UNSPECIFIED.,.F.,.F.,
  (2,2),(-22.855,-20.865),.PIECEWISE_BEZIER_KNOTS.);
#452 = CARTESIAN_POINT('',(2.01,3.5));
#453 = CARTESIAN_POINT('',(2.E-02,3.5));
#454 = ( GEOMETRIC_REPRESENTATION_CONTEXT(2) 
PARAMETRIC_REPRESENTATION_CONTEXT() REPRESENTATION_CONTEXT('2D SPACE',''
  ) );
#455 = ORIENTED_EDGE('',*,*,#456,.F.);
#456 = EDGE_CURVE('',#457,#431,#459,.T.);
#457 = VERTEX_POINT('',#458);
#458 = CARTESIAN_POINT('',(-14.3,0.,-17.));
#459 = SURFACE_CURVE('',#460,(#464,#470),.PCURVE_S1.);
#460 = LINE('',#461,#462);
#461 = CARTESIAN_POINT('',(-14.3,0.,4.198431457505));
#462 = VECTOR('',#463,1.);
#463 = DIRECTION('',(0.,0.,1.));
#464 = PCURVE('',#125,#465);
#465 = DEFINITIONAL_REPRESENTATION('',(#466),#469);
#466 = B_SPLINE_CURVE_WITH_KNOTS('',1,(#467,#468),.UNSPECIFIED.,.F.,.F.,
  (2,2),(-21.1984314575,31.801568542495),.PIECEWISE_BEZIER_KNOTS.);
#467 = CARTESIAN_POINT('',(8.,43.7));
#468 = CARTESIAN_POINT('',(61.,43.7));
#469 = ( GEOMETRIC_REPRESENTATION_CONTEXT(2) 
PARAMETRIC_REPRESENTATION_CONTEXT() REPRESENTATION_CONTEXT('2D SPACE',''
  ) );
#470 = PCURVE('',#471,#476);
#471 = PLANE('',#472);
#472 = AXIS2_PLACEMENT_3D('',#473,#474,#475);
#473 = CARTESIAN_POINT('',(-14.3,10.35313708499,33.39686291501));
#474 = DIRECTION('',(1.,0.,0.));
#475 = DIRECTION('',(-0.,0.,1.));
#476 = DEFINITIONAL_REPRESENTATION('',(#477),#480);
#477 = B_SPLINE_CURVE_WITH_KNOTS('',1,(#478,#479),.UNSPECIFIED.,.F.,.F.,
  (2,2),(-21.1984314575,31.801568542495),.PIECEWISE_BEZIER_KNOTS.);
#478 = CARTESIAN_POINT('',(-50.39686291501,10.35313708499));
#479 = CARTESIAN_POINT('',(2.60313708499,10.35313708499));
#480 = ( GEOMETRIC_REPRESENTATION_CONTEXT(2) 
PARAMETRIC_REPRESENTATION_CONTEXT() REPRESENTATION_CONTEXT('2D SPACE',''
  ) );
#481 = ORIENTED_EDGE('',*,*,#482,.F.);
#482 = EDGE_CURVE('',#483,#457,#485,.T.);
#483 = VERTEX_POINT('',#484);
#484 = CARTESIAN_POINT('',(-5.,0.,-17.));
#485 = SURFACE_CURVE('',#486,(#490,#496),.PCURVE_S1.);
#486 = LINE('',#487,#488);
#487 = CARTESIAN_POINT('',(-36.15,0.,-17.));
#488 = VECTOR('',#489,1.);
#489 = DIRECTION('',(-1.,0.,0.));
#490 = PCURVE('',#125,#491);
#491 = DEFINITIONAL_REPRESENTATION('',(#492),#495);
#492 = B_SPLINE_CURVE_WITH_KNOTS('',1,(#493,#494),.UNSPECIFIED.,.F.,.F.,
  (2,2),(-31.15,-21.85),.PIECEWISE_BEZIER_KNOTS.);
#493 = CARTESIAN_POINT('',(8.,53.));
#494 = CARTESIAN_POINT('',(8.,43.7));
#495 = ( GEOMETRIC_REPRESENTATION_CONTEXT(2) 
PARAMETRIC_REPRESENTATION_CONTEXT() REPRESENTATION_CONTEXT('2D SPACE',''
  ) );
#496 = PCURVE('',#497,#502);
#497 = PLANE('',#498);
#498 = AXIS2_PLACEMENT_3D('',#499,#500,#501);
#499 = CARTESIAN_POINT('',(-14.3,-3.6,-17.));
#500 = DIRECTION('',(0.,0.,1.));
#501 = DIRECTION('',(1.,0.,0.));
#502 = DEFINITIONAL_REPRESENTATION('',(#503),#506);
#503 = B_SPLINE_CURVE_WITH_KNOTS('',1,(#504,#505),.UNSPECIFIED.,.F.,.F.,
  (2,2),(-31.15,-21.85),.PIECEWISE_BEZIER_KNOTS.);
#504 = CARTESIAN_POINT('',(9.3,3.6));
#505 = CARTESIAN_POINT('',(0.,3.6));
#506 = ( GEOMETRIC_REPRESENTATION_CONTEXT(2) 
PARAMETRIC_REPRESENTATION_CONTEXT() REPRESENTATION_CONTEXT('2D SPACE',''
  ) );
#507 = ORIENTED_EDGE('',*,*,#508,.T.);
#508 = EDGE_CURVE('',#483,#509,#511,.T.);
#509 = VERTEX_POINT('',#510);
#510 = CARTESIAN_POINT('',(-5.,0.,-15.5));
#511 = SURFACE_CURVE('',#512,(#516,#522),.PCURVE_S1.);
#512 = LINE('',#513,#514);
#513 = CARTESIAN_POINT('',(-5.,0.,-21.));
#514 = VECTOR('',#515,1.);
#515 = DIRECTION('',(0.,0.,1.));
#516 = PCURVE('',#125,#517);
#517 = DEFINITIONAL_REPRESENTATION('',(#518),#521);
#518 = B_SPLINE_CURVE_WITH_KNOTS('',1,(#519,#520),.UNSPECIFIED.,.F.,.F.,
  (2,2),(4.,5.5),.PIECEWISE_BEZIER_KNOTS.);
#519 = CARTESIAN_POINT('',(8.,53.));
#520 = CARTESIAN_POINT('',(9.5,53.));
#521 = ( GEOMETRIC_REPRESENTATION_CONTEXT(2) 
PARAMETRIC_REPRESENTATION_CONTEXT() REPRESENTATION_CONTEXT('2D SPACE',''
  ) );
#522 = PCURVE('',#523,#528);
#523 = PLANE('',#524);
#524 = AXIS2_PLACEMENT_3D('',#525,#526,#527);
#525 = CARTESIAN_POINT('',(-5.,-3.6,-17.));
#526 = DIRECTION('',(1.,0.,0.));
#527 = DIRECTION('',(0.,0.,1.));
#528 = DEFINITIONAL_REPRESENTATION('',(#529),#532);
#529 = B_SPLINE_CURVE_WITH_KNOTS('',1,(#530,#531),.UNSPECIFIED.,.F.,.F.,
  (2,2),(4.,5.5),.PIECEWISE_BEZIER_KNOTS.);
#530 = CARTESIAN_POINT('',(0.,-3.6));
#531 = CARTESIAN_POINT('',(1.5,-3.6));
#532 = ( GEOMETRIC_REPRESENTATION_CONTEXT(2) 
PARAMETRIC_REPRESENTATION_CONTEXT() REPRESENTATION_CONTEXT('2D SPACE',''
  ) );
#533 = ORIENTED_EDGE('',*,*,#534,.F.);
#534 = EDGE_CURVE('',#535,#509,#537,.T.);
#535 = VERTEX_POINT('',#536);
#536 = CARTESIAN_POINT('',(-2.1,0.,-15.5));
#537 = SURFACE_CURVE('',#538,(#542,#548),.PCURVE_S1.);
#538 = LINE('',#539,#540);
#539 = CARTESIAN_POINT('',(-36.15,0.,-15.5));
#540 = VECTOR('',#541,1.);
#541 = DIRECTION('',(-1.,0.,0.));
#542 = PCURVE('',#125,#543);
#543 = DEFINITIONAL_REPRESENTATION('',(#544),#547);
#544 = B_SPLINE_CURVE_WITH_KNOTS('',1,(#545,#546),.UNSPECIFIED.,.F.,.F.,
  (2,2),(-34.05,-21.85),.PIECEWISE_BEZIER_KNOTS.);
#545 = CARTESIAN_POINT('',(9.5,55.9));
#546 = CARTESIAN_POINT('',(9.5,43.7));
#547 = ( GEOMETRIC_REPRESENTATION_CONTEXT(2) 
PARAMETRIC_REPRESENTATION_CONTEXT() REPRESENTATION_CONTEXT('2D SPACE',''
  ) );
#548 = PCURVE('',#549,#554);
#549 = PLANE('',#550);
#550 = AXIS2_PLACEMENT_3D('',#551,#552,#553);
#551 = CARTESIAN_POINT('',(-14.3,-10.25,-15.5));
#552 = DIRECTION('',(0.,0.,1.));
#553 = DIRECTION('',(1.,0.,0.));
#554 = DEFINITIONAL_REPRESENTATION('',(#555),#558);
#555 = B_SPLINE_CURVE_WITH_KNOTS('',1,(#556,#557),.UNSPECIFIED.,.F.,.F.,
  (2,2),(-34.05,-21.85),.PIECEWISE_BEZIER_KNOTS.);
#556 = CARTESIAN_POINT('',(12.2,10.25));
#557 = CARTESIAN_POINT('',(0.,10.25));
#558 = ( GEOMETRIC_REPRESENTATION_CONTEXT(2) 
PARAMETRIC_REPRESENTATION_CONTEXT() REPRESENTATION_CONTEXT('2D SPACE',''
  ) );
#559 = ORIENTED_EDGE('',*,*,#560,.T.);
#560 = EDGE_CURVE('',#535,#561,#563,.T.);
#561 = VERTEX_POINT('',#562);
#562 = CARTESIAN_POINT('',(-2.1,0.,4.2));
#563 = SURFACE_CURVE('',#564,(#568,#574),.PCURVE_S1.);
#564 = LINE('',#565,#566);
#565 = CARTESIAN_POINT('',(-2.1,0.,-20.25));
#566 = VECTOR('',#567,1.);
#567 = DIRECTION('',(0.,0.,1.));
#568 = PCURVE('',#125,#569);
#569 = DEFINITIONAL_REPRESENTATION('',(#570),#573);
#570 = B_SPLINE_CURVE_WITH_KNOTS('',1,(#571,#572),.UNSPECIFIED.,.F.,.F.,
  (2,2),(4.75,24.45),.PIECEWISE_BEZIER_KNOTS.);
#571 = CARTESIAN_POINT('',(9.5,55.9));
#572 = CARTESIAN_POINT('',(29.2,55.9));
#573 = ( GEOMETRIC_REPRESENTATION_CONTEXT(2) 
PARAMETRIC_REPRESENTATION_CONTEXT() REPRESENTATION_CONTEXT('2D SPACE',''
  ) );
#574 = PCURVE('',#575,#580);
#575 = PLANE('',#576);
#576 = AXIS2_PLACEMENT_3D('',#577,#578,#579);
#577 = CARTESIAN_POINT('',(-2.1,-10.25,-15.5));
#578 = DIRECTION('',(1.,0.,0.));
#579 = DIRECTION('',(0.,0.,1.));
#580 = DEFINITIONAL_REPRESENTATION('',(#581),#584);
#581 = B_SPLINE_CURVE_WITH_KNOTS('',1,(#582,#583),.UNSPECIFIED.,.F.,.F.,
  (2,2),(4.75,24.45),.PIECEWISE_BEZIER_KNOTS.);
#582 = CARTESIAN_POINT('',(0.,-10.25));
#583 = CARTESIAN_POINT('',(19.7,-10.25));
#584 = ( GEOMETRIC_REPRESENTATION_CONTEXT(2) 
PARAMETRIC_REPRESENTATION_CONTEXT() REPRESENTATION_CONTEXT('2D SPACE',''
  ) );
#585 = ORIENTED_EDGE('',*,*,#586,.F.);
#586 = EDGE_CURVE('',#587,#561,#589,.T.);
#587 = VERTEX_POINT('',#588);
#588 = CARTESIAN_POINT('',(-1.8,0.,4.5));
#589 = SURFACE_CURVE('',#590,(#594,#600),.PCURVE_S1.);
#590 = LINE('',#591,#592);
#591 = CARTESIAN_POINT('',(-23.22,0.,-16.92));
#592 = VECTOR('',#593,1.);
#593 = DIRECTION('',(-0.707106781187,0.,-0.707106781187));
#594 = PCURVE('',#125,#595);
#595 = DEFINITIONAL_REPRESENTATION('',(#596),#599);
#596 = B_SPLINE_CURVE_WITH_KNOTS('',1,(#597,#598),.UNSPECIFIED.,.F.,.F.,
  (2,2),(-30.29245450603,-29.86819043732),.PIECEWISE_BEZIER_KNOTS.);
#597 = CARTESIAN_POINT('',(29.5,56.2));
#598 = CARTESIAN_POINT('',(29.2,55.9));
#599 = ( GEOMETRIC_REPRESENTATION_CONTEXT(2) 
PARAMETRIC_REPRESENTATION_CONTEXT() REPRESENTATION_CONTEXT('2D SPACE',''
  ) );
#600 = PCURVE('',#601,#606);
#601 = PLANE('',#602);
#602 = AXIS2_PLACEMENT_3D('',#603,#604,#605);
#603 = CARTESIAN_POINT('',(-1.79,-10.25,4.51));
#604 = DIRECTION('',(-0.707106781187,0.,0.707106781187));
#605 = DIRECTION('',(-0.707106781187,0.,-0.707106781187));
#606 = DEFINITIONAL_REPRESENTATION('',(#607),#610);
#607 = B_SPLINE_CURVE_WITH_KNOTS('',1,(#608,#609),.UNSPECIFIED.,.F.,.F.,
  (2,2),(-30.29245450603,-29.86819043732),.PIECEWISE_BEZIER_KNOTS.);
#608 = CARTESIAN_POINT('',(1.414213562373E-02,-10.25));
#609 = CARTESIAN_POINT('',(0.438406204336,-10.25));
#610 = ( GEOMETRIC_REPRESENTATION_CONTEXT(2) 
PARAMETRIC_REPRESENTATION_CONTEXT() REPRESENTATION_CONTEXT('2D SPACE',''
  ) );
#611 = ORIENTED_EDGE('',*,*,#612,.F.);
#612 = EDGE_CURVE('',#613,#587,#615,.T.);
#613 = VERTEX_POINT('',#614);
#614 = CARTESIAN_POINT('',(-0.6,0.,4.5));
#615 = SURFACE_CURVE('',#616,(#620,#626),.PCURVE_S1.);
#616 = LINE('',#617,#618);
#617 = CARTESIAN_POINT('',(-36.15,0.,4.5));
#618 = VECTOR('',#619,1.);
#619 = DIRECTION('',(-1.,0.,0.));
#620 = PCURVE('',#125,#621);
#621 = DEFINITIONAL_REPRESENTATION('',(#622),#625);
#622 = B_SPLINE_CURVE_WITH_KNOTS('',1,(#623,#624),.UNSPECIFIED.,.F.,.F.,
  (2,2),(-35.55,-34.35),.PIECEWISE_BEZIER_KNOTS.);
#623 = CARTESIAN_POINT('',(29.5,57.4));
#624 = CARTESIAN_POINT('',(29.5,56.2));
#625 = ( GEOMETRIC_REPRESENTATION_CONTEXT(2) 
PARAMETRIC_REPRESENTATION_CONTEXT() REPRESENTATION_CONTEXT('2D SPACE',''
  ) );
#626 = PCURVE('',#627,#632);
#627 = PLANE('',#628);
#628 = AXIS2_PLACEMENT_3D('',#629,#630,#631);
#629 = CARTESIAN_POINT('',(-14.3,-10.25,4.5));
#630 = DIRECTION('',(0.,0.,1.));
#631 = DIRECTION('',(1.,0.,0.));
#632 = DEFINITIONAL_REPRESENTATION('',(#633),#636);
#633 = B_SPLINE_CURVE_WITH_KNOTS('',1,(#634,#635),.UNSPECIFIED.,.F.,.F.,
  (2,2),(-35.55,-34.35),.PIECEWISE_BEZIER_KNOTS.);
#634 = CARTESIAN_POINT('',(13.7,10.25));
#635 = CARTESIAN_POINT('',(12.5,10.25));
#636 = ( GEOMETRIC_REPRESENTATION_CONTEXT(2) 
PARAMETRIC_REPRESENTATION_CONTEXT() REPRESENTATION_CONTEXT('2D SPACE',''
  ) );
#637 = ORIENTED_EDGE('',*,*,#638,.T.);
#638 = EDGE_CURVE('',#613,#639,#641,.T.);
#639 = VERTEX_POINT('',#640);
#640 = CARTESIAN_POINT('',(0.,0.,3.9));
#641 = SURFACE_CURVE('',#642,(#646,#652),.PCURVE_S1.);
#642 = LINE('',#643,#644);
#643 = CARTESIAN_POINT('',(-7.58,0.,11.48));
#644 = VECTOR('',#645,1.);
#645 = DIRECTION('',(0.707106781187,0.,-0.707106781187));
#646 = PCURVE('',#125,#647);
#647 = DEFINITIONAL_REPRESENTATION('',(#648),#651);
#648 = B_SPLINE_CURVE_WITH_KNOTS('',1,(#649,#650),.UNSPECIFIED.,.F.,.F.,
  (2,2),(9.871210665364,10.719738802788),.PIECEWISE_BEZIER_KNOTS.);
#649 = CARTESIAN_POINT('',(29.5,57.4));
#650 = CARTESIAN_POINT('',(28.9,58.));
#651 = ( GEOMETRIC_REPRESENTATION_CONTEXT(2) 
PARAMETRIC_REPRESENTATION_CONTEXT() REPRESENTATION_CONTEXT('2D SPACE',''
  ) );
#652 = PCURVE('',#653,#658);
#653 = PLANE('',#654);
#654 = AXIS2_PLACEMENT_3D('',#655,#656,#657);
#655 = CARTESIAN_POINT('',(-0.61,-10.25,4.51));
#656 = DIRECTION('',(-0.707106781187,-0.,-0.707106781187));
#657 = DIRECTION('',(0.707106781187,0.,-0.707106781187));
#658 = DEFINITIONAL_REPRESENTATION('',(#659),#662);
#659 = B_SPLINE_CURVE_WITH_KNOTS('',1,(#660,#661),.UNSPECIFIED.,.F.,.F.,
  (2,2),(9.871210665364,10.719738802788),.PIECEWISE_BEZIER_KNOTS.);
#660 = CARTESIAN_POINT('',(1.414213562373E-02,-10.25));
#661 = CARTESIAN_POINT('',(0.862670273048,-10.25));
#662 = ( GEOMETRIC_REPRESENTATION_CONTEXT(2) 
PARAMETRIC_REPRESENTATION_CONTEXT() REPRESENTATION_CONTEXT('2D SPACE',''
  ) );
#663 = ORIENTED_EDGE('',*,*,#664,.F.);
#664 = EDGE_CURVE('',#665,#639,#667,.T.);
#665 = VERTEX_POINT('',#666);
#666 = CARTESIAN_POINT('',(0.,0.,-2.3));
#667 = SURFACE_CURVE('',#668,(#672,#678),.PCURVE_S1.);
#668 = LINE('',#669,#670);
#669 = CARTESIAN_POINT('',(0.,0.,-13.65));
#670 = VECTOR('',#671,1.);
#671 = DIRECTION('',(0.,0.,1.));
#672 = PCURVE('',#125,#673);
#673 = DEFINITIONAL_REPRESENTATION('',(#674),#677);
#674 = B_SPLINE_CURVE_WITH_KNOTS('',1,(#675,#676),.UNSPECIFIED.,.F.,.F.,
  (2,2),(11.35,47.15),.PIECEWISE_BEZIER_KNOTS.);
#675 = CARTESIAN_POINT('',(22.7,58.));
#676 = CARTESIAN_POINT('',(58.5,58.));
#677 = ( GEOMETRIC_REPRESENTATION_CONTEXT(2) 
PARAMETRIC_REPRESENTATION_CONTEXT() REPRESENTATION_CONTEXT('2D SPACE',''
  ) );
#678 = PCURVE('',#679,#684);
#679 = PLANE('',#680);
#680 = AXIS2_PLACEMENT_3D('',#681,#682,#683);
#681 = CARTESIAN_POINT('',(0.,-12.55,-2.3));
#682 = DIRECTION('',(1.,0.,0.));
#683 = DIRECTION('',(0.,0.,1.));
#684 = DEFINITIONAL_REPRESENTATION('',(#685),#688);
#685 = B_SPLINE_CURVE_WITH_KNOTS('',1,(#686,#687),.UNSPECIFIED.,.F.,.F.,
  (2,2),(11.35,47.15),.PIECEWISE_BEZIER_KNOTS.);
#686 = CARTESIAN_POINT('',(0.,-12.55));
#687 = CARTESIAN_POINT('',(35.8,-12.55));
#688 = ( GEOMETRIC_REPRESENTATION_CONTEXT(2) 
PARAMETRIC_REPRESENTATION_CONTEXT() REPRESENTATION_CONTEXT('2D SPACE',''
  ) );
#689 = ORIENTED_EDGE('',*,*,#690,.F.);
#690 = EDGE_CURVE('',#691,#665,#693,.T.);
#691 = VERTEX_POINT('',#692);
#692 = CARTESIAN_POINT('',(3.,0.,-2.3));
#693 = SURFACE_CURVE('',#694,(#698,#704),.PCURVE_S1.);
#694 = LINE('',#695,#696);
#695 = CARTESIAN_POINT('',(-29.,0.,-2.3));
#696 = VECTOR('',#697,1.);
#697 = DIRECTION('',(-1.,0.,0.));
#698 = PCURVE('',#125,#699);
#699 = DEFINITIONAL_REPRESENTATION('',(#700),#703);
#700 = B_SPLINE_CURVE_WITH_KNOTS('',1,(#701,#702),.UNSPECIFIED.,.F.,.F.,
  (2,2),(-56.5,-29.),.PIECEWISE_BEZIER_KNOTS.);
#701 = CARTESIAN_POINT('',(22.7,85.5));
#702 = CARTESIAN_POINT('',(22.7,58.));
#703 = ( GEOMETRIC_REPRESENTATION_CONTEXT(2) 
PARAMETRIC_REPRESENTATION_CONTEXT() REPRESENTATION_CONTEXT('2D SPACE',''
  ) );
#704 = PCURVE('',#705,#710);
#705 = PLANE('',#706);
#706 = AXIS2_PLACEMENT_3D('',#707,#708,#709);
#707 = CARTESIAN_POINT('',(0.,-12.55,-2.3));
#708 = DIRECTION('',(0.,0.,1.));
#709 = DIRECTION('',(1.,0.,0.));
#710 = DEFINITIONAL_REPRESENTATION('',(#711),#714);
#711 = B_SPLINE_CURVE_WITH_KNOTS('',1,(#712,#713),.UNSPECIFIED.,.F.,.F.,
  (2,2),(-56.5,-29.),.PIECEWISE_BEZIER_KNOTS.);
#712 = CARTESIAN_POINT('',(27.5,12.55));
#713 = CARTESIAN_POINT('',(0.,12.55));
#714 = ( GEOMETRIC_REPRESENTATION_CONTEXT(2) 
PARAMETRIC_REPRESENTATION_CONTEXT() REPRESENTATION_CONTEXT('2D SPACE',''
  ) );
#715 = ORIENTED_EDGE('',*,*,#716,.F.);
#716 = EDGE_CURVE('',#717,#691,#719,.T.);
#717 = VERTEX_POINT('',#718);
#718 = CARTESIAN_POINT('',(3.,0.,-2.8));
#719 = SURFACE_CURVE('',#720,(#724,#730),.PCURVE_S1.);
#720 = LINE('',#721,#722);
#721 = CARTESIAN_POINT('',(3.,0.,-13.9));
#722 = VECTOR('',#723,1.);
#723 = DIRECTION('',(0.,0.,1.));
#724 = PCURVE('',#125,#725);
#725 = DEFINITIONAL_REPRESENTATION('',(#726),#729);
#726 = B_SPLINE_CURVE_WITH_KNOTS('',1,(#727,#728),.UNSPECIFIED.,.F.,.F.,
  (2,2),(11.1,11.6),.PIECEWISE_BEZIER_KNOTS.);
#727 = CARTESIAN_POINT('',(22.2,61.));
#728 = CARTESIAN_POINT('',(22.7,61.));
#729 = ( GEOMETRIC_REPRESENTATION_CONTEXT(2) 
PARAMETRIC_REPRESENTATION_CONTEXT() REPRESENTATION_CONTEXT('2D SPACE',''
  ) );
#730 = PCURVE('',#731,#736);
#731 = PLANE('',#732);
#732 = AXIS2_PLACEMENT_3D('',#733,#734,#735);
#733 = CARTESIAN_POINT('',(3.,-8.2,-2.8));
#734 = DIRECTION('',(1.,0.,0.));
#735 = DIRECTION('',(0.,0.,1.));
#736 = DEFINITIONAL_REPRESENTATION('',(#737),#740);
#737 = B_SPLINE_CURVE_WITH_KNOTS('',1,(#738,#739),.UNSPECIFIED.,.F.,.F.,
  (2,2),(11.1,11.6),.PIECEWISE_BEZIER_KNOTS.);
#738 = CARTESIAN_POINT('',(0.,-8.2));
#739 = CARTESIAN_POINT('',(0.5,-8.2));
#740 = ( GEOMETRIC_REPRESENTATION_CONTEXT(2) 
PARAMETRIC_REPRESENTATION_CONTEXT() REPRESENTATION_CONTEXT('2D SPACE',''
  ) );
#741 = ORIENTED_EDGE('',*,*,#742,.F.);
#742 = EDGE_CURVE('',#743,#717,#745,.T.);
#743 = VERTEX_POINT('',#744);
#744 = CARTESIAN_POINT('',(7.,0.,-2.8));
#745 = SURFACE_CURVE('',#746,(#750,#756),.PCURVE_S1.);
#746 = LINE('',#747,#748);
#747 = CARTESIAN_POINT('',(-27.5,0.,-2.8));
#748 = VECTOR('',#749,1.);
#749 = DIRECTION('',(-1.,0.,0.));
#750 = PCURVE('',#125,#751);
#751 = DEFINITIONAL_REPRESENTATION('',(#752),#755);
#752 = B_SPLINE_CURVE_WITH_KNOTS('',1,(#753,#754),.UNSPECIFIED.,.F.,.F.,
  (2,2),(-34.5,-30.5),.PIECEWISE_BEZIER_KNOTS.);
#753 = CARTESIAN_POINT('',(22.2,65.));
#754 = CARTESIAN_POINT('',(22.2,61.));
#755 = ( GEOMETRIC_REPRESENTATION_CONTEXT(2) 
PARAMETRIC_REPRESENTATION_CONTEXT() REPRESENTATION_CONTEXT('2D SPACE',''
  ) );
#756 = PCURVE('',#757,#762);
#757 = PLANE('',#758);
#758 = AXIS2_PLACEMENT_3D('',#759,#760,#761);
#759 = CARTESIAN_POINT('',(3.,-8.2,-2.8));
#760 = DIRECTION('',(0.,0.,1.));
#761 = DIRECTION('',(1.,0.,0.));
#762 = DEFINITIONAL_REPRESENTATION('',(#763),#766);
#763 = B_SPLINE_CURVE_WITH_KNOTS('',1,(#764,#765),.UNSPECIFIED.,.F.,.F.,
  (2,2),(-34.5,-30.5),.PIECEWISE_BEZIER_KNOTS.);
#764 = CARTESIAN_POINT('',(4.,8.2));
#765 = CARTESIAN_POINT('',(0.,8.2));
#766 = ( GEOMETRIC_REPRESENTATION_CONTEXT(2) 
PARAMETRIC_REPRESENTATION_CONTEXT() REPRESENTATION_CONTEXT('2D SPACE',''
  ) );
#767 = ORIENTED_EDGE('',*,*,#768,.T.);
#768 = EDGE_CURVE('',#743,#769,#771,.T.);
#769 = VERTEX_POINT('',#770);
#770 = CARTESIAN_POINT('',(7.,0.,-2.3));
#771 = SURFACE_CURVE('',#772,(#776,#782),.PCURVE_S1.);
#772 = LINE('',#773,#774);
#773 = CARTESIAN_POINT('',(7.,0.,-13.9));
#774 = VECTOR('',#775,1.);
#775 = DIRECTION('',(0.,0.,1.));
#776 = PCURVE('',#125,#777);
#777 = DEFINITIONAL_REPRESENTATION('',(#778),#781);
#778 = B_SPLINE_CURVE_WITH_KNOTS('',1,(#779,#780),.UNSPECIFIED.,.F.,.F.,
  (2,2),(11.1,11.6),.PIECEWISE_BEZIER_KNOTS.);
#779 = CARTESIAN_POINT('',(22.2,65.));
#780 = CARTESIAN_POINT('',(22.7,65.));
#781 = ( GEOMETRIC_REPRESENTATION_CONTEXT(2) 
PARAMETRIC_REPRESENTATION_CONTEXT() REPRESENTATION_CONTEXT('2D SPACE',''
  ) );
#782 = PCURVE('',#783,#788);
#783 = PLANE('',#784);
#784 = AXIS2_PLACEMENT_3D('',#785,#786,#787);
#785 = CARTESIAN_POINT('',(7.,-8.2,-2.8));
#786 = DIRECTION('',(1.,0.,0.));
#787 = DIRECTION('',(0.,0.,1.));
#788 = DEFINITIONAL_REPRESENTATION('',(#789),#792);
#789 = B_SPLINE_CURVE_WITH_KNOTS('',1,(#790,#791),.UNSPECIFIED.,.F.,.F.,
  (2,2),(11.1,11.6),.PIECEWISE_BEZIER_KNOTS.);
#790 = CARTESIAN_POINT('',(0.,-8.2));
#791 = CARTESIAN_POINT('',(0.5,-8.2));
#792 = ( GEOMETRIC_REPRESENTATION_CONTEXT(2) 
PARAMETRIC_REPRESENTATION_CONTEXT() REPRESENTATION_CONTEXT('2D SPACE',''
  ) );
#793 = ORIENTED_EDGE('',*,*,#794,.F.);
#794 = EDGE_CURVE('',#795,#769,#797,.T.);
#795 = VERTEX_POINT('',#796);
#796 = CARTESIAN_POINT('',(27.5,0.,-2.3));
#797 = SURFACE_CURVE('',#798,(#802,#808),.PCURVE_S1.);
#798 = LINE('',#799,#800);
#799 = CARTESIAN_POINT('',(-29.,0.,-2.3));
#800 = VECTOR('',#801,1.);
#801 = DIRECTION('',(-1.,0.,0.));
#802 = PCURVE('',#125,#803);
#803 = DEFINITIONAL_REPRESENTATION('',(#804),#807);
#804 = B_SPLINE_CURVE_WITH_KNOTS('',1,(#805,#806),.UNSPECIFIED.,.F.,.F.,
  (2,2),(-56.5,-29.),.PIECEWISE_BEZIER_KNOTS.);
#805 = CARTESIAN_POINT('',(22.7,85.5));
#806 = CARTESIAN_POINT('',(22.7,58.));
#807 = ( GEOMETRIC_REPRESENTATION_CONTEXT(2) 
PARAMETRIC_REPRESENTATION_CONTEXT() REPRESENTATION_CONTEXT('2D SPACE',''
  ) );
#808 = PCURVE('',#705,#809);
#809 = DEFINITIONAL_REPRESENTATION('',(#810),#813);
#810 = B_SPLINE_CURVE_WITH_KNOTS('',1,(#811,#812),.UNSPECIFIED.,.F.,.F.,
  (2,2),(-56.5,-29.),.PIECEWISE_BEZIER_KNOTS.);
#811 = CARTESIAN_POINT('',(27.5,12.55));
#812 = CARTESIAN_POINT('',(0.,12.55));
#813 = ( GEOMETRIC_REPRESENTATION_CONTEXT(2) 
PARAMETRIC_REPRESENTATION_CONTEXT() REPRESENTATION_CONTEXT('2D SPACE',''
  ) );
#814 = ORIENTED_EDGE('',*,*,#815,.T.);
#815 = EDGE_CURVE('',#795,#816,#818,.T.);
#816 = VERTEX_POINT('',#817);
#817 = CARTESIAN_POINT('',(28.,0.,-2.8));
#818 = SURFACE_CURVE('',#819,(#822,#828),.PCURVE_S1.);
#819 = B_SPLINE_CURVE_WITH_KNOTS('',1,(#820,#821),.UNSPECIFIED.,.F.,.F.,
  (2,2),(0.,1.),.PIECEWISE_BEZIER_KNOTS.);
#820 = CARTESIAN_POINT('',(27.5,0.,-2.3));
#821 = CARTESIAN_POINT('',(28.000000306,0.,-2.800000306));
#822 = PCURVE('',#125,#823);
#823 = DEFINITIONAL_REPRESENTATION('',(#824),#827);
#824 = B_SPLINE_CURVE_WITH_KNOTS('',1,(#825,#826),.UNSPECIFIED.,.F.,.F.,
  (2,2),(0.,1.),.PIECEWISE_BEZIER_KNOTS.);
#825 = CARTESIAN_POINT('',(22.7,85.5));
#826 = CARTESIAN_POINT('',(22.199999694,86.000000306));
#827 = ( GEOMETRIC_REPRESENTATION_CONTEXT(2) 
PARAMETRIC_REPRESENTATION_CONTEXT() REPRESENTATION_CONTEXT('2D SPACE',''
  ) );
#828 = PCURVE('',#829,#834);
#829 = B_SPLINE_SURFACE_WITH_KNOTS('',1,1,(
    (#830,#831)
    ,(#832,#833
    )),.UNSPECIFIED.,.F.,.F.,.F.,(2,2),(2,2),(0.,26.12),(0.,1.),
  .PIECEWISE_BEZIER_KNOTS.);
#830 = CARTESIAN_POINT('',(27.5,-12.55,-2.3));
#831 = CARTESIAN_POINT('',(28.01,-13.06,-2.81));
#832 = CARTESIAN_POINT('',(27.5,12.55,-2.3));
#833 = CARTESIAN_POINT('',(28.01,13.06,-2.81));
#834 = DEFINITIONAL_REPRESENTATION('',(#835),#838);
#835 = B_SPLINE_CURVE_WITH_KNOTS('',1,(#836,#837),.UNSPECIFIED.,.F.,.F.,
  (2,2),(0.,1.),.PIECEWISE_BEZIER_KNOTS.);
#836 = CARTESIAN_POINT('',(13.06,0.));
#837 = CARTESIAN_POINT('',(13.06,0.980392756863));
#838 = ( GEOMETRIC_REPRESENTATION_CONTEXT(2) 
PARAMETRIC_REPRESENTATION_CONTEXT() REPRESENTATION_CONTEXT('2D SPACE',''
  ) );
#839 = ORIENTED_EDGE('',*,*,#840,.F.);
#840 = EDGE_CURVE('',#841,#816,#843,.T.);
#841 = VERTEX_POINT('',#842);
#842 = CARTESIAN_POINT('',(28.,0.,-3.8));
#843 = SURFACE_CURVE('',#844,(#848,#854),.PCURVE_S1.);
#844 = LINE('',#845,#846);
#845 = CARTESIAN_POINT('',(28.,0.,-14.65));
#846 = VECTOR('',#847,1.);
#847 = DIRECTION('',(0.,0.,1.));
#848 = PCURVE('',#125,#849);
#849 = DEFINITIONAL_REPRESENTATION('',(#850),#853);
#850 = B_SPLINE_CURVE_WITH_KNOTS('',1,(#851,#852),.UNSPECIFIED.,.F.,.F.,
  (2,2),(10.85,49.95),.PIECEWISE_BEZIER_KNOTS.);
#851 = CARTESIAN_POINT('',(21.2,86.));
#852 = CARTESIAN_POINT('',(60.3,86.));
#853 = ( GEOMETRIC_REPRESENTATION_CONTEXT(2) 
PARAMETRIC_REPRESENTATION_CONTEXT() REPRESENTATION_CONTEXT('2D SPACE',''
  ) );
#854 = PCURVE('',#855,#860);
#855 = PLANE('',#856);
#856 = AXIS2_PLACEMENT_3D('',#857,#858,#859);
#857 = CARTESIAN_POINT('',(28.,-14.55,-4.3));
#858 = DIRECTION('',(1.,0.,0.));
#859 = DIRECTION('',(0.,0.,1.));
#860 = DEFINITIONAL_REPRESENTATION('',(#861),#864);
#861 = B_SPLINE_CURVE_WITH_KNOTS('',1,(#862,#863),.UNSPECIFIED.,.F.,.F.,
  (2,2),(10.85,49.95),.PIECEWISE_BEZIER_KNOTS.);
#862 = CARTESIAN_POINT('',(0.5,-14.55));
#863 = CARTESIAN_POINT('',(39.6,-14.55));
#864 = ( GEOMETRIC_REPRESENTATION_CONTEXT(2) 
PARAMETRIC_REPRESENTATION_CONTEXT() REPRESENTATION_CONTEXT('2D SPACE',''
  ) );
#865 = ORIENTED_EDGE('',*,*,#866,.T.);
#866 = EDGE_CURVE('',#841,#867,#869,.T.);
#867 = VERTEX_POINT('',#868);
#868 = CARTESIAN_POINT('',(27.5,0.,-4.3));
#869 = SURFACE_CURVE('',#870,(#874,#880),.PCURVE_S1.);
#870 = LINE('',#871,#872);
#871 = CARTESIAN_POINT('',(1.075,-1.7763568394E-15,-30.725));
#872 = VECTOR('',#873,1.);
#873 = DIRECTION('',(-0.707106781187,0.,-0.707106781187));
#874 = PCURVE('',#125,#875);
#875 = DEFINITIONAL_REPRESENTATION('',(#876),#879);
#876 = B_SPLINE_CURVE_WITH_KNOTS('',1,(#877,#878),.UNSPECIFIED.,.F.,.F.,
  (2,2),(-38.07770016689,-37.3705933857),.PIECEWISE_BEZIER_KNOTS.);
#877 = CARTESIAN_POINT('',(21.2,86.));
#878 = CARTESIAN_POINT('',(20.7,85.5));
#879 = ( GEOMETRIC_REPRESENTATION_CONTEXT(2) 
PARAMETRIC_REPRESENTATION_CONTEXT() REPRESENTATION_CONTEXT('2D SPACE',''
  ) );
#880 = PCURVE('',#881,#886);
#881 = PLANE('',#882);
#882 = AXIS2_PLACEMENT_3D('',#883,#884,#885);
#883 = CARTESIAN_POINT('',(27.75,-14.55,-4.05));
#884 = DIRECTION('',(-0.707106781187,0.,0.707106781187));
#885 = DIRECTION('',(0.,1.,0.));
#886 = DEFINITIONAL_REPRESENTATION('',(#887),#890);
#887 = B_SPLINE_CURVE_WITH_KNOTS('',1,(#888,#889),.UNSPECIFIED.,.F.,.F.,
  (2,2),(-38.07770016689,-37.3705933857),.PIECEWISE_BEZIER_KNOTS.);
#888 = CARTESIAN_POINT('',(14.55,-0.353553390593));
#889 = CARTESIAN_POINT('',(14.55,0.353553390593));
#890 = ( GEOMETRIC_REPRESENTATION_CONTEXT(2) 
PARAMETRIC_REPRESENTATION_CONTEXT() REPRESENTATION_CONTEXT('2D SPACE',''
  ) );
#891 = ORIENTED_EDGE('',*,*,#892,.T.);
#892 = EDGE_CURVE('',#867,#893,#895,.T.);
#893 = VERTEX_POINT('',#894);
#894 = CARTESIAN_POINT('',(16.,0.,-4.3));
#895 = SURFACE_CURVE('',#896,(#900,#906),.PCURVE_S1.);
#896 = LINE('',#897,#898);
#897 = CARTESIAN_POINT('',(-29.,0.,-4.3));
#898 = VECTOR('',#899,1.);
#899 = DIRECTION('',(-1.,0.,0.));
#900 = PCURVE('',#125,#901);
#901 = DEFINITIONAL_REPRESENTATION('',(#902),#905);
#902 = B_SPLINE_CURVE_WITH_KNOTS('',1,(#903,#904),.UNSPECIFIED.,.F.,.F.,
  (2,2),(-56.5,-45.),.PIECEWISE_BEZIER_KNOTS.);
#903 = CARTESIAN_POINT('',(20.7,85.5));
#904 = CARTESIAN_POINT('',(20.7,74.));
#905 = ( GEOMETRIC_REPRESENTATION_CONTEXT(2) 
PARAMETRIC_REPRESENTATION_CONTEXT() REPRESENTATION_CONTEXT('2D SPACE',''
  ) );
#906 = PCURVE('',#907,#912);
#907 = PLANE('',#908);
#908 = AXIS2_PLACEMENT_3D('',#909,#910,#911);
#909 = CARTESIAN_POINT('',(0.,-14.55,-4.3));
#910 = DIRECTION('',(0.,0.,1.));
#911 = DIRECTION('',(1.,0.,0.));
#912 = DEFINITIONAL_REPRESENTATION('',(#913),#916);
#913 = B_SPLINE_CURVE_WITH_KNOTS('',1,(#914,#915),.UNSPECIFIED.,.F.,.F.,
  (2,2),(-56.5,-45.),.PIECEWISE_BEZIER_KNOTS.);
#914 = CARTESIAN_POINT('',(27.5,14.55));
#915 = CARTESIAN_POINT('',(16.,14.55));
#916 = ( GEOMETRIC_REPRESENTATION_CONTEXT(2) 
PARAMETRIC_REPRESENTATION_CONTEXT() REPRESENTATION_CONTEXT('2D SPACE',''
  ) );
#917 = ORIENTED_EDGE('',*,*,#918,.F.);
#918 = EDGE_CURVE('',#919,#893,#921,.T.);
#919 = VERTEX_POINT('',#920);
#920 = CARTESIAN_POINT('',(16.,0.,-10.5));
#921 = SURFACE_CURVE('',#922,(#926,#932),.PCURVE_S1.);
#922 = LINE('',#923,#924);
#923 = CARTESIAN_POINT('',(16.,0.,-17.75));
#924 = VECTOR('',#925,1.);
#925 = DIRECTION('',(0.,0.,1.));
#926 = PCURVE('',#125,#927);
#927 = DEFINITIONAL_REPRESENTATION('',(#928),#931);
#928 = B_SPLINE_CURVE_WITH_KNOTS('',1,(#929,#930),.UNSPECIFIED.,.F.,.F.,
  (2,2),(7.25,13.46),.PIECEWISE_BEZIER_KNOTS.);
#929 = CARTESIAN_POINT('',(14.5,74.));
#930 = CARTESIAN_POINT('',(20.71,74.));
#931 = ( GEOMETRIC_REPRESENTATION_CONTEXT(2) 
PARAMETRIC_REPRESENTATION_CONTEXT() REPRESENTATION_CONTEXT('2D SPACE',''
  ) );
#932 = PCURVE('',#933,#938);
#933 = PLANE('',#934);
#934 = AXIS2_PLACEMENT_3D('',#935,#936,#937);
#935 = CARTESIAN_POINT('',(16.,-14.55,-10.5));
#936 = DIRECTION('',(1.,0.,0.));
#937 = DIRECTION('',(0.,0.,1.));
#938 = DEFINITIONAL_REPRESENTATION('',(#939),#942);
#939 = B_SPLINE_CURVE_WITH_KNOTS('',1,(#940,#941),.UNSPECIFIED.,.F.,.F.,
  (2,2),(7.25,13.46),.PIECEWISE_BEZIER_KNOTS.);
#940 = CARTESIAN_POINT('',(0.,-14.55));
#941 = CARTESIAN_POINT('',(6.21,-14.55));
#942 = ( GEOMETRIC_REPRESENTATION_CONTEXT(2) 
PARAMETRIC_REPRESENTATION_CONTEXT() REPRESENTATION_CONTEXT('2D SPACE',''
  ) );
#943 = ORIENTED_EDGE('',*,*,#944,.T.);
#944 = EDGE_CURVE('',#919,#945,#947,.T.);
#945 = VERTEX_POINT('',#946);
#946 = CARTESIAN_POINT('',(8.,0.,-10.5));
#947 = SURFACE_CURVE('',#948,(#952,#958),.PCURVE_S1.);
#948 = LINE('',#949,#950);
#949 = CARTESIAN_POINT('',(-25.,0.,-10.5));
#950 = VECTOR('',#951,1.);
#951 = DIRECTION('',(-1.,0.,0.));
#952 = PCURVE('',#125,#953);
#953 = DEFINITIONAL_REPRESENTATION('',(#954),#957);
#954 = B_SPLINE_CURVE_WITH_KNOTS('',1,(#955,#956),.UNSPECIFIED.,.F.,.F.,
  (2,2),(-41.,-33.),.PIECEWISE_BEZIER_KNOTS.);
#955 = CARTESIAN_POINT('',(14.5,74.));
#956 = CARTESIAN_POINT('',(14.5,66.));
#957 = ( GEOMETRIC_REPRESENTATION_CONTEXT(2) 
PARAMETRIC_REPRESENTATION_CONTEXT() REPRESENTATION_CONTEXT('2D SPACE',''
  ) );
#958 = PCURVE('',#959,#964);
#959 = PLANE('',#960);
#960 = AXIS2_PLACEMENT_3D('',#961,#962,#963);
#961 = CARTESIAN_POINT('',(8.,-14.55,-10.5));
#962 = DIRECTION('',(0.,0.,1.));
#963 = DIRECTION('',(1.,0.,0.));
#964 = DEFINITIONAL_REPRESENTATION('',(#965),#968);
#965 = B_SPLINE_CURVE_WITH_KNOTS('',1,(#966,#967),.UNSPECIFIED.,.F.,.F.,
  (2,2),(-41.,-33.),.PIECEWISE_BEZIER_KNOTS.);
#966 = CARTESIAN_POINT('',(8.,14.55));
#967 = CARTESIAN_POINT('',(0.,14.55));
#968 = ( GEOMETRIC_REPRESENTATION_CONTEXT(2) 
PARAMETRIC_REPRESENTATION_CONTEXT() REPRESENTATION_CONTEXT('2D SPACE',''
  ) );
#969 = ORIENTED_EDGE('',*,*,#970,.T.);
#970 = EDGE_CURVE('',#945,#971,#973,.T.);
#971 = VERTEX_POINT('',#972);
#972 = CARTESIAN_POINT('',(8.,0.,-4.3));
#973 = SURFACE_CURVE('',#974,(#978,#984),.PCURVE_S1.);
#974 = LINE('',#975,#976);
#975 = CARTESIAN_POINT('',(8.,0.,-17.75));
#976 = VECTOR('',#977,1.);
#977 = DIRECTION('',(0.,0.,1.));
#978 = PCURVE('',#125,#979);
#979 = DEFINITIONAL_REPRESENTATION('',(#980),#983);
#980 = B_SPLINE_CURVE_WITH_KNOTS('',1,(#981,#982),.UNSPECIFIED.,.F.,.F.,
  (2,2),(7.25,13.46),.PIECEWISE_BEZIER_KNOTS.);
#981 = CARTESIAN_POINT('',(14.5,66.));
#982 = CARTESIAN_POINT('',(20.71,66.));
#983 = ( GEOMETRIC_REPRESENTATION_CONTEXT(2) 
PARAMETRIC_REPRESENTATION_CONTEXT() REPRESENTATION_CONTEXT('2D SPACE',''
  ) );
#984 = PCURVE('',#985,#990);
#985 = PLANE('',#986);
#986 = AXIS2_PLACEMENT_3D('',#987,#988,#989);
#987 = CARTESIAN_POINT('',(8.,-14.55,-10.5));
#988 = DIRECTION('',(1.,0.,0.));
#989 = DIRECTION('',(0.,0.,1.));
#990 = DEFINITIONAL_REPRESENTATION('',(#991),#994);
#991 = B_SPLINE_CURVE_WITH_KNOTS('',1,(#992,#993),.UNSPECIFIED.,.F.,.F.,
  (2,2),(7.25,13.46),.PIECEWISE_BEZIER_KNOTS.);
#992 = CARTESIAN_POINT('',(0.,-14.55));
#993 = CARTESIAN_POINT('',(6.21,-14.55));
#994 = ( GEOMETRIC_REPRESENTATION_CONTEXT(2) 
PARAMETRIC_REPRESENTATION_CONTEXT() REPRESENTATION_CONTEXT('2D SPACE',''
  ) );
#995 = ORIENTED_EDGE('',*,*,#996,.T.);
#996 = EDGE_CURVE('',#971,#997,#999,.T.);
#997 = VERTEX_POINT('',#998);
#998 = CARTESIAN_POINT('',(0.,0.,-4.3));
#999 = SURFACE_CURVE('',#1000,(#1004,#1010),.PCURVE_S1.);
#1000 = LINE('',#1001,#1002);
#1001 = CARTESIAN_POINT('',(-29.,0.,-4.3));
#1002 = VECTOR('',#1003,1.);
#1003 = DIRECTION('',(-1.,0.,0.));
#1004 = PCURVE('',#125,#1005);
#1005 = DEFINITIONAL_REPRESENTATION('',(#1006),#1009);
#1006 = B_SPLINE_CURVE_WITH_KNOTS('',1,(#1007,#1008),.UNSPECIFIED.,.F.,
  .F.,(2,2),(-37.,-29.),.PIECEWISE_BEZIER_KNOTS.);
#1007 = CARTESIAN_POINT('',(20.7,66.));
#1008 = CARTESIAN_POINT('',(20.7,58.));
#1009 = ( GEOMETRIC_REPRESENTATION_CONTEXT(2) 
PARAMETRIC_REPRESENTATION_CONTEXT() REPRESENTATION_CONTEXT('2D SPACE',''
  ) );
#1010 = PCURVE('',#1011,#1016);
#1011 = PLANE('',#1012);
#1012 = AXIS2_PLACEMENT_3D('',#1013,#1014,#1015);
#1013 = CARTESIAN_POINT('',(0.,-14.55,-4.3));
#1014 = DIRECTION('',(0.,0.,1.));
#1015 = DIRECTION('',(1.,0.,0.));
#1016 = DEFINITIONAL_REPRESENTATION('',(#1017),#1020);
#1017 = B_SPLINE_CURVE_WITH_KNOTS('',1,(#1018,#1019),.UNSPECIFIED.,.F.,
  .F.,(2,2),(-37.,-29.),.PIECEWISE_BEZIER_KNOTS.);
#1018 = CARTESIAN_POINT('',(8.,14.55));
#1019 = CARTESIAN_POINT('',(0.,14.55));
#1020 = ( GEOMETRIC_REPRESENTATION_CONTEXT(2) 
PARAMETRIC_REPRESENTATION_CONTEXT() REPRESENTATION_CONTEXT('2D SPACE',''
  ) );
#1021 = ORIENTED_EDGE('',*,*,#1022,.F.);
#1022 = EDGE_CURVE('',#1023,#997,#1025,.T.);
#1023 = VERTEX_POINT('',#1024);
#1024 = CARTESIAN_POINT('',(0.,0.,-20.));
#1025 = SURFACE_CURVE('',#1026,(#1030,#1036),.PCURVE_S1.);
#1026 = LINE('',#1027,#1028);
#1027 = CARTESIAN_POINT('',(0.,0.,-22.5));
#1028 = VECTOR('',#1029,1.);
#1029 = DIRECTION('',(0.,0.,1.));
#1030 = PCURVE('',#125,#1031);
#1031 = DEFINITIONAL_REPRESENTATION('',(#1032),#1035);
#1032 = B_SPLINE_CURVE_WITH_KNOTS('',1,(#1033,#1034),.UNSPECIFIED.,.F.,
  .F.,(2,2),(2.5,18.7),.PIECEWISE_BEZIER_KNOTS.);
#1033 = CARTESIAN_POINT('',(5.,58.));
#1034 = CARTESIAN_POINT('',(21.2,58.));
#1035 = ( GEOMETRIC_REPRESENTATION_CONTEXT(2) 
PARAMETRIC_REPRESENTATION_CONTEXT() REPRESENTATION_CONTEXT('2D SPACE',''
  ) );
#1036 = PCURVE('',#1037,#1042);
#1037 = PLANE('',#1038);
#1038 = AXIS2_PLACEMENT_3D('',#1039,#1040,#1041);
#1039 = CARTESIAN_POINT('',(0.,-14.55,-20.));
#1040 = DIRECTION('',(1.,0.,0.));
#1041 = DIRECTION('',(0.,0.,1.));
#1042 = DEFINITIONAL_REPRESENTATION('',(#1043),#1046);
#1043 = B_SPLINE_CURVE_WITH_KNOTS('',1,(#1044,#1045),.UNSPECIFIED.,.F.,
  .F.,(2,2),(2.5,18.7),.PIECEWISE_BEZIER_KNOTS.);
#1044 = CARTESIAN_POINT('',(0.,-14.55));
#1045 = CARTESIAN_POINT('',(16.2,-14.55));
#1046 = ( GEOMETRIC_REPRESENTATION_CONTEXT(2) 
PARAMETRIC_REPRESENTATION_CONTEXT() REPRESENTATION_CONTEXT('2D SPACE',''
  ) );
#1047 = ORIENTED_EDGE('',*,*,#1048,.T.);
#1048 = EDGE_CURVE('',#1023,#140,#1049,.T.);
#1049 = SURFACE_CURVE('',#1050,(#1054,#1060),.PCURVE_S1.);
#1050 = LINE('',#1051,#1052);
#1051 = CARTESIAN_POINT('',(-55.5,0.,-20.));
#1052 = VECTOR('',#1053,1.);
#1053 = DIRECTION('',(-1.,0.,0.));
#1054 = PCURVE('',#125,#1055);
#1055 = DEFINITIONAL_REPRESENTATION('',(#1056),#1059);
#1056 = B_SPLINE_CURVE_WITH_KNOTS('',1,(#1057,#1058),.UNSPECIFIED.,.F.,
  .F.,(2,2),(-55.5,-3.),.PIECEWISE_BEZIER_KNOTS.);
#1057 = CARTESIAN_POINT('',(5.,58.));
#1058 = CARTESIAN_POINT('',(5.,5.5));
#1059 = ( GEOMETRIC_REPRESENTATION_CONTEXT(2) 
PARAMETRIC_REPRESENTATION_CONTEXT() REPRESENTATION_CONTEXT('2D SPACE',''
  ) );
#1060 = PCURVE('',#203,#1061);
#1061 = DEFINITIONAL_REPRESENTATION('',(#1062),#1065);
#1062 = B_SPLINE_CURVE_WITH_KNOTS('',1,(#1063,#1064),.UNSPECIFIED.,.F.,
  .F.,(2,2),(-55.5,-3.),.PIECEWISE_BEZIER_KNOTS.);
#1063 = CARTESIAN_POINT('',(53.,14.55));
#1064 = CARTESIAN_POINT('',(0.5,14.55));
#1065 = ( GEOMETRIC_REPRESENTATION_CONTEXT(2) 
PARAMETRIC_REPRESENTATION_CONTEXT() REPRESENTATION_CONTEXT('2D SPACE',''
  ) );
#1066 = ORIENTED_EDGE('',*,*,#139,.F.);
#1067 = ORIENTED_EDGE('',*,*,#112,.T.);
#1068 = ORIENTED_EDGE('',*,*,#1069,.T.);
#1069 = EDGE_CURVE('',#85,#1070,#1072,.T.);
#1070 = VERTEX_POINT('',#1071);
#1071 = CARTESIAN_POINT('',(-52.5,0.,33.5));
#1072 = SURFACE_CURVE('',#1073,(#1077,#1083),.PCURVE_S1.);
#1073 = LINE('',#1074,#1075);
#1074 = CARTESIAN_POINT('',(-68.625,-1.7763568394E-15,17.375));
#1075 = VECTOR('',#1076,1.);
#1076 = DIRECTION('',(0.707106781187,-0.,0.707106781187));
#1077 = PCURVE('',#125,#1078);
#1078 = DEFINITIONAL_REPRESENTATION('',(#1079),#1082);
#1079 = B_SPLINE_CURVE_WITH_KNOTS('',1,(#1080,#1081),.UNSPECIFIED.,.F.,
  .F.,(2,2),(22.09708691208,22.804193693266),.PIECEWISE_BEZIER_KNOTS.);
#1080 = CARTESIAN_POINT('',(58.,5.));
#1081 = CARTESIAN_POINT('',(58.5,5.5));
#1082 = ( GEOMETRIC_REPRESENTATION_CONTEXT(2) 
PARAMETRIC_REPRESENTATION_CONTEXT() REPRESENTATION_CONTEXT('2D SPACE',''
  ) );
#1083 = PCURVE('',#100,#1084);
#1084 = DEFINITIONAL_REPRESENTATION('',(#1085),#1088);
#1085 = B_SPLINE_CURVE_WITH_KNOTS('',1,(#1086,#1087),.UNSPECIFIED.,.F.,
  .F.,(2,2),(22.09708691208,22.804193693266),.PIECEWISE_BEZIER_KNOTS.);
#1086 = CARTESIAN_POINT('',(14.55,-0.353553390593));
#1087 = CARTESIAN_POINT('',(14.55,0.353553390593));
#1088 = ( GEOMETRIC_REPRESENTATION_CONTEXT(2) 
PARAMETRIC_REPRESENTATION_CONTEXT() REPRESENTATION_CONTEXT('2D SPACE',''
  ) );
#1089 = ORIENTED_EDGE('',*,*,#1090,.F.);
#1090 = EDGE_CURVE('',#1091,#1070,#1093,.T.);
#1091 = VERTEX_POINT('',#1092);
#1092 = CARTESIAN_POINT('',(-41.5,0.,33.5));
#1093 = SURFACE_CURVE('',#1094,(#1098,#1104),.PCURVE_S1.);
#1094 = LINE('',#1095,#1096);
#1095 = CARTESIAN_POINT('',(-55.5,0.,33.5));
#1096 = VECTOR('',#1097,1.);
#1097 = DIRECTION('',(-1.,0.,0.));
#1098 = PCURVE('',#125,#1099);
#1099 = DEFINITIONAL_REPRESENTATION('',(#1100),#1103);
#1100 = B_SPLINE_CURVE_WITH_KNOTS('',1,(#1101,#1102),.UNSPECIFIED.,.F.,
  .F.,(2,2),(-55.5,-3.),.PIECEWISE_BEZIER_KNOTS.);
#1101 = CARTESIAN_POINT('',(58.5,58.));
#1102 = CARTESIAN_POINT('',(58.5,5.5));
#1103 = ( GEOMETRIC_REPRESENTATION_CONTEXT(2) 
PARAMETRIC_REPRESENTATION_CONTEXT() REPRESENTATION_CONTEXT('2D SPACE',''
  ) );
#1104 = PCURVE('',#1105,#1110);
#1105 = PLANE('',#1106);
#1106 = AXIS2_PLACEMENT_3D('',#1107,#1108,#1109);
#1107 = CARTESIAN_POINT('',(-53.,-14.55,33.5));
#1108 = DIRECTION('',(0.,0.,1.));
#1109 = DIRECTION('',(1.,0.,0.));
#1110 = DEFINITIONAL_REPRESENTATION('',(#1111),#1114);
#1111 = B_SPLINE_CURVE_WITH_KNOTS('',1,(#1112,#1113),.UNSPECIFIED.,.F.,
  .F.,(2,2),(-55.5,-3.),.PIECEWISE_BEZIER_KNOTS.);
#1112 = CARTESIAN_POINT('',(53.,14.55));
#1113 = CARTESIAN_POINT('',(0.5,14.55));
#1114 = ( GEOMETRIC_REPRESENTATION_CONTEXT(2) 
PARAMETRIC_REPRESENTATION_CONTEXT() REPRESENTATION_CONTEXT('2D SPACE',''
  ) );
#1115 = ORIENTED_EDGE('',*,*,#1116,.F.);
#1116 = EDGE_CURVE('',#1117,#1091,#1119,.T.);
#1117 = VERTEX_POINT('',#1118);
#1118 = CARTESIAN_POINT('',(-41.5,0.,14.5));
#1119 = SURFACE_CURVE('',#1120,(#1124,#1130),.PCURVE_S1.);
#1120 = LINE('',#1121,#1122);
#1121 = CARTESIAN_POINT('',(-41.5,0.,-20.75));
#1122 = VECTOR('',#1123,1.);
#1123 = DIRECTION('',(0.,0.,1.));
#1124 = PCURVE('',#125,#1125);
#1125 = DEFINITIONAL_REPRESENTATION('',(#1126),#1129);
#1126 = B_SPLINE_CURVE_WITH_KNOTS('',1,(#1127,#1128),.UNSPECIFIED.,.F.,
  .F.,(2,2),(35.25,54.25),.PIECEWISE_BEZIER_KNOTS.);
#1127 = CARTESIAN_POINT('',(39.5,16.5));
#1128 = CARTESIAN_POINT('',(58.5,16.5));
#1129 = ( GEOMETRIC_REPRESENTATION_CONTEXT(2) 
PARAMETRIC_REPRESENTATION_CONTEXT() REPRESENTATION_CONTEXT('2D SPACE',''
  ) );
#1130 = PCURVE('',#1131,#1136);
#1131 = PLANE('',#1132);
#1132 = AXIS2_PLACEMENT_3D('',#1133,#1134,#1135);
#1133 = CARTESIAN_POINT('',(-41.5,-6.3,-16.5));
#1134 = DIRECTION('',(1.,0.,0.));
#1135 = DIRECTION('',(0.,0.,1.));
#1136 = DEFINITIONAL_REPRESENTATION('',(#1137),#1140);
#1137 = B_SPLINE_CURVE_WITH_KNOTS('',1,(#1138,#1139),.UNSPECIFIED.,.F.,
  .F.,(2,2),(35.25,54.25),.PIECEWISE_BEZIER_KNOTS.);
#1138 = CARTESIAN_POINT('',(31.,-6.3));
#1139 = CARTESIAN_POINT('',(50.,-6.3));
#1140 = ( GEOMETRIC_REPRESENTATION_CONTEXT(2) 
PARAMETRIC_REPRESENTATION_CONTEXT() REPRESENTATION_CONTEXT('2D SPACE',''
  ) );
#1141 = ORIENTED_EDGE('',*,*,#1142,.T.);
#1142 = EDGE_CURVE('',#1117,#1143,#1145,.T.);
#1143 = VERTEX_POINT('',#1144);
#1144 = CARTESIAN_POINT('',(-50.2,0.,14.5));
#1145 = SURFACE_CURVE('',#1146,(#1150,#1156),.PCURVE_S1.);
#1146 = LINE('',#1147,#1148);
#1147 = CARTESIAN_POINT('',(-54.1,0.,14.5));
#1148 = VECTOR('',#1149,1.);
#1149 = DIRECTION('',(-1.,0.,0.));
#1150 = PCURVE('',#125,#1151);
#1151 = DEFINITIONAL_REPRESENTATION('',(#1152),#1155);
#1152 = B_SPLINE_CURVE_WITH_KNOTS('',1,(#1153,#1154),.UNSPECIFIED.,.F.,
  .F.,(2,2),(-12.6,-3.9),.PIECEWISE_BEZIER_KNOTS.);
#1153 = CARTESIAN_POINT('',(39.5,16.5));
#1154 = CARTESIAN_POINT('',(39.5,7.8));
#1155 = ( GEOMETRIC_REPRESENTATION_CONTEXT(2) 
PARAMETRIC_REPRESENTATION_CONTEXT() REPRESENTATION_CONTEXT('2D SPACE',''
  ) );
#1156 = PCURVE('',#1157,#1162);
#1157 = PLANE('',#1158);
#1158 = AXIS2_PLACEMENT_3D('',#1159,#1160,#1161);
#1159 = CARTESIAN_POINT('',(-50.2,-6.3,14.5));
#1160 = DIRECTION('',(0.,0.,1.));
#1161 = DIRECTION('',(1.,0.,0.));
#1162 = DEFINITIONAL_REPRESENTATION('',(#1163),#1166);
#1163 = B_SPLINE_CURVE_WITH_KNOTS('',1,(#1164,#1165),.UNSPECIFIED.,.F.,
  .F.,(2,2),(-12.6,-3.9),.PIECEWISE_BEZIER_KNOTS.);
#1164 = CARTESIAN_POINT('',(8.7,6.3));
#1165 = CARTESIAN_POINT('',(0.,6.3));
#1166 = ( GEOMETRIC_REPRESENTATION_CONTEXT(2) 
PARAMETRIC_REPRESENTATION_CONTEXT() REPRESENTATION_CONTEXT('2D SPACE',''
  ) );
#1167 = ORIENTED_EDGE('',*,*,#1168,.F.);
#1168 = EDGE_CURVE('',#1169,#1143,#1171,.T.);
#1169 = VERTEX_POINT('',#1170);
#1170 = CARTESIAN_POINT('',(-50.2,0.,-6.5));
#1171 = SURFACE_CURVE('',#1172,(#1176,#1182),.PCURVE_S1.);
#1172 = LINE('',#1173,#1174);
#1173 = CARTESIAN_POINT('',(-50.2,0.,-15.75));
#1174 = VECTOR('',#1175,1.);
#1175 = DIRECTION('',(0.,0.,1.));
#1176 = PCURVE('',#125,#1177);
#1177 = DEFINITIONAL_REPRESENTATION('',(#1178),#1181);
#1178 = B_SPLINE_CURVE_WITH_KNOTS('',1,(#1179,#1180),.UNSPECIFIED.,.F.,
  .F.,(2,2),(9.25,30.25),.PIECEWISE_BEZIER_KNOTS.);
#1179 = CARTESIAN_POINT('',(18.5,7.8));
#1180 = CARTESIAN_POINT('',(39.5,7.8));
#1181 = ( GEOMETRIC_REPRESENTATION_CONTEXT(2) 
PARAMETRIC_REPRESENTATION_CONTEXT() REPRESENTATION_CONTEXT('2D SPACE',''
  ) );
#1182 = PCURVE('',#1183,#1188);
#1183 = PLANE('',#1184);
#1184 = AXIS2_PLACEMENT_3D('',#1185,#1186,#1187);
#1185 = CARTESIAN_POINT('',(-50.2,-6.3,-6.5));
#1186 = DIRECTION('',(1.,0.,0.));
#1187 = DIRECTION('',(0.,0.,1.));
#1188 = DEFINITIONAL_REPRESENTATION('',(#1189),#1192);
#1189 = B_SPLINE_CURVE_WITH_KNOTS('',1,(#1190,#1191),.UNSPECIFIED.,.F.,
  .F.,(2,2),(9.25,30.25),.PIECEWISE_BEZIER_KNOTS.);
#1190 = CARTESIAN_POINT('',(0.,-6.3));
#1191 = CARTESIAN_POINT('',(21.,-6.3));
#1192 = ( GEOMETRIC_REPRESENTATION_CONTEXT(2) 
PARAMETRIC_REPRESENTATION_CONTEXT() REPRESENTATION_CONTEXT('2D SPACE',''
  ) );
#1193 = ORIENTED_EDGE('',*,*,#1194,.F.);
#1194 = EDGE_CURVE('',#1195,#1169,#1197,.T.);
#1195 = VERTEX_POINT('',#1196);
#1196 = CARTESIAN_POINT('',(-49.9,-4.163799117101E-16,-6.5));
#1197 = SURFACE_CURVE('',#1198,(#1202,#1208),.PCURVE_S1.);
#1198 = LINE('',#1199,#1200);
#1199 = CARTESIAN_POINT('',(-54.1,0.,-6.5));
#1200 = VECTOR('',#1201,1.);
#1201 = DIRECTION('',(-1.,0.,0.));
#1202 = PCURVE('',#125,#1203);
#1203 = DEFINITIONAL_REPRESENTATION('',(#1204),#1207);
#1204 = B_SPLINE_CURVE_WITH_KNOTS('',1,(#1205,#1206),.UNSPECIFIED.,.F.,
  .F.,(2,2),(-12.6,-3.9),.PIECEWISE_BEZIER_KNOTS.);
#1205 = CARTESIAN_POINT('',(18.5,16.5));
#1206 = CARTESIAN_POINT('',(18.5,7.8));
#1207 = ( GEOMETRIC_REPRESENTATION_CONTEXT(2) 
PARAMETRIC_REPRESENTATION_CONTEXT() REPRESENTATION_CONTEXT('2D SPACE',''
  ) );
#1208 = PCURVE('',#289,#1209);
#1209 = DEFINITIONAL_REPRESENTATION('',(#1210),#1213);
#1210 = B_SPLINE_CURVE_WITH_KNOTS('',1,(#1211,#1212),.UNSPECIFIED.,.F.,
  .F.,(2,2),(-12.6,-3.9),.PIECEWISE_BEZIER_KNOTS.);
#1211 = CARTESIAN_POINT('',(8.7,6.3));
#1212 = CARTESIAN_POINT('',(0.,6.3));
#1213 = ( GEOMETRIC_REPRESENTATION_CONTEXT(2) 
PARAMETRIC_REPRESENTATION_CONTEXT() REPRESENTATION_CONTEXT('2D SPACE',''
  ) );
#1214 = ORIENTED_EDGE('',*,*,#1215,.T.);
#1215 = EDGE_CURVE('',#1195,#221,#1216,.T.);
#1216 = SURFACE_CURVE('',#1217,(#1221,#1227),.PCURVE_S1.);
#1217 = LINE('',#1218,#1219);
#1218 = CARTESIAN_POINT('',(-49.9,0.,-18.));
#1219 = VECTOR('',#1220,1.);
#1220 = DIRECTION('',(-0.,-0.,-1.));
#1221 = PCURVE('',#125,#1222);
#1222 = DEFINITIONAL_REPRESENTATION('',(#1223),#1226);
#1223 = B_SPLINE_CURVE_WITH_KNOTS('',1,(#1224,#1225),.UNSPECIFIED.,.F.,
  .F.,(2,2),(-11.5000006,5.999999999062E-07),.PIECEWISE_BEZIER_KNOTS.);
#1224 = CARTESIAN_POINT('',(18.5000006,8.1));
#1225 = CARTESIAN_POINT('',(6.9999994,8.1));
#1226 = ( GEOMETRIC_REPRESENTATION_CONTEXT(2) 
PARAMETRIC_REPRESENTATION_CONTEXT() REPRESENTATION_CONTEXT('2D SPACE',''
  ) );
#1227 = PCURVE('',#262,#1228);
#1228 = DEFINITIONAL_REPRESENTATION('',(#1229),#1232);
#1229 = B_SPLINE_CURVE_WITH_KNOTS('',1,(#1230,#1231),.UNSPECIFIED.,.F.,
  .F.,(2,2),(-11.5000006,5.999999999062E-07),.PIECEWISE_BEZIER_KNOTS.);
#1230 = CARTESIAN_POINT('',(-3.14159265359,-11.5000006));
#1231 = CARTESIAN_POINT('',(-3.14159265359,5.999999999062E-07));
#1232 = ( GEOMETRIC_REPRESENTATION_CONTEXT(2) 
PARAMETRIC_REPRESENTATION_CONTEXT() REPRESENTATION_CONTEXT('2D SPACE',''
  ) );
#1233 = FACE_BOUND('',#1234,.F.);
#1234 = EDGE_LOOP('',(#1235));
#1235 = ORIENTED_EDGE('',*,*,#1236,.T.);
#1236 = EDGE_CURVE('',#1237,#1237,#1239,.T.);
#1237 = VERTEX_POINT('',#1238);
#1238 = CARTESIAN_POINT('',(-44.95,0.,18.));
#1239 = SURFACE_CURVE('',#1240,(#1245,#1256),.PCURVE_S1.);
#1240 = CIRCLE('',#1241,1.05);
#1241 = AXIS2_PLACEMENT_3D('',#1242,#1243,#1244);
#1242 = CARTESIAN_POINT('',(-46.,0.,18.));
#1243 = DIRECTION('',(0.,-1.,0.));
#1244 = DIRECTION('',(1.,0.,0.));
#1245 = PCURVE('',#125,#1246);
#1246 = DEFINITIONAL_REPRESENTATION('',(#1247),#1255);
#1247 = ( BOUNDED_CURVE() B_SPLINE_CURVE(2,(#1248,#1249,#1250,#1251,
#1252,#1253,#1254),.UNSPECIFIED.,.T.,.F.) B_SPLINE_CURVE_WITH_KNOTS((1,2
    ,2,2,2,1),(-2.094395102393,0.,2.094395102393,4.188790204786,
6.28318530718,8.377580409573),.UNSPECIFIED.) CURVE() 
GEOMETRIC_REPRESENTATION_ITEM() RATIONAL_B_SPLINE_CURVE((1.,0.5,1.,0.5,
1.,0.5,1.)) REPRESENTATION_ITEM('') );
#1248 = CARTESIAN_POINT('',(43.,13.05));
#1249 = CARTESIAN_POINT('',(44.818653347947,13.05));
#1250 = CARTESIAN_POINT('',(43.909326673974,11.475));
#1251 = CARTESIAN_POINT('',(43.,9.9));
#1252 = CARTESIAN_POINT('',(42.090673326026,11.475));
#1253 = CARTESIAN_POINT('',(41.181346652053,13.05));
#1254 = CARTESIAN_POINT('',(43.,13.05));
#1255 = ( GEOMETRIC_REPRESENTATION_CONTEXT(2) 
PARAMETRIC_REPRESENTATION_CONTEXT() REPRESENTATION_CONTEXT('2D SPACE',''
  ) );
#1256 = PCURVE('',#1257,#1262);
#1257 = CYLINDRICAL_SURFACE('',#1258,1.05);
#1258 = AXIS2_PLACEMENT_3D('',#1259,#1260,#1261);
#1259 = CARTESIAN_POINT('',(-46.,-1.E-02,18.));
#1260 = DIRECTION('',(0.,-1.,0.));
#1261 = DIRECTION('',(1.,0.,0.));
#1262 = DEFINITIONAL_REPRESENTATION('',(#1263),#1267);
#1263 = LINE('',#1264,#1265);
#1264 = CARTESIAN_POINT('',(0.,-1.E-02));
#1265 = VECTOR('',#1266,1.);
#1266 = DIRECTION('',(1.,0.));
#1267 = ( GEOMETRIC_REPRESENTATION_CONTEXT(2) 
PARAMETRIC_REPRESENTATION_CONTEXT() REPRESENTATION_CONTEXT('2D SPACE',''
  ) );
#1268 = FACE_BOUND('',#1269,.F.);
#1269 = EDGE_LOOP('',(#1270));
#1270 = ORIENTED_EDGE('',*,*,#1271,.T.);
#1271 = EDGE_CURVE('',#1272,#1272,#1274,.T.);
#1272 = VERTEX_POINT('',#1273);
#1273 = CARTESIAN_POINT('',(-44.65,0.,24.));
#1274 = SURFACE_CURVE('',#1275,(#1280,#1291),.PCURVE_S1.);
#1275 = CIRCLE('',#1276,1.15);
#1276 = AXIS2_PLACEMENT_3D('',#1277,#1278,#1279);
#1277 = CARTESIAN_POINT('',(-45.8,0.,24.));
#1278 = DIRECTION('',(0.,-1.,0.));
#1279 = DIRECTION('',(1.,0.,0.));
#1280 = PCURVE('',#125,#1281);
#1281 = DEFINITIONAL_REPRESENTATION('',(#1282),#1290);
#1282 = ( BOUNDED_CURVE() B_SPLINE_CURVE(2,(#1283,#1284,#1285,#1286,
#1287,#1288,#1289),.UNSPECIFIED.,.T.,.F.) B_SPLINE_CURVE_WITH_KNOTS((1,2
    ,2,2,2,1),(-2.094395102393,0.,2.094395102393,4.188790204786,
6.28318530718,8.377580409573),.UNSPECIFIED.) CURVE() 
GEOMETRIC_REPRESENTATION_ITEM() RATIONAL_B_SPLINE_CURVE((1.,0.5,1.,0.5,
1.,0.5,1.)) REPRESENTATION_ITEM('') );
#1283 = CARTESIAN_POINT('',(49.,13.35));
#1284 = CARTESIAN_POINT('',(50.991858428704,13.35));
#1285 = CARTESIAN_POINT('',(49.995929214352,11.625));
#1286 = CARTESIAN_POINT('',(49.,9.9));
#1287 = CARTESIAN_POINT('',(48.004070785648,11.625));
#1288 = CARTESIAN_POINT('',(47.008141571296,13.35));
#1289 = CARTESIAN_POINT('',(49.,13.35));
#1290 = ( GEOMETRIC_REPRESENTATION_CONTEXT(2) 
PARAMETRIC_REPRESENTATION_CONTEXT() REPRESENTATION_CONTEXT('2D SPACE',''
  ) );
#1291 = PCURVE('',#1292,#1297);
#1292 = CYLINDRICAL_SURFACE('',#1293,1.15);
#1293 = AXIS2_PLACEMENT_3D('',#1294,#1295,#1296);
#1294 = CARTESIAN_POINT('',(-45.8,-15.55,24.));
#1295 = DIRECTION('',(0.,-1.,0.));
#1296 = DIRECTION('',(1.,0.,0.));
#1297 = DEFINITIONAL_REPRESENTATION('',(#1298),#1302);
#1298 = LINE('',#1299,#1300);
#1299 = CARTESIAN_POINT('',(0.,-15.55));
#1300 = VECTOR('',#1301,1.);
#1301 = DIRECTION('',(1.,0.));
#1302 = ( GEOMETRIC_REPRESENTATION_CONTEXT(2) 
PARAMETRIC_REPRESENTATION_CONTEXT() REPRESENTATION_CONTEXT('2D SPACE',''
  ) );
#1303 = FACE_BOUND('',#1304,.F.);
#1304 = EDGE_LOOP('',(#1305));
#1305 = ORIENTED_EDGE('',*,*,#1306,.T.);
#1306 = EDGE_CURVE('',#1307,#1307,#1309,.T.);
#1307 = VERTEX_POINT('',#1308);
#1308 = CARTESIAN_POINT('',(-1.55,0.,-17.75));
#1309 = SURFACE_CURVE('',#1310,(#1315,#1326),.PCURVE_S1.);
#1310 = CIRCLE('',#1311,1.05);
#1311 = AXIS2_PLACEMENT_3D('',#1312,#1313,#1314);
#1312 = CARTESIAN_POINT('',(-2.6,0.,-17.75));
#1313 = DIRECTION('',(0.,-1.,0.));
#1314 = DIRECTION('',(1.,0.,0.));
#1315 = PCURVE('',#125,#1316);
#1316 = DEFINITIONAL_REPRESENTATION('',(#1317),#1325);
#1317 = ( BOUNDED_CURVE() B_SPLINE_CURVE(2,(#1318,#1319,#1320,#1321,
#1322,#1323,#1324),.UNSPECIFIED.,.T.,.F.) B_SPLINE_CURVE_WITH_KNOTS((1,2
    ,2,2,2,1),(-2.094395102393,0.,2.094395102393,4.188790204786,
6.28318530718,8.377580409573),.UNSPECIFIED.) CURVE() 
GEOMETRIC_REPRESENTATION_ITEM() RATIONAL_B_SPLINE_CURVE((1.,0.5,1.,0.5,
1.,0.5,1.)) REPRESENTATION_ITEM('') );
#1318 = CARTESIAN_POINT('',(7.25,56.45));
#1319 = CARTESIAN_POINT('',(9.068653347947,56.45));
#1320 = CARTESIAN_POINT('',(8.159326673974,54.875));
#1321 = CARTESIAN_POINT('',(7.25,53.3));
#1322 = CARTESIAN_POINT('',(6.340673326026,54.875));
#1323 = CARTESIAN_POINT('',(5.431346652053,56.45));
#1324 = CARTESIAN_POINT('',(7.25,56.45));
#1325 = ( GEOMETRIC_REPRESENTATION_CONTEXT(2) 
PARAMETRIC_REPRESENTATION_CONTEXT() REPRESENTATION_CONTEXT('2D SPACE',''
  ) );
#1326 = PCURVE('',#1327,#1332);
#1327 = CYLINDRICAL_SURFACE('',#1328,1.05);
#1328 = AXIS2_PLACEMENT_3D('',#1329,#1330,#1331);
#1329 = CARTESIAN_POINT('',(-2.6,-1.E-02,-17.75));
#1330 = DIRECTION('',(0.,-1.,0.));
#1331 = DIRECTION('',(1.,0.,0.));
#1332 = DEFINITIONAL_REPRESENTATION('',(#1333),#1337);
#1333 = LINE('',#1334,#1335);
#1334 = CARTESIAN_POINT('',(0.,-1.E-02));
#1335 = VECTOR('',#1336,1.);
#1336 = DIRECTION('',(1.,0.));
#1337 = ( GEOMETRIC_REPRESENTATION_CONTEXT(2) 
PARAMETRIC_REPRESENTATION_CONTEXT() REPRESENTATION_CONTEXT('2D SPACE',''
  ) );
#1338 = FACE_BOUND('',#1339,.F.);
#1339 = EDGE_LOOP('',(#1340));
#1340 = ORIENTED_EDGE('',*,*,#1341,.T.);
#1341 = EDGE_CURVE('',#1342,#1342,#1344,.T.);
#1342 = VERTEX_POINT('',#1343);
#1343 = CARTESIAN_POINT('',(13.15,0.,-7.2));
#1344 = SURFACE_CURVE('',#1345,(#1350,#1361),.PCURVE_S1.);
#1345 = CIRCLE('',#1346,1.15);
#1346 = AXIS2_PLACEMENT_3D('',#1347,#1348,#1349);
#1347 = CARTESIAN_POINT('',(12.,0.,-7.2));
#1348 = DIRECTION('',(0.,-1.,0.));
#1349 = DIRECTION('',(1.,0.,0.));
#1350 = PCURVE('',#125,#1351);
#1351 = DEFINITIONAL_REPRESENTATION('',(#1352),#1360);
#1352 = ( BOUNDED_CURVE() B_SPLINE_CURVE(2,(#1353,#1354,#1355,#1356,
#1357,#1358,#1359),.UNSPECIFIED.,.T.,.F.) B_SPLINE_CURVE_WITH_KNOTS((1,2
    ,2,2,2,1),(-2.094395102393,0.,2.094395102393,4.188790204786,
6.28318530718,8.377580409573),.UNSPECIFIED.) CURVE() 
GEOMETRIC_REPRESENTATION_ITEM() RATIONAL_B_SPLINE_CURVE((1.,0.5,1.,0.5,
1.,0.5,1.)) REPRESENTATION_ITEM('') );
#1353 = CARTESIAN_POINT('',(17.8,71.15));
#1354 = CARTESIAN_POINT('',(19.791858428704,71.15));
#1355 = CARTESIAN_POINT('',(18.795929214352,69.425));
#1356 = CARTESIAN_POINT('',(17.8,67.7));
#1357 = CARTESIAN_POINT('',(16.804070785648,69.425));
#1358 = CARTESIAN_POINT('',(15.808141571296,71.15));
#1359 = CARTESIAN_POINT('',(17.8,71.15));
#1360 = ( GEOMETRIC_REPRESENTATION_CONTEXT(2) 
PARAMETRIC_REPRESENTATION_CONTEXT() REPRESENTATION_CONTEXT('2D SPACE',''
  ) );
#1361 = PCURVE('',#1362,#1367);
#1362 = CYLINDRICAL_SURFACE('',#1363,1.15);
#1363 = AXIS2_PLACEMENT_3D('',#1364,#1365,#1366);
#1364 = CARTESIAN_POINT('',(12.,-15.55,-7.2));
#1365 = DIRECTION('',(0.,-1.,0.));
#1366 = DIRECTION('',(1.,0.,0.));
#1367 = DEFINITIONAL_REPRESENTATION('',(#1368),#1372);
#1368 = LINE('',#1369,#1370);
#1369 = CARTESIAN_POINT('',(0.,-15.55));
#1370 = VECTOR('',#1371,1.);
#1371 = DIRECTION('',(1.,0.));
#1372 = ( GEOMETRIC_REPRESENTATION_CONTEXT(2) 
PARAMETRIC_REPRESENTATION_CONTEXT() REPRESENTATION_CONTEXT('2D SPACE',''
  ) );
#1373 = ADVANCED_FACE('',(#1374),#100,.F.);
#1374 = FACE_BOUND('',#1375,.F.);
#1375 = EDGE_LOOP('',(#1376,#1399,#1400,#1401));
#1376 = ORIENTED_EDGE('',*,*,#1377,.F.);
#1377 = EDGE_CURVE('',#1070,#1378,#1380,.T.);
#1378 = VERTEX_POINT('',#1379);
#1379 = CARTESIAN_POINT('',(-52.5,14.05,33.5));
#1380 = SURFACE_CURVE('',#1381,(#1385,#1392),.PCURVE_S1.);
#1381 = LINE('',#1382,#1383);
#1382 = CARTESIAN_POINT('',(-52.5,-14.55,33.5));
#1383 = VECTOR('',#1384,1.);
#1384 = DIRECTION('',(0.,1.,0.));
#1385 = PCURVE('',#100,#1386);
#1386 = DEFINITIONAL_REPRESENTATION('',(#1387),#1391);
#1387 = LINE('',#1388,#1389);
#1388 = CARTESIAN_POINT('',(0.,0.353553390593));
#1389 = VECTOR('',#1390,1.);
#1390 = DIRECTION('',(1.,0.));
#1391 = ( GEOMETRIC_REPRESENTATION_CONTEXT(2) 
PARAMETRIC_REPRESENTATION_CONTEXT() REPRESENTATION_CONTEXT('2D SPACE',''
  ) );
#1392 = PCURVE('',#1105,#1393);
#1393 = DEFINITIONAL_REPRESENTATION('',(#1394),#1398);
#1394 = LINE('',#1395,#1396);
#1395 = CARTESIAN_POINT('',(0.5,0.));
#1396 = VECTOR('',#1397,1.);
#1397 = DIRECTION('',(0.,1.));
#1398 = ( GEOMETRIC_REPRESENTATION_CONTEXT(2) 
PARAMETRIC_REPRESENTATION_CONTEXT() REPRESENTATION_CONTEXT('2D SPACE',''
  ) );
#1399 = ORIENTED_EDGE('',*,*,#1069,.F.);
#1400 = ORIENTED_EDGE('',*,*,#84,.T.);
#1401 = ORIENTED_EDGE('',*,*,#1402,.T.);
#1402 = EDGE_CURVE('',#57,#1378,#1403,.T.);
#1403 = SURFACE_CURVE('',#1404,(#1408,#1415),.PCURVE_S1.);
#1404 = LINE('',#1405,#1406);
#1405 = CARTESIAN_POINT('',(-52.875,14.05,33.125));
#1406 = VECTOR('',#1407,1.);
#1407 = DIRECTION('',(0.707106781187,0.,0.707106781187));
#1408 = PCURVE('',#100,#1409);
#1409 = DEFINITIONAL_REPRESENTATION('',(#1410),#1414);
#1410 = LINE('',#1411,#1412);
#1411 = CARTESIAN_POINT('',(28.6,-0.176776695297));
#1412 = VECTOR('',#1413,1.);
#1413 = DIRECTION('',(0.,1.));
#1414 = ( GEOMETRIC_REPRESENTATION_CONTEXT(2) 
PARAMETRIC_REPRESENTATION_CONTEXT() REPRESENTATION_CONTEXT('2D SPACE',''
  ) );
#1415 = PCURVE('',#1416,#1421);
#1416 = PLANE('',#1417);
#1417 = AXIS2_PLACEMENT_3D('',#1418,#1419,#1420);
#1418 = CARTESIAN_POINT('',(-53.,14.05,33.));
#1419 = DIRECTION('',(-0.57735026919,0.57735026919,0.57735026919));
#1420 = DIRECTION('',(0.,-0.707106781187,0.707106781187));
#1421 = DEFINITIONAL_REPRESENTATION('',(#1422),#1426);
#1422 = LINE('',#1423,#1424);
#1423 = CARTESIAN_POINT('',(8.838834764832E-02,0.153093108924));
#1424 = VECTOR('',#1425,1.);
#1425 = DIRECTION('',(0.5,0.866025403784));
#1426 = ( GEOMETRIC_REPRESENTATION_CONTEXT(2) 
PARAMETRIC_REPRESENTATION_CONTEXT() REPRESENTATION_CONTEXT('2D SPACE',''
  ) );
#1427 = ADVANCED_FACE('',(#1428),#72,.F.);
#1428 = FACE_BOUND('',#1429,.T.);
#1429 = EDGE_LOOP('',(#1430,#1431,#1454,#1482));
#1430 = ORIENTED_EDGE('',*,*,#56,.T.);
#1431 = ORIENTED_EDGE('',*,*,#1432,.T.);
#1432 = EDGE_CURVE('',#57,#1433,#1435,.T.);
#1433 = VERTEX_POINT('',#1434);
#1434 = CARTESIAN_POINT('',(-52.5,14.55,33.));
#1435 = SURFACE_CURVE('',#1436,(#1440,#1447),.PCURVE_S1.);
#1436 = LINE('',#1437,#1438);
#1437 = CARTESIAN_POINT('',(-52.875,14.175,33.));
#1438 = VECTOR('',#1439,1.);
#1439 = DIRECTION('',(0.707106781187,0.707106781187,0.));
#1440 = PCURVE('',#72,#1441);
#1441 = DEFINITIONAL_REPRESENTATION('',(#1442),#1446);
#1442 = LINE('',#1443,#1444);
#1443 = CARTESIAN_POINT('',(-53.,-0.176776695297));
#1444 = VECTOR('',#1445,1.);
#1445 = DIRECTION('',(-0.,1.));
#1446 = ( GEOMETRIC_REPRESENTATION_CONTEXT(2) 
PARAMETRIC_REPRESENTATION_CONTEXT() REPRESENTATION_CONTEXT('2D SPACE',''
  ) );
#1447 = PCURVE('',#1416,#1448);
#1448 = DEFINITIONAL_REPRESENTATION('',(#1449),#1453);
#1449 = LINE('',#1450,#1451);
#1450 = CARTESIAN_POINT('',(-8.838834764832E-02,0.153093108924));
#1451 = VECTOR('',#1452,1.);
#1452 = DIRECTION('',(-0.5,0.866025403784));
#1453 = ( GEOMETRIC_REPRESENTATION_CONTEXT(2) 
PARAMETRIC_REPRESENTATION_CONTEXT() REPRESENTATION_CONTEXT('2D SPACE',''
  ) );
#1454 = ORIENTED_EDGE('',*,*,#1455,.F.);
#1455 = EDGE_CURVE('',#1456,#1433,#1458,.T.);
#1456 = VERTEX_POINT('',#1457);
#1457 = CARTESIAN_POINT('',(-52.5,14.55,-19.5));
#1458 = SURFACE_CURVE('',#1459,(#1463,#1470),.PCURVE_S1.);
#1459 = LINE('',#1460,#1461);
#1460 = CARTESIAN_POINT('',(-52.5,14.55,-20.));
#1461 = VECTOR('',#1462,1.);
#1462 = DIRECTION('',(0.,0.,1.));
#1463 = PCURVE('',#72,#1464);
#1464 = DEFINITIONAL_REPRESENTATION('',(#1465),#1469);
#1465 = LINE('',#1466,#1467);
#1466 = CARTESIAN_POINT('',(-0.,0.353553390593));
#1467 = VECTOR('',#1468,1.);
#1468 = DIRECTION('',(-1.,0.));
#1469 = ( GEOMETRIC_REPRESENTATION_CONTEXT(2) 
PARAMETRIC_REPRESENTATION_CONTEXT() REPRESENTATION_CONTEXT('2D SPACE',''
  ) );
#1470 = PCURVE('',#1471,#1476);
#1471 = PLANE('',#1472);
#1472 = AXIS2_PLACEMENT_3D('',#1473,#1474,#1475);
#1473 = CARTESIAN_POINT('',(-53.,14.55,-20.));
#1474 = DIRECTION('',(0.,1.,0.));
#1475 = DIRECTION('',(0.,0.,1.));
#1476 = DEFINITIONAL_REPRESENTATION('',(#1477),#1481);
#1477 = LINE('',#1478,#1479);
#1478 = CARTESIAN_POINT('',(0.,0.5));
#1479 = VECTOR('',#1480,1.);
#1480 = DIRECTION('',(1.,0.));
#1481 = ( GEOMETRIC_REPRESENTATION_CONTEXT(2) 
PARAMETRIC_REPRESENTATION_CONTEXT() REPRESENTATION_CONTEXT('2D SPACE',''
  ) );
#1482 = ORIENTED_EDGE('',*,*,#1483,.F.);
#1483 = EDGE_CURVE('',#24,#1456,#1484,.T.);
#1484 = SURFACE_CURVE('',#1485,(#1489,#1496),.PCURVE_S1.);
#1485 = LINE('',#1486,#1487);
#1486 = CARTESIAN_POINT('',(-52.75,14.3,-19.5));
#1487 = VECTOR('',#1488,1.);
#1488 = DIRECTION('',(0.707106781187,0.707106781187,0.));
#1489 = PCURVE('',#72,#1490);
#1490 = DEFINITIONAL_REPRESENTATION('',(#1491),#1495);
#1491 = LINE('',#1492,#1493);
#1492 = CARTESIAN_POINT('',(-0.5,0.));
#1493 = VECTOR('',#1494,1.);
#1494 = DIRECTION('',(-0.,1.));
#1495 = ( GEOMETRIC_REPRESENTATION_CONTEXT(2) 
PARAMETRIC_REPRESENTATION_CONTEXT() REPRESENTATION_CONTEXT('2D SPACE',''
  ) );
#1496 = PCURVE('',#177,#1497);
#1497 = DEFINITIONAL_REPRESENTATION('',(#1498),#1502);
#1498 = LINE('',#1499,#1500);
#1499 = CARTESIAN_POINT('',(0.,0.612372435696));
#1500 = VECTOR('',#1501,1.);
#1501 = DIRECTION('',(1.,0.));
#1502 = ( GEOMETRIC_REPRESENTATION_CONTEXT(2) 
PARAMETRIC_REPRESENTATION_CONTEXT() REPRESENTATION_CONTEXT('2D SPACE',''
  ) );
#1503 = ADVANCED_FACE('',(#1504),#203,.F.);
#1504 = FACE_BOUND('',#1505,.F.);
#1505 = EDGE_LOOP('',(#1506,#1507,#1530,#1556));
#1506 = ORIENTED_EDGE('',*,*,#1048,.F.);
#1507 = ORIENTED_EDGE('',*,*,#1508,.T.);
#1508 = EDGE_CURVE('',#1023,#1509,#1511,.T.);
#1509 = VERTEX_POINT('',#1510);
#1510 = CARTESIAN_POINT('',(0.,14.05,-20.));
#1511 = SURFACE_CURVE('',#1512,(#1516,#1523),.PCURVE_S1.);
#1512 = LINE('',#1513,#1514);
#1513 = CARTESIAN_POINT('',(0.,-14.55,-20.));
#1514 = VECTOR('',#1515,1.);
#1515 = DIRECTION('',(0.,1.,0.));
#1516 = PCURVE('',#203,#1517);
#1517 = DEFINITIONAL_REPRESENTATION('',(#1518),#1522);
#1518 = LINE('',#1519,#1520);
#1519 = CARTESIAN_POINT('',(53.,0.));
#1520 = VECTOR('',#1521,1.);
#1521 = DIRECTION('',(0.,1.));
#1522 = ( GEOMETRIC_REPRESENTATION_CONTEXT(2) 
PARAMETRIC_REPRESENTATION_CONTEXT() REPRESENTATION_CONTEXT('2D SPACE',''
  ) );
#1523 = PCURVE('',#1037,#1524);
#1524 = DEFINITIONAL_REPRESENTATION('',(#1525),#1529);
#1525 = LINE('',#1526,#1527);
#1526 = CARTESIAN_POINT('',(0.,0.));
#1527 = VECTOR('',#1528,1.);
#1528 = DIRECTION('',(0.,-1.));
#1529 = ( GEOMETRIC_REPRESENTATION_CONTEXT(2) 
PARAMETRIC_REPRESENTATION_CONTEXT() REPRESENTATION_CONTEXT('2D SPACE',''
  ) );
#1530 = ORIENTED_EDGE('',*,*,#1531,.F.);
#1531 = EDGE_CURVE('',#162,#1509,#1532,.T.);
#1532 = SURFACE_CURVE('',#1533,(#1537,#1544),.PCURVE_S1.);
#1533 = LINE('',#1534,#1535);
#1534 = CARTESIAN_POINT('',(-53.,14.05,-20.));
#1535 = VECTOR('',#1536,1.);
#1536 = DIRECTION('',(1.,0.,0.));
#1537 = PCURVE('',#203,#1538);
#1538 = DEFINITIONAL_REPRESENTATION('',(#1539),#1543);
#1539 = LINE('',#1540,#1541);
#1540 = CARTESIAN_POINT('',(0.,28.6));
#1541 = VECTOR('',#1542,1.);
#1542 = DIRECTION('',(1.,0.));
#1543 = ( GEOMETRIC_REPRESENTATION_CONTEXT(2) 
PARAMETRIC_REPRESENTATION_CONTEXT() REPRESENTATION_CONTEXT('2D SPACE',''
  ) );
#1544 = PCURVE('',#1545,#1550);
#1545 = PLANE('',#1546);
#1546 = AXIS2_PLACEMENT_3D('',#1547,#1548,#1549);
#1547 = CARTESIAN_POINT('',(-53.,14.3,-19.75));
#1548 = DIRECTION('',(0.,-0.707106781187,0.707106781187));
#1549 = DIRECTION('',(-1.,-0.,-0.));
#1550 = DEFINITIONAL_REPRESENTATION('',(#1551),#1555);
#1551 = LINE('',#1552,#1553);
#1552 = CARTESIAN_POINT('',(-0.,0.353553390593));
#1553 = VECTOR('',#1554,1.);
#1554 = DIRECTION('',(-1.,0.));
#1555 = ( GEOMETRIC_REPRESENTATION_CONTEXT(2) 
PARAMETRIC_REPRESENTATION_CONTEXT() REPRESENTATION_CONTEXT('2D SPACE',''
  ) );
#1556 = ORIENTED_EDGE('',*,*,#189,.F.);
#1557 = ADVANCED_FACE('',(#1558),#177,.F.);
#1558 = FACE_BOUND('',#1559,.F.);
#1559 = EDGE_LOOP('',(#1560,#1561,#1582));
#1560 = ORIENTED_EDGE('',*,*,#161,.F.);
#1561 = ORIENTED_EDGE('',*,*,#1562,.T.);
#1562 = EDGE_CURVE('',#162,#1456,#1563,.T.);
#1563 = SURFACE_CURVE('',#1564,(#1568,#1575),.PCURVE_S1.);
#1564 = LINE('',#1565,#1566);
#1565 = CARTESIAN_POINT('',(-52.5,14.175,-19.875));
#1566 = VECTOR('',#1567,1.);
#1567 = DIRECTION('',(-0.,0.707106781187,0.707106781187));
#1568 = PCURVE('',#177,#1569);
#1569 = DEFINITIONAL_REPRESENTATION('',(#1570),#1574);
#1570 = LINE('',#1571,#1572);
#1571 = CARTESIAN_POINT('',(8.838834764831E-02,0.153093108924));
#1572 = VECTOR('',#1573,1.);
#1573 = DIRECTION('',(0.5,0.866025403784));
#1574 = ( GEOMETRIC_REPRESENTATION_CONTEXT(2) 
PARAMETRIC_REPRESENTATION_CONTEXT() REPRESENTATION_CONTEXT('2D SPACE',''
  ) );
#1575 = PCURVE('',#1545,#1576);
#1576 = DEFINITIONAL_REPRESENTATION('',(#1577),#1581);
#1577 = LINE('',#1578,#1579);
#1578 = CARTESIAN_POINT('',(-0.5,0.176776695297));
#1579 = VECTOR('',#1580,1.);
#1580 = DIRECTION('',(-0.,-1.));
#1581 = ( GEOMETRIC_REPRESENTATION_CONTEXT(2) 
PARAMETRIC_REPRESENTATION_CONTEXT() REPRESENTATION_CONTEXT('2D SPACE',''
  ) );
#1582 = ORIENTED_EDGE('',*,*,#1483,.F.);
#1583 = ADVANCED_FACE('',(#1584),#235,.T.);
#1584 = FACE_BOUND('',#1585,.T.);
#1585 = EDGE_LOOP('',(#1586,#1587));
#1586 = ORIENTED_EDGE('',*,*,#218,.F.);
#1587 = ORIENTED_EDGE('',*,*,#1588,.T.);
#1588 = EDGE_CURVE('',#219,#221,#1589,.T.);
#1589 = SURFACE_CURVE('',#1590,(#1595,#1602),.PCURVE_S1.);
#1590 = CIRCLE('',#1591,3.4);
#1591 = AXIS2_PLACEMENT_3D('',#1592,#1593,#1594);
#1592 = CARTESIAN_POINT('',(-46.5,0.,-18.));
#1593 = DIRECTION('',(0.,0.,1.));
#1594 = DIRECTION('',(1.,0.,0.));
#1595 = PCURVE('',#235,#1596);
#1596 = DEFINITIONAL_REPRESENTATION('',(#1597),#1601);
#1597 = CIRCLE('',#1598,3.4);
#1598 = AXIS2_PLACEMENT_2D('',#1599,#1600);
#1599 = CARTESIAN_POINT('',(7.105427357601E-15,-2.633949703729E-16));
#1600 = DIRECTION('',(1.,0.));
#1601 = ( GEOMETRIC_REPRESENTATION_CONTEXT(2) 
PARAMETRIC_REPRESENTATION_CONTEXT() REPRESENTATION_CONTEXT('2D SPACE',''
  ) );
#1602 = PCURVE('',#262,#1603);
#1603 = DEFINITIONAL_REPRESENTATION('',(#1604),#1608);
#1604 = LINE('',#1605,#1606);
#1605 = CARTESIAN_POINT('',(-0.,0.));
#1606 = VECTOR('',#1607,1.);
#1607 = DIRECTION('',(-1.,0.));
#1608 = ( GEOMETRIC_REPRESENTATION_CONTEXT(2) 
PARAMETRIC_REPRESENTATION_CONTEXT() REPRESENTATION_CONTEXT('2D SPACE',''
  ) );
#1609 = ADVANCED_FACE('',(#1610),#262,.F.);
#1610 = FACE_BOUND('',#1611,.T.);
#1611 = EDGE_LOOP('',(#1612,#1613,#1614,#1640));
#1612 = ORIENTED_EDGE('',*,*,#1588,.F.);
#1613 = ORIENTED_EDGE('',*,*,#246,.T.);
#1614 = ORIENTED_EDGE('',*,*,#1615,.F.);
#1615 = EDGE_CURVE('',#1195,#247,#1616,.T.);
#1616 = SURFACE_CURVE('',#1617,(#1622,#1629),.PCURVE_S1.);
#1617 = CIRCLE('',#1618,3.4);
#1618 = AXIS2_PLACEMENT_3D('',#1619,#1620,#1621);
#1619 = CARTESIAN_POINT('',(-46.5,0.,-6.5));
#1620 = DIRECTION('',(0.,0.,-1.));
#1621 = DIRECTION('',(1.,0.,0.));
#1622 = PCURVE('',#262,#1623);
#1623 = DEFINITIONAL_REPRESENTATION('',(#1624),#1628);
#1624 = LINE('',#1625,#1626);
#1625 = CARTESIAN_POINT('',(-6.28318530718,-11.5));
#1626 = VECTOR('',#1627,1.);
#1627 = DIRECTION('',(1.,-0.));
#1628 = ( GEOMETRIC_REPRESENTATION_CONTEXT(2) 
PARAMETRIC_REPRESENTATION_CONTEXT() REPRESENTATION_CONTEXT('2D SPACE',''
  ) );
#1629 = PCURVE('',#289,#1630);
#1630 = DEFINITIONAL_REPRESENTATION('',(#1631),#1639);
#1631 = ( BOUNDED_CURVE() B_SPLINE_CURVE(2,(#1632,#1633,#1634,#1635,
#1636,#1637,#1638),.UNSPECIFIED.,.T.,.F.) B_SPLINE_CURVE_WITH_KNOTS((1,2
    ,2,2,2,1),(-2.094395102393,0.,2.094395102393,4.188790204786,
6.28318530718,8.377580409573),.UNSPECIFIED.) CURVE() 
GEOMETRIC_REPRESENTATION_ITEM() RATIONAL_B_SPLINE_CURVE((1.,0.5,1.,0.5,
1.,0.5,1.)) REPRESENTATION_ITEM('') );
#1632 = CARTESIAN_POINT('',(7.1,6.3));
#1633 = CARTESIAN_POINT('',(7.1,0.411027254266));
#1634 = CARTESIAN_POINT('',(2.,3.355513627133));
#1635 = CARTESIAN_POINT('',(-3.1,6.3));
#1636 = CARTESIAN_POINT('',(2.,9.244486372867));
#1637 = CARTESIAN_POINT('',(7.1,12.188972745734));
#1638 = CARTESIAN_POINT('',(7.1,6.3));
#1639 = ( GEOMETRIC_REPRESENTATION_CONTEXT(2) 
PARAMETRIC_REPRESENTATION_CONTEXT() REPRESENTATION_CONTEXT('2D SPACE',''
  ) );
#1640 = ORIENTED_EDGE('',*,*,#1215,.T.);
#1641 = ADVANCED_FACE('',(#1642),#289,.T.);
#1642 = FACE_BOUND('',#1643,.T.);
#1643 = EDGE_LOOP('',(#1644,#1674,#1695,#1696,#1697,#1698));
#1644 = ORIENTED_EDGE('',*,*,#1645,.F.);
#1645 = EDGE_CURVE('',#1646,#1648,#1650,.T.);
#1646 = VERTEX_POINT('',#1647);
#1647 = CARTESIAN_POINT('',(-50.2,6.3,-6.5));
#1648 = VERTEX_POINT('',#1649);
#1649 = CARTESIAN_POINT('',(-41.5,6.3,-6.5));
#1650 = SURFACE_CURVE('',#1651,(#1655,#1662),.PCURVE_S1.);
#1651 = LINE('',#1652,#1653);
#1652 = CARTESIAN_POINT('',(-50.2,6.3,-6.5));
#1653 = VECTOR('',#1654,1.);
#1654 = DIRECTION('',(1.,0.,0.));
#1655 = PCURVE('',#289,#1656);
#1656 = DEFINITIONAL_REPRESENTATION('',(#1657),#1661);
#1657 = LINE('',#1658,#1659);
#1658 = CARTESIAN_POINT('',(0.,12.6));
#1659 = VECTOR('',#1660,1.);
#1660 = DIRECTION('',(1.,0.));
#1661 = ( GEOMETRIC_REPRESENTATION_CONTEXT(2) 
PARAMETRIC_REPRESENTATION_CONTEXT() REPRESENTATION_CONTEXT('2D SPACE',''
  ) );
#1662 = PCURVE('',#1663,#1668);
#1663 = PLANE('',#1664);
#1664 = AXIS2_PLACEMENT_3D('',#1665,#1666,#1667);
#1665 = CARTESIAN_POINT('',(-41.5,6.3,-16.5));
#1666 = DIRECTION('',(0.,1.,0.));
#1667 = DIRECTION('',(0.,0.,1.));
#1668 = DEFINITIONAL_REPRESENTATION('',(#1669),#1673);
#1669 = LINE('',#1670,#1671);
#1670 = CARTESIAN_POINT('',(10.,-8.7));
#1671 = VECTOR('',#1672,1.);
#1672 = DIRECTION('',(0.,1.));
#1673 = ( GEOMETRIC_REPRESENTATION_CONTEXT(2) 
PARAMETRIC_REPRESENTATION_CONTEXT() REPRESENTATION_CONTEXT('2D SPACE',''
  ) );
#1674 = ORIENTED_EDGE('',*,*,#1675,.F.);
#1675 = EDGE_CURVE('',#1169,#1646,#1676,.T.);
#1676 = SURFACE_CURVE('',#1677,(#1681,#1688),.PCURVE_S1.);
#1677 = LINE('',#1678,#1679);
#1678 = CARTESIAN_POINT('',(-50.2,-6.3,-6.5));
#1679 = VECTOR('',#1680,1.);
#1680 = DIRECTION('',(0.,1.,0.));
#1681 = PCURVE('',#289,#1682);
#1682 = DEFINITIONAL_REPRESENTATION('',(#1683),#1687);
#1683 = LINE('',#1684,#1685);
#1684 = CARTESIAN_POINT('',(0.,0.));
#1685 = VECTOR('',#1686,1.);
#1686 = DIRECTION('',(0.,1.));
#1687 = ( GEOMETRIC_REPRESENTATION_CONTEXT(2) 
PARAMETRIC_REPRESENTATION_CONTEXT() REPRESENTATION_CONTEXT('2D SPACE',''
  ) );
#1688 = PCURVE('',#1183,#1689);
#1689 = DEFINITIONAL_REPRESENTATION('',(#1690),#1694);
#1690 = LINE('',#1691,#1692);
#1691 = CARTESIAN_POINT('',(0.,0.));
#1692 = VECTOR('',#1693,1.);
#1693 = DIRECTION('',(0.,-1.));
#1694 = ( GEOMETRIC_REPRESENTATION_CONTEXT(2) 
PARAMETRIC_REPRESENTATION_CONTEXT() REPRESENTATION_CONTEXT('2D SPACE',''
  ) );
#1695 = ORIENTED_EDGE('',*,*,#1194,.F.);
#1696 = ORIENTED_EDGE('',*,*,#1615,.T.);
#1697 = ORIENTED_EDGE('',*,*,#274,.F.);
#1698 = ORIENTED_EDGE('',*,*,#1699,.F.);
#1699 = EDGE_CURVE('',#1648,#275,#1700,.T.);
#1700 = SURFACE_CURVE('',#1701,(#1705,#1711),.PCURVE_S1.);
#1701 = LINE('',#1702,#1703);
#1702 = CARTESIAN_POINT('',(-41.5,-6.3,-6.5));
#1703 = VECTOR('',#1704,1.);
#1704 = DIRECTION('',(0.,-1.,0.));
#1705 = PCURVE('',#289,#1706);
#1706 = DEFINITIONAL_REPRESENTATION('',(#1707),#1710);
#1707 = B_SPLINE_CURVE_WITH_KNOTS('',1,(#1708,#1709),.UNSPECIFIED.,.F.,
  .F.,(2,2),(-12.6,0.),.PIECEWISE_BEZIER_KNOTS.);
#1708 = CARTESIAN_POINT('',(8.7,12.6));
#1709 = CARTESIAN_POINT('',(8.7,0.));
#1710 = ( GEOMETRIC_REPRESENTATION_CONTEXT(2) 
PARAMETRIC_REPRESENTATION_CONTEXT() REPRESENTATION_CONTEXT('2D SPACE',''
  ) );
#1711 = PCURVE('',#315,#1712);
#1712 = DEFINITIONAL_REPRESENTATION('',(#1713),#1716);
#1713 = B_SPLINE_CURVE_WITH_KNOTS('',1,(#1714,#1715),.UNSPECIFIED.,.F.,
  .F.,(2,2),(-12.6,0.),.PIECEWISE_BEZIER_KNOTS.);
#1714 = CARTESIAN_POINT('',(10.,-12.6));
#1715 = CARTESIAN_POINT('',(10.,0.));
#1716 = ( GEOMETRIC_REPRESENTATION_CONTEXT(2) 
PARAMETRIC_REPRESENTATION_CONTEXT() REPRESENTATION_CONTEXT('2D SPACE',''
  ) );
#1717 = ADVANCED_FACE('',(#1718),#315,.T.);
#1718 = FACE_BOUND('',#1719,.T.);
#1719 = EDGE_LOOP('',(#1720,#1721,#1744,#1765));
#1720 = ORIENTED_EDGE('',*,*,#300,.F.);
#1721 = ORIENTED_EDGE('',*,*,#1722,.T.);
#1722 = EDGE_CURVE('',#301,#1723,#1725,.T.);
#1723 = VERTEX_POINT('',#1724);
#1724 = CARTESIAN_POINT('',(-41.5,6.3,-16.5));
#1725 = SURFACE_CURVE('',#1726,(#1730,#1737),.PCURVE_S1.);
#1726 = LINE('',#1727,#1728);
#1727 = CARTESIAN_POINT('',(-41.5,-6.3,-16.5));
#1728 = VECTOR('',#1729,1.);
#1729 = DIRECTION('',(0.,1.,0.));
#1730 = PCURVE('',#315,#1731);
#1731 = DEFINITIONAL_REPRESENTATION('',(#1732),#1736);
#1732 = LINE('',#1733,#1734);
#1733 = CARTESIAN_POINT('',(0.,0.));
#1734 = VECTOR('',#1735,1.);
#1735 = DIRECTION('',(0.,-1.));
#1736 = ( GEOMETRIC_REPRESENTATION_CONTEXT(2) 
PARAMETRIC_REPRESENTATION_CONTEXT() REPRESENTATION_CONTEXT('2D SPACE',''
  ) );
#1737 = PCURVE('',#341,#1738);
#1738 = DEFINITIONAL_REPRESENTATION('',(#1739),#1743);
#1739 = LINE('',#1740,#1741);
#1740 = CARTESIAN_POINT('',(0.,0.));
#1741 = VECTOR('',#1742,1.);
#1742 = DIRECTION('',(0.,1.));
#1743 = ( GEOMETRIC_REPRESENTATION_CONTEXT(2) 
PARAMETRIC_REPRESENTATION_CONTEXT() REPRESENTATION_CONTEXT('2D SPACE',''
  ) );
#1744 = ORIENTED_EDGE('',*,*,#1745,.T.);
#1745 = EDGE_CURVE('',#1723,#1648,#1746,.T.);
#1746 = SURFACE_CURVE('',#1747,(#1751,#1758),.PCURVE_S1.);
#1747 = LINE('',#1748,#1749);
#1748 = CARTESIAN_POINT('',(-41.5,6.3,-16.5));
#1749 = VECTOR('',#1750,1.);
#1750 = DIRECTION('',(0.,0.,1.));
#1751 = PCURVE('',#315,#1752);
#1752 = DEFINITIONAL_REPRESENTATION('',(#1753),#1757);
#1753 = LINE('',#1754,#1755);
#1754 = CARTESIAN_POINT('',(0.,-12.6));
#1755 = VECTOR('',#1756,1.);
#1756 = DIRECTION('',(1.,0.));
#1757 = ( GEOMETRIC_REPRESENTATION_CONTEXT(2) 
PARAMETRIC_REPRESENTATION_CONTEXT() REPRESENTATION_CONTEXT('2D SPACE',''
  ) );
#1758 = PCURVE('',#1663,#1759);
#1759 = DEFINITIONAL_REPRESENTATION('',(#1760),#1764);
#1760 = LINE('',#1761,#1762);
#1761 = CARTESIAN_POINT('',(0.,0.));
#1762 = VECTOR('',#1763,1.);
#1763 = DIRECTION('',(1.,0.));
#1764 = ( GEOMETRIC_REPRESENTATION_CONTEXT(2) 
PARAMETRIC_REPRESENTATION_CONTEXT() REPRESENTATION_CONTEXT('2D SPACE',''
  ) );
#1765 = ORIENTED_EDGE('',*,*,#1699,.T.);
#1766 = ADVANCED_FACE('',(#1767),#1183,.T.);
#1767 = FACE_BOUND('',#1768,.T.);
#1768 = EDGE_LOOP('',(#1769,#1792,#1793,#1794));
#1769 = ORIENTED_EDGE('',*,*,#1770,.F.);
#1770 = EDGE_CURVE('',#1143,#1771,#1773,.T.);
#1771 = VERTEX_POINT('',#1772);
#1772 = CARTESIAN_POINT('',(-50.2,6.3,14.5));
#1773 = SURFACE_CURVE('',#1774,(#1778,#1785),.PCURVE_S1.);
#1774 = LINE('',#1775,#1776);
#1775 = CARTESIAN_POINT('',(-50.2,-6.3,14.5));
#1776 = VECTOR('',#1777,1.);
#1777 = DIRECTION('',(0.,1.,0.));
#1778 = PCURVE('',#1183,#1779);
#1779 = DEFINITIONAL_REPRESENTATION('',(#1780),#1784);
#1780 = LINE('',#1781,#1782);
#1781 = CARTESIAN_POINT('',(21.,0.));
#1782 = VECTOR('',#1783,1.);
#1783 = DIRECTION('',(0.,-1.));
#1784 = ( GEOMETRIC_REPRESENTATION_CONTEXT(2) 
PARAMETRIC_REPRESENTATION_CONTEXT() REPRESENTATION_CONTEXT('2D SPACE',''
  ) );
#1785 = PCURVE('',#1157,#1786);
#1786 = DEFINITIONAL_REPRESENTATION('',(#1787),#1791);
#1787 = LINE('',#1788,#1789);
#1788 = CARTESIAN_POINT('',(0.,0.));
#1789 = VECTOR('',#1790,1.);
#1790 = DIRECTION('',(0.,1.));
#1791 = ( GEOMETRIC_REPRESENTATION_CONTEXT(2) 
PARAMETRIC_REPRESENTATION_CONTEXT() REPRESENTATION_CONTEXT('2D SPACE',''
  ) );
#1792 = ORIENTED_EDGE('',*,*,#1168,.F.);
#1793 = ORIENTED_EDGE('',*,*,#1675,.T.);
#1794 = ORIENTED_EDGE('',*,*,#1795,.T.);
#1795 = EDGE_CURVE('',#1646,#1771,#1796,.T.);
#1796 = SURFACE_CURVE('',#1797,(#1801,#1808),.PCURVE_S1.);
#1797 = LINE('',#1798,#1799);
#1798 = CARTESIAN_POINT('',(-50.2,6.3,-6.5));
#1799 = VECTOR('',#1800,1.);
#1800 = DIRECTION('',(0.,0.,1.));
#1801 = PCURVE('',#1183,#1802);
#1802 = DEFINITIONAL_REPRESENTATION('',(#1803),#1807);
#1803 = LINE('',#1804,#1805);
#1804 = CARTESIAN_POINT('',(0.,-12.6));
#1805 = VECTOR('',#1806,1.);
#1806 = DIRECTION('',(1.,0.));
#1807 = ( GEOMETRIC_REPRESENTATION_CONTEXT(2) 
PARAMETRIC_REPRESENTATION_CONTEXT() REPRESENTATION_CONTEXT('2D SPACE',''
  ) );
#1808 = PCURVE('',#1663,#1809);
#1809 = DEFINITIONAL_REPRESENTATION('',(#1810),#1814);
#1810 = LINE('',#1811,#1812);
#1811 = CARTESIAN_POINT('',(10.,-8.7));
#1812 = VECTOR('',#1813,1.);
#1813 = DIRECTION('',(1.,0.));
#1814 = ( GEOMETRIC_REPRESENTATION_CONTEXT(2) 
PARAMETRIC_REPRESENTATION_CONTEXT() REPRESENTATION_CONTEXT('2D SPACE',''
  ) );
#1815 = ADVANCED_FACE('',(#1816),#341,.T.);
#1816 = FACE_BOUND('',#1817,.T.);
#1817 = EDGE_LOOP('',(#1818,#1819,#1820,#1843));
#1818 = ORIENTED_EDGE('',*,*,#1722,.F.);
#1819 = ORIENTED_EDGE('',*,*,#326,.F.);
#1820 = ORIENTED_EDGE('',*,*,#1821,.T.);
#1821 = EDGE_CURVE('',#327,#1822,#1824,.T.);
#1822 = VERTEX_POINT('',#1823);
#1823 = CARTESIAN_POINT('',(-30.9,6.3,-16.5));
#1824 = SURFACE_CURVE('',#1825,(#1829,#1836),.PCURVE_S1.);
#1825 = LINE('',#1826,#1827);
#1826 = CARTESIAN_POINT('',(-30.9,-6.3,-16.5));
#1827 = VECTOR('',#1828,1.);
#1828 = DIRECTION('',(0.,1.,0.));
#1829 = PCURVE('',#341,#1830);
#1830 = DEFINITIONAL_REPRESENTATION('',(#1831),#1835);
#1831 = LINE('',#1832,#1833);
#1832 = CARTESIAN_POINT('',(10.6,0.));
#1833 = VECTOR('',#1834,1.);
#1834 = DIRECTION('',(0.,1.));
#1835 = ( GEOMETRIC_REPRESENTATION_CONTEXT(2) 
PARAMETRIC_REPRESENTATION_CONTEXT() REPRESENTATION_CONTEXT('2D SPACE',''
  ) );
#1836 = PCURVE('',#367,#1837);
#1837 = DEFINITIONAL_REPRESENTATION('',(#1838),#1842);
#1838 = LINE('',#1839,#1840);
#1839 = CARTESIAN_POINT('',(0.,0.));
#1840 = VECTOR('',#1841,1.);
#1841 = DIRECTION('',(0.,-1.));
#1842 = ( GEOMETRIC_REPRESENTATION_CONTEXT(2) 
PARAMETRIC_REPRESENTATION_CONTEXT() REPRESENTATION_CONTEXT('2D SPACE',''
  ) );
#1843 = ORIENTED_EDGE('',*,*,#1844,.F.);
#1844 = EDGE_CURVE('',#1723,#1822,#1845,.T.);
#1845 = SURFACE_CURVE('',#1846,(#1850,#1857),.PCURVE_S1.);
#1846 = LINE('',#1847,#1848);
#1847 = CARTESIAN_POINT('',(-41.5,6.3,-16.5));
#1848 = VECTOR('',#1849,1.);
#1849 = DIRECTION('',(1.,0.,0.));
#1850 = PCURVE('',#341,#1851);
#1851 = DEFINITIONAL_REPRESENTATION('',(#1852),#1856);
#1852 = LINE('',#1853,#1854);
#1853 = CARTESIAN_POINT('',(0.,12.6));
#1854 = VECTOR('',#1855,1.);
#1855 = DIRECTION('',(1.,0.));
#1856 = ( GEOMETRIC_REPRESENTATION_CONTEXT(2) 
PARAMETRIC_REPRESENTATION_CONTEXT() REPRESENTATION_CONTEXT('2D SPACE',''
  ) );
#1857 = PCURVE('',#1663,#1858);
#1858 = DEFINITIONAL_REPRESENTATION('',(#1859),#1863);
#1859 = LINE('',#1860,#1861);
#1860 = CARTESIAN_POINT('',(0.,0.));
#1861 = VECTOR('',#1862,1.);
#1862 = DIRECTION('',(0.,1.));
#1863 = ( GEOMETRIC_REPRESENTATION_CONTEXT(2) 
PARAMETRIC_REPRESENTATION_CONTEXT() REPRESENTATION_CONTEXT('2D SPACE',''
  ) );
#1864 = ADVANCED_FACE('',(#1865),#1157,.F.);
#1865 = FACE_BOUND('',#1866,.F.);
#1866 = EDGE_LOOP('',(#1867,#1890,#1891,#1892));
#1867 = ORIENTED_EDGE('',*,*,#1868,.F.);
#1868 = EDGE_CURVE('',#1771,#1869,#1871,.T.);
#1869 = VERTEX_POINT('',#1870);
#1870 = CARTESIAN_POINT('',(-41.5,6.3,14.5));
#1871 = SURFACE_CURVE('',#1872,(#1876,#1883),.PCURVE_S1.);
#1872 = LINE('',#1873,#1874);
#1873 = CARTESIAN_POINT('',(-50.2,6.3,14.5));
#1874 = VECTOR('',#1875,1.);
#1875 = DIRECTION('',(1.,0.,0.));
#1876 = PCURVE('',#1157,#1877);
#1877 = DEFINITIONAL_REPRESENTATION('',(#1878),#1882);
#1878 = LINE('',#1879,#1880);
#1879 = CARTESIAN_POINT('',(0.,12.6));
#1880 = VECTOR('',#1881,1.);
#1881 = DIRECTION('',(1.,0.));
#1882 = ( GEOMETRIC_REPRESENTATION_CONTEXT(2) 
PARAMETRIC_REPRESENTATION_CONTEXT() REPRESENTATION_CONTEXT('2D SPACE',''
  ) );
#1883 = PCURVE('',#1663,#1884);
#1884 = DEFINITIONAL_REPRESENTATION('',(#1885),#1889);
#1885 = LINE('',#1886,#1887);
#1886 = CARTESIAN_POINT('',(31.,-8.7));
#1887 = VECTOR('',#1888,1.);
#1888 = DIRECTION('',(0.,1.));
#1889 = ( GEOMETRIC_REPRESENTATION_CONTEXT(2) 
PARAMETRIC_REPRESENTATION_CONTEXT() REPRESENTATION_CONTEXT('2D SPACE',''
  ) );
#1890 = ORIENTED_EDGE('',*,*,#1770,.F.);
#1891 = ORIENTED_EDGE('',*,*,#1142,.F.);
#1892 = ORIENTED_EDGE('',*,*,#1893,.F.);
#1893 = EDGE_CURVE('',#1869,#1117,#1894,.T.);
#1894 = SURFACE_CURVE('',#1895,(#1899,#1905),.PCURVE_S1.);
#1895 = LINE('',#1896,#1897);
#1896 = CARTESIAN_POINT('',(-41.5,-6.3,14.5));
#1897 = VECTOR('',#1898,1.);
#1898 = DIRECTION('',(0.,-1.,0.));
#1899 = PCURVE('',#1157,#1900);
#1900 = DEFINITIONAL_REPRESENTATION('',(#1901),#1904);
#1901 = B_SPLINE_CURVE_WITH_KNOTS('',1,(#1902,#1903),.UNSPECIFIED.,.F.,
  .F.,(2,2),(-12.6,0.),.PIECEWISE_BEZIER_KNOTS.);
#1902 = CARTESIAN_POINT('',(8.7,12.6));
#1903 = CARTESIAN_POINT('',(8.7,0.));
#1904 = ( GEOMETRIC_REPRESENTATION_CONTEXT(2) 
PARAMETRIC_REPRESENTATION_CONTEXT() REPRESENTATION_CONTEXT('2D SPACE',''
  ) );
#1905 = PCURVE('',#1131,#1906);
#1906 = DEFINITIONAL_REPRESENTATION('',(#1907),#1910);
#1907 = B_SPLINE_CURVE_WITH_KNOTS('',1,(#1908,#1909),.UNSPECIFIED.,.F.,
  .F.,(2,2),(-12.6,0.),.PIECEWISE_BEZIER_KNOTS.);
#1908 = CARTESIAN_POINT('',(31.,-12.6));
#1909 = CARTESIAN_POINT('',(31.,0.));
#1910 = ( GEOMETRIC_REPRESENTATION_CONTEXT(2) 
PARAMETRIC_REPRESENTATION_CONTEXT() REPRESENTATION_CONTEXT('2D SPACE',''
  ) );
#1911 = ADVANCED_FACE('',(#1912),#367,.F.);
#1912 = FACE_BOUND('',#1913,.F.);
#1913 = EDGE_LOOP('',(#1914,#1915,#1916,#1939,#1960,#1986,#2012,#2038));
#1914 = ORIENTED_EDGE('',*,*,#352,.F.);
#1915 = ORIENTED_EDGE('',*,*,#1821,.T.);
#1916 = ORIENTED_EDGE('',*,*,#1917,.T.);
#1917 = EDGE_CURVE('',#1822,#1918,#1920,.T.);
#1918 = VERTEX_POINT('',#1919);
#1919 = CARTESIAN_POINT('',(-30.9,6.3,33.5));
#1920 = SURFACE_CURVE('',#1921,(#1925,#1932),.PCURVE_S1.);
#1921 = LINE('',#1922,#1923);
#1922 = CARTESIAN_POINT('',(-30.9,6.3,-16.5));
#1923 = VECTOR('',#1924,1.);
#1924 = DIRECTION('',(0.,0.,1.));
#1925 = PCURVE('',#367,#1926);
#1926 = DEFINITIONAL_REPRESENTATION('',(#1927),#1931);
#1927 = LINE('',#1928,#1929);
#1928 = CARTESIAN_POINT('',(0.,-12.6));
#1929 = VECTOR('',#1930,1.);
#1930 = DIRECTION('',(1.,0.));
#1931 = ( GEOMETRIC_REPRESENTATION_CONTEXT(2) 
PARAMETRIC_REPRESENTATION_CONTEXT() REPRESENTATION_CONTEXT('2D SPACE',''
  ) );
#1932 = PCURVE('',#1663,#1933);
#1933 = DEFINITIONAL_REPRESENTATION('',(#1934),#1938);
#1934 = LINE('',#1935,#1936);
#1935 = CARTESIAN_POINT('',(0.,10.6));
#1936 = VECTOR('',#1937,1.);
#1937 = DIRECTION('',(1.,0.));
#1938 = ( GEOMETRIC_REPRESENTATION_CONTEXT(2) 
PARAMETRIC_REPRESENTATION_CONTEXT() REPRESENTATION_CONTEXT('2D SPACE',''
  ) );
#1939 = ORIENTED_EDGE('',*,*,#1940,.F.);
#1940 = EDGE_CURVE('',#1941,#1918,#1943,.T.);
#1941 = VERTEX_POINT('',#1942);
#1942 = CARTESIAN_POINT('',(-30.9,0.,33.5));
#1943 = SURFACE_CURVE('',#1944,(#1948,#1954),.PCURVE_S1.);
#1944 = LINE('',#1945,#1946);
#1945 = CARTESIAN_POINT('',(-30.9,-10.425,33.5));
#1946 = VECTOR('',#1947,1.);
#1947 = DIRECTION('',(0.,1.,0.));
#1948 = PCURVE('',#367,#1949);
#1949 = DEFINITIONAL_REPRESENTATION('',(#1950),#1953);
#1950 = B_SPLINE_CURVE_WITH_KNOTS('',1,(#1951,#1952),.UNSPECIFIED.,.F.,
  .F.,(2,2),(4.125,16.725),.PIECEWISE_BEZIER_KNOTS.);
#1951 = CARTESIAN_POINT('',(50.,0.));
#1952 = CARTESIAN_POINT('',(50.,-12.6));
#1953 = ( GEOMETRIC_REPRESENTATION_CONTEXT(2) 
PARAMETRIC_REPRESENTATION_CONTEXT() REPRESENTATION_CONTEXT('2D SPACE',''
  ) );
#1954 = PCURVE('',#1105,#1955);
#1955 = DEFINITIONAL_REPRESENTATION('',(#1956),#1959);
#1956 = B_SPLINE_CURVE_WITH_KNOTS('',1,(#1957,#1958),.UNSPECIFIED.,.F.,
  .F.,(2,2),(4.125,16.725),.PIECEWISE_BEZIER_KNOTS.);
#1957 = CARTESIAN_POINT('',(22.1,8.25));
#1958 = CARTESIAN_POINT('',(22.1,20.85));
#1959 = ( GEOMETRIC_REPRESENTATION_CONTEXT(2) 
PARAMETRIC_REPRESENTATION_CONTEXT() REPRESENTATION_CONTEXT('2D SPACE',''
  ) );
#1960 = ORIENTED_EDGE('',*,*,#1961,.F.);
#1961 = EDGE_CURVE('',#1962,#1941,#1964,.T.);
#1962 = VERTEX_POINT('',#1963);
#1963 = CARTESIAN_POINT('',(-30.9,0.,5.));
#1964 = SURFACE_CURVE('',#1965,(#1969,#1975),.PCURVE_S1.);
#1965 = LINE('',#1966,#1967);
#1966 = CARTESIAN_POINT('',(-30.9,0.,-20.75));
#1967 = VECTOR('',#1968,1.);
#1968 = DIRECTION('',(0.,0.,1.));
#1969 = PCURVE('',#367,#1970);
#1970 = DEFINITIONAL_REPRESENTATION('',(#1971),#1974);
#1971 = B_SPLINE_CURVE_WITH_KNOTS('',1,(#1972,#1973),.UNSPECIFIED.,.F.,
  .F.,(2,2),(4.25,54.25),.PIECEWISE_BEZIER_KNOTS.);
#1972 = CARTESIAN_POINT('',(0.,-6.3));
#1973 = CARTESIAN_POINT('',(50.,-6.3));
#1974 = ( GEOMETRIC_REPRESENTATION_CONTEXT(2) 
PARAMETRIC_REPRESENTATION_CONTEXT() REPRESENTATION_CONTEXT('2D SPACE',''
  ) );
#1975 = PCURVE('',#1976,#1981);
#1976 = PLANE('',#1977);
#1977 = AXIS2_PLACEMENT_3D('',#1978,#1979,#1980);
#1978 = CARTESIAN_POINT('',(-58.,0.,-25.));
#1979 = DIRECTION('',(0.,1.,0.));
#1980 = DIRECTION('',(0.,0.,1.));
#1981 = DEFINITIONAL_REPRESENTATION('',(#1982),#1985);
#1982 = B_SPLINE_CURVE_WITH_KNOTS('',1,(#1983,#1984),.UNSPECIFIED.,.F.,
  .F.,(2,2),(4.25,54.25),.PIECEWISE_BEZIER_KNOTS.);
#1983 = CARTESIAN_POINT('',(8.5,27.1));
#1984 = CARTESIAN_POINT('',(58.5,27.1));
#1985 = ( GEOMETRIC_REPRESENTATION_CONTEXT(2) 
PARAMETRIC_REPRESENTATION_CONTEXT() REPRESENTATION_CONTEXT('2D SPACE',''
  ) );
#1986 = ORIENTED_EDGE('',*,*,#1987,.T.);
#1987 = EDGE_CURVE('',#1962,#1988,#1990,.T.);
#1988 = VERTEX_POINT('',#1989);
#1989 = CARTESIAN_POINT('',(-30.9,3.6,5.));
#1990 = SURFACE_CURVE('',#1991,(#1995,#2001),.PCURVE_S1.);
#1991 = LINE('',#1992,#1993);
#1992 = CARTESIAN_POINT('',(-30.9,-4.95,5.));
#1993 = VECTOR('',#1994,1.);
#1994 = DIRECTION('',(0.,1.,0.));
#1995 = PCURVE('',#367,#1996);
#1996 = DEFINITIONAL_REPRESENTATION('',(#1997),#2000);
#1997 = B_SPLINE_CURVE_WITH_KNOTS('',1,(#1998,#1999),.UNSPECIFIED.,.F.,
  .F.,(2,2),(1.35,8.55),.PIECEWISE_BEZIER_KNOTS.);
#1998 = CARTESIAN_POINT('',(21.5,-2.7));
#1999 = CARTESIAN_POINT('',(21.5,-9.9));
#2000 = ( GEOMETRIC_REPRESENTATION_CONTEXT(2) 
PARAMETRIC_REPRESENTATION_CONTEXT() REPRESENTATION_CONTEXT('2D SPACE',''
  ) );
#2001 = PCURVE('',#2002,#2007);
#2002 = PLANE('',#2003);
#2003 = AXIS2_PLACEMENT_3D('',#2004,#2005,#2006);
#2004 = CARTESIAN_POINT('',(-41.,-3.6,5.));
#2005 = DIRECTION('',(0.,0.,1.));
#2006 = DIRECTION('',(1.,0.,0.));
#2007 = DEFINITIONAL_REPRESENTATION('',(#2008),#2011);
#2008 = B_SPLINE_CURVE_WITH_KNOTS('',1,(#2009,#2010),.UNSPECIFIED.,.F.,
  .F.,(2,2),(1.35,8.55),.PIECEWISE_BEZIER_KNOTS.);
#2009 = CARTESIAN_POINT('',(10.1,0.));
#2010 = CARTESIAN_POINT('',(10.1,7.2));
#2011 = ( GEOMETRIC_REPRESENTATION_CONTEXT(2) 
PARAMETRIC_REPRESENTATION_CONTEXT() REPRESENTATION_CONTEXT('2D SPACE',''
  ) );
#2012 = ORIENTED_EDGE('',*,*,#2013,.T.);
#2013 = EDGE_CURVE('',#1988,#2014,#2016,.T.);
#2014 = VERTEX_POINT('',#2015);
#2015 = CARTESIAN_POINT('',(-30.9,3.6,-16.));
#2016 = SURFACE_CURVE('',#2017,(#2021,#2027),.PCURVE_S1.);
#2017 = LINE('',#2018,#2019);
#2018 = CARTESIAN_POINT('',(-30.9,3.6,-16.25));
#2019 = VECTOR('',#2020,1.);
#2020 = DIRECTION('',(0.,0.,-1.));
#2021 = PCURVE('',#367,#2022);
#2022 = DEFINITIONAL_REPRESENTATION('',(#2023),#2026);
#2023 = B_SPLINE_CURVE_WITH_KNOTS('',1,(#2024,#2025),.UNSPECIFIED.,.F.,
  .F.,(2,2),(-21.25,-0.25),.PIECEWISE_BEZIER_KNOTS.);
#2024 = CARTESIAN_POINT('',(21.5,-9.9));
#2025 = CARTESIAN_POINT('',(0.5,-9.9));
#2026 = ( GEOMETRIC_REPRESENTATION_CONTEXT(2) 
PARAMETRIC_REPRESENTATION_CONTEXT() REPRESENTATION_CONTEXT('2D SPACE',''
  ) );
#2027 = PCURVE('',#2028,#2033);
#2028 = PLANE('',#2029);
#2029 = AXIS2_PLACEMENT_3D('',#2030,#2031,#2032);
#2030 = CARTESIAN_POINT('',(-41.,3.6,-16.));
#2031 = DIRECTION('',(0.,1.,0.));
#2032 = DIRECTION('',(0.,0.,1.));
#2033 = DEFINITIONAL_REPRESENTATION('',(#2034),#2037);
#2034 = B_SPLINE_CURVE_WITH_KNOTS('',1,(#2035,#2036),.UNSPECIFIED.,.F.,
  .F.,(2,2),(-21.25,-0.25),.PIECEWISE_BEZIER_KNOTS.);
#2035 = CARTESIAN_POINT('',(21.,10.1));
#2036 = CARTESIAN_POINT('',(0.,10.1));
#2037 = ( GEOMETRIC_REPRESENTATION_CONTEXT(2) 
PARAMETRIC_REPRESENTATION_CONTEXT() REPRESENTATION_CONTEXT('2D SPACE',''
  ) );
#2038 = ORIENTED_EDGE('',*,*,#2039,.F.);
#2039 = EDGE_CURVE('',#353,#2014,#2040,.T.);
#2040 = SURFACE_CURVE('',#2041,(#2045,#2051),.PCURVE_S1.);
#2041 = LINE('',#2042,#2043);
#2042 = CARTESIAN_POINT('',(-30.9,-4.95,-16.));
#2043 = VECTOR('',#2044,1.);
#2044 = DIRECTION('',(0.,1.,0.));
#2045 = PCURVE('',#367,#2046);
#2046 = DEFINITIONAL_REPRESENTATION('',(#2047),#2050);
#2047 = B_SPLINE_CURVE_WITH_KNOTS('',1,(#2048,#2049),.UNSPECIFIED.,.F.,
  .F.,(2,2),(1.35,8.55),.PIECEWISE_BEZIER_KNOTS.);
#2048 = CARTESIAN_POINT('',(0.5,-2.7));
#2049 = CARTESIAN_POINT('',(0.5,-9.9));
#2050 = ( GEOMETRIC_REPRESENTATION_CONTEXT(2) 
PARAMETRIC_REPRESENTATION_CONTEXT() REPRESENTATION_CONTEXT('2D SPACE',''
  ) );
#2051 = PCURVE('',#393,#2052);
#2052 = DEFINITIONAL_REPRESENTATION('',(#2053),#2056);
#2053 = B_SPLINE_CURVE_WITH_KNOTS('',1,(#2054,#2055),.UNSPECIFIED.,.F.,
  .F.,(2,2),(1.35,8.55),.PIECEWISE_BEZIER_KNOTS.);
#2054 = CARTESIAN_POINT('',(10.1,0.));
#2055 = CARTESIAN_POINT('',(10.1,7.2));
#2056 = ( GEOMETRIC_REPRESENTATION_CONTEXT(2) 
PARAMETRIC_REPRESENTATION_CONTEXT() REPRESENTATION_CONTEXT('2D SPACE',''
  ) );
#2057 = ADVANCED_FACE('',(#2058),#1131,.T.);
#2058 = FACE_BOUND('',#2059,.T.);
#2059 = EDGE_LOOP('',(#2060,#2061,#2062,#2085));
#2060 = ORIENTED_EDGE('',*,*,#1116,.F.);
#2061 = ORIENTED_EDGE('',*,*,#1893,.F.);
#2062 = ORIENTED_EDGE('',*,*,#2063,.T.);
#2063 = EDGE_CURVE('',#1869,#2064,#2066,.T.);
#2064 = VERTEX_POINT('',#2065);
#2065 = CARTESIAN_POINT('',(-41.5,6.3,33.5));
#2066 = SURFACE_CURVE('',#2067,(#2071,#2078),.PCURVE_S1.);
#2067 = LINE('',#2068,#2069);
#2068 = CARTESIAN_POINT('',(-41.5,6.3,-16.5));
#2069 = VECTOR('',#2070,1.);
#2070 = DIRECTION('',(0.,0.,1.));
#2071 = PCURVE('',#1131,#2072);
#2072 = DEFINITIONAL_REPRESENTATION('',(#2073),#2077);
#2073 = LINE('',#2074,#2075);
#2074 = CARTESIAN_POINT('',(0.,-12.6));
#2075 = VECTOR('',#2076,1.);
#2076 = DIRECTION('',(1.,0.));
#2077 = ( GEOMETRIC_REPRESENTATION_CONTEXT(2) 
PARAMETRIC_REPRESENTATION_CONTEXT() REPRESENTATION_CONTEXT('2D SPACE',''
  ) );
#2078 = PCURVE('',#1663,#2079);
#2079 = DEFINITIONAL_REPRESENTATION('',(#2080),#2084);
#2080 = LINE('',#2081,#2082);
#2081 = CARTESIAN_POINT('',(0.,0.));
#2082 = VECTOR('',#2083,1.);
#2083 = DIRECTION('',(1.,0.));
#2084 = ( GEOMETRIC_REPRESENTATION_CONTEXT(2) 
PARAMETRIC_REPRESENTATION_CONTEXT() REPRESENTATION_CONTEXT('2D SPACE',''
  ) );
#2085 = ORIENTED_EDGE('',*,*,#2086,.F.);
#2086 = EDGE_CURVE('',#1091,#2064,#2087,.T.);
#2087 = SURFACE_CURVE('',#2088,(#2092,#2098),.PCURVE_S1.);
#2088 = LINE('',#2089,#2090);
#2089 = CARTESIAN_POINT('',(-41.5,-10.425,33.5));
#2090 = VECTOR('',#2091,1.);
#2091 = DIRECTION('',(0.,1.,0.));
#2092 = PCURVE('',#1131,#2093);
#2093 = DEFINITIONAL_REPRESENTATION('',(#2094),#2097);
#2094 = B_SPLINE_CURVE_WITH_KNOTS('',1,(#2095,#2096),.UNSPECIFIED.,.F.,
  .F.,(2,2),(4.125,16.725),.PIECEWISE_BEZIER_KNOTS.);
#2095 = CARTESIAN_POINT('',(50.,0.));
#2096 = CARTESIAN_POINT('',(50.,-12.6));
#2097 = ( GEOMETRIC_REPRESENTATION_CONTEXT(2) 
PARAMETRIC_REPRESENTATION_CONTEXT() REPRESENTATION_CONTEXT('2D SPACE',''
  ) );
#2098 = PCURVE('',#1105,#2099);
#2099 = DEFINITIONAL_REPRESENTATION('',(#2100),#2103);
#2100 = B_SPLINE_CURVE_WITH_KNOTS('',1,(#2101,#2102),.UNSPECIFIED.,.F.,
  .F.,(2,2),(4.125,16.725),.PIECEWISE_BEZIER_KNOTS.);
#2101 = CARTESIAN_POINT('',(11.5,8.25));
#2102 = CARTESIAN_POINT('',(11.5,20.85));
#2103 = ( GEOMETRIC_REPRESENTATION_CONTEXT(2) 
PARAMETRIC_REPRESENTATION_CONTEXT() REPRESENTATION_CONTEXT('2D SPACE',''
  ) );
#2104 = ADVANCED_FACE('',(#2105),#393,.T.);
#2105 = FACE_BOUND('',#2106,.T.);
#2106 = EDGE_LOOP('',(#2107,#2130,#2131,#2132));
#2107 = ORIENTED_EDGE('',*,*,#2108,.F.);
#2108 = EDGE_CURVE('',#2014,#2109,#2111,.T.);
#2109 = VERTEX_POINT('',#2110);
#2110 = CARTESIAN_POINT('',(-16.29,3.6,-16.));
#2111 = SURFACE_CURVE('',#2112,(#2116,#2123),.PCURVE_S1.);
#2112 = LINE('',#2113,#2114);
#2113 = CARTESIAN_POINT('',(-41.,3.6,-16.));
#2114 = VECTOR('',#2115,1.);
#2115 = DIRECTION('',(1.,0.,0.));
#2116 = PCURVE('',#393,#2117);
#2117 = DEFINITIONAL_REPRESENTATION('',(#2118),#2122);
#2118 = LINE('',#2119,#2120);
#2119 = CARTESIAN_POINT('',(0.,7.2));
#2120 = VECTOR('',#2121,1.);
#2121 = DIRECTION('',(1.,0.));
#2122 = ( GEOMETRIC_REPRESENTATION_CONTEXT(2) 
PARAMETRIC_REPRESENTATION_CONTEXT() REPRESENTATION_CONTEXT('2D SPACE',''
  ) );
#2123 = PCURVE('',#2028,#2124);
#2124 = DEFINITIONAL_REPRESENTATION('',(#2125),#2129);
#2125 = LINE('',#2126,#2127);
#2126 = CARTESIAN_POINT('',(0.,0.));
#2127 = VECTOR('',#2128,1.);
#2128 = DIRECTION('',(0.,1.));
#2129 = ( GEOMETRIC_REPRESENTATION_CONTEXT(2) 
PARAMETRIC_REPRESENTATION_CONTEXT() REPRESENTATION_CONTEXT('2D SPACE',''
  ) );
#2130 = ORIENTED_EDGE('',*,*,#2039,.F.);
#2131 = ORIENTED_EDGE('',*,*,#378,.F.);
#2132 = ORIENTED_EDGE('',*,*,#2133,.T.);
#2133 = EDGE_CURVE('',#379,#2109,#2134,.T.);
#2134 = SURFACE_CURVE('',#2135,(#2139,#2146),.PCURVE_S1.);
#2135 = LINE('',#2136,#2137);
#2136 = CARTESIAN_POINT('',(-16.29,-3.6,-16.));
#2137 = VECTOR('',#2138,1.);
#2138 = DIRECTION('',(0.,1.,0.));
#2139 = PCURVE('',#393,#2140);
#2140 = DEFINITIONAL_REPRESENTATION('',(#2141),#2145);
#2141 = LINE('',#2142,#2143);
#2142 = CARTESIAN_POINT('',(24.71,0.));
#2143 = VECTOR('',#2144,1.);
#2144 = DIRECTION('',(0.,1.));
#2145 = ( GEOMETRIC_REPRESENTATION_CONTEXT(2) 
PARAMETRIC_REPRESENTATION_CONTEXT() REPRESENTATION_CONTEXT('2D SPACE',''
  ) );
#2146 = PCURVE('',#419,#2147);
#2147 = DEFINITIONAL_REPRESENTATION('',(#2148),#2152);
#2148 = LINE('',#2149,#2150);
#2149 = CARTESIAN_POINT('',(0.,0.));
#2150 = VECTOR('',#2151,1.);
#2151 = DIRECTION('',(0.,-1.));
#2152 = ( GEOMETRIC_REPRESENTATION_CONTEXT(2) 
PARAMETRIC_REPRESENTATION_CONTEXT() REPRESENTATION_CONTEXT('2D SPACE',''
  ) );
#2153 = ADVANCED_FACE('',(#2154),#1105,.T.);
#2154 = FACE_BOUND('',#2155,.T.);
#2155 = EDGE_LOOP('',(#2156,#2184,#2207,#2235,#2261,#2262,#2263,#2264,
    #2284,#2285,#2306,#2332,#2358,#2380,#2406));
#2156 = ORIENTED_EDGE('',*,*,#2157,.F.);
#2157 = EDGE_CURVE('',#2158,#2160,#2162,.T.);
#2158 = VERTEX_POINT('',#2159);
#2159 = CARTESIAN_POINT('',(0.,0.,33.5));
#2160 = VERTEX_POINT('',#2161);
#2161 = CARTESIAN_POINT('',(-0.8,0.,33.5));
#2162 = SURFACE_CURVE('',#2163,(#2167,#2173),.PCURVE_S1.);
#2163 = LINE('',#2164,#2165);
#2164 = CARTESIAN_POINT('',(-55.5,0.,33.5));
#2165 = VECTOR('',#2166,1.);
#2166 = DIRECTION('',(-1.,0.,0.));
#2167 = PCURVE('',#1105,#2168);
#2168 = DEFINITIONAL_REPRESENTATION('',(#2169),#2172);
#2169 = B_SPLINE_CURVE_WITH_KNOTS('',1,(#2170,#2171),.UNSPECIFIED.,.F.,
  .F.,(2,2),(-55.5,-3.),.PIECEWISE_BEZIER_KNOTS.);
#2170 = CARTESIAN_POINT('',(53.,14.55));
#2171 = CARTESIAN_POINT('',(0.5,14.55));
#2172 = ( GEOMETRIC_REPRESENTATION_CONTEXT(2) 
PARAMETRIC_REPRESENTATION_CONTEXT() REPRESENTATION_CONTEXT('2D SPACE',''
  ) );
#2173 = PCURVE('',#2174,#2179);
#2174 = PLANE('',#2175);
#2175 = AXIS2_PLACEMENT_3D('',#2176,#2177,#2178);
#2176 = CARTESIAN_POINT('',(-58.,0.,-25.));
#2177 = DIRECTION('',(0.,1.,0.));
#2178 = DIRECTION('',(0.,0.,1.));
#2179 = DEFINITIONAL_REPRESENTATION('',(#2180),#2183);
#2180 = B_SPLINE_CURVE_WITH_KNOTS('',1,(#2181,#2182),.UNSPECIFIED.,.F.,
  .F.,(2,2),(-55.5,-3.),.PIECEWISE_BEZIER_KNOTS.);
#2181 = CARTESIAN_POINT('',(58.5,58.));
#2182 = CARTESIAN_POINT('',(58.5,5.5));
#2183 = ( GEOMETRIC_REPRESENTATION_CONTEXT(2) 
PARAMETRIC_REPRESENTATION_CONTEXT() REPRESENTATION_CONTEXT('2D SPACE',''
  ) );
#2184 = ORIENTED_EDGE('',*,*,#2185,.T.);
#2185 = EDGE_CURVE('',#2158,#2186,#2188,.T.);
#2186 = VERTEX_POINT('',#2187);
#2187 = CARTESIAN_POINT('',(0.,12.55,33.5));
#2188 = SURFACE_CURVE('',#2189,(#2193,#2200),.PCURVE_S1.);
#2189 = LINE('',#2190,#2191);
#2190 = CARTESIAN_POINT('',(0.,-14.55,33.5));
#2191 = VECTOR('',#2192,1.);
#2192 = DIRECTION('',(0.,1.,0.));
#2193 = PCURVE('',#1105,#2194);
#2194 = DEFINITIONAL_REPRESENTATION('',(#2195),#2199);
#2195 = LINE('',#2196,#2197);
#2196 = CARTESIAN_POINT('',(53.,0.));
#2197 = VECTOR('',#2198,1.);
#2198 = DIRECTION('',(0.,1.));
#2199 = ( GEOMETRIC_REPRESENTATION_CONTEXT(2) 
PARAMETRIC_REPRESENTATION_CONTEXT() REPRESENTATION_CONTEXT('2D SPACE',''
  ) );
#2200 = PCURVE('',#679,#2201);
#2201 = DEFINITIONAL_REPRESENTATION('',(#2202),#2206);
#2202 = LINE('',#2203,#2204);
#2203 = CARTESIAN_POINT('',(35.8,2.));
#2204 = VECTOR('',#2205,1.);
#2205 = DIRECTION('',(0.,-1.));
#2206 = ( GEOMETRIC_REPRESENTATION_CONTEXT(2) 
PARAMETRIC_REPRESENTATION_CONTEXT() REPRESENTATION_CONTEXT('2D SPACE',''
  ) );
#2207 = ORIENTED_EDGE('',*,*,#2208,.T.);
#2208 = EDGE_CURVE('',#2186,#2209,#2211,.T.);
#2209 = VERTEX_POINT('',#2210);
#2210 = CARTESIAN_POINT('',(0.,14.05,33.5));
#2211 = SURFACE_CURVE('',#2212,(#2216,#2223),.PCURVE_S1.);
#2212 = LINE('',#2213,#2214);
#2213 = CARTESIAN_POINT('',(0.,-14.55,33.5));
#2214 = VECTOR('',#2215,1.);
#2215 = DIRECTION('',(0.,1.,0.));
#2216 = PCURVE('',#1105,#2217);
#2217 = DEFINITIONAL_REPRESENTATION('',(#2218),#2222);
#2218 = LINE('',#2219,#2220);
#2219 = CARTESIAN_POINT('',(53.,0.));
#2220 = VECTOR('',#2221,1.);
#2221 = DIRECTION('',(0.,1.));
#2222 = ( GEOMETRIC_REPRESENTATION_CONTEXT(2) 
PARAMETRIC_REPRESENTATION_CONTEXT() REPRESENTATION_CONTEXT('2D SPACE',''
  ) );
#2223 = PCURVE('',#2224,#2229);
#2224 = PLANE('',#2225);
#2225 = AXIS2_PLACEMENT_3D('',#2226,#2227,#2228);
#2226 = CARTESIAN_POINT('',(0.,-14.55,-4.3));
#2227 = DIRECTION('',(1.,0.,0.));
#2228 = DIRECTION('',(0.,0.,1.));
#2229 = DEFINITIONAL_REPRESENTATION('',(#2230),#2234);
#2230 = LINE('',#2231,#2232);
#2231 = CARTESIAN_POINT('',(37.8,0.));
#2232 = VECTOR('',#2233,1.);
#2233 = DIRECTION('',(0.,-1.));
#2234 = ( GEOMETRIC_REPRESENTATION_CONTEXT(2) 
PARAMETRIC_REPRESENTATION_CONTEXT() REPRESENTATION_CONTEXT('2D SPACE',''
  ) );
#2235 = ORIENTED_EDGE('',*,*,#2236,.F.);
#2236 = EDGE_CURVE('',#1378,#2209,#2237,.T.);
#2237 = SURFACE_CURVE('',#2238,(#2242,#2249),.PCURVE_S1.);
#2238 = LINE('',#2239,#2240);
#2239 = CARTESIAN_POINT('',(-53.,14.05,33.5));
#2240 = VECTOR('',#2241,1.);
#2241 = DIRECTION('',(1.,0.,0.));
#2242 = PCURVE('',#1105,#2243);
#2243 = DEFINITIONAL_REPRESENTATION('',(#2244),#2248);
#2244 = LINE('',#2245,#2246);
#2245 = CARTESIAN_POINT('',(0.,28.6));
#2246 = VECTOR('',#2247,1.);
#2247 = DIRECTION('',(1.,0.));
#2248 = ( GEOMETRIC_REPRESENTATION_CONTEXT(2) 
PARAMETRIC_REPRESENTATION_CONTEXT() REPRESENTATION_CONTEXT('2D SPACE',''
  ) );
#2249 = PCURVE('',#2250,#2255);
#2250 = PLANE('',#2251);
#2251 = AXIS2_PLACEMENT_3D('',#2252,#2253,#2254);
#2252 = CARTESIAN_POINT('',(-53.,14.3,33.25));
#2253 = DIRECTION('',(0.,0.707106781187,0.707106781187));
#2254 = DIRECTION('',(-1.,-0.,0.));
#2255 = DEFINITIONAL_REPRESENTATION('',(#2256),#2260);
#2256 = LINE('',#2257,#2258);
#2257 = CARTESIAN_POINT('',(-0.,0.353553390593));
#2258 = VECTOR('',#2259,1.);
#2259 = DIRECTION('',(-1.,0.));
#2260 = ( GEOMETRIC_REPRESENTATION_CONTEXT(2) 
PARAMETRIC_REPRESENTATION_CONTEXT() REPRESENTATION_CONTEXT('2D SPACE',''
  ) );
#2261 = ORIENTED_EDGE('',*,*,#1377,.F.);
#2262 = ORIENTED_EDGE('',*,*,#1090,.F.);
#2263 = ORIENTED_EDGE('',*,*,#2086,.T.);
#2264 = ORIENTED_EDGE('',*,*,#2265,.F.);
#2265 = EDGE_CURVE('',#1918,#2064,#2266,.T.);
#2266 = SURFACE_CURVE('',#2267,(#2271,#2277),.PCURVE_S1.);
#2267 = LINE('',#2268,#2269);
#2268 = CARTESIAN_POINT('',(-47.25,6.3,33.5));
#2269 = VECTOR('',#2270,1.);
#2270 = DIRECTION('',(-1.,0.,0.));
#2271 = PCURVE('',#1105,#2272);
#2272 = DEFINITIONAL_REPRESENTATION('',(#2273),#2276);
#2273 = B_SPLINE_CURVE_WITH_KNOTS('',1,(#2274,#2275),.UNSPECIFIED.,.F.,
  .F.,(2,2),(-16.35,-5.75),.PIECEWISE_BEZIER_KNOTS.);
#2274 = CARTESIAN_POINT('',(22.1,20.85));
#2275 = CARTESIAN_POINT('',(11.5,20.85));
#2276 = ( GEOMETRIC_REPRESENTATION_CONTEXT(2) 
PARAMETRIC_REPRESENTATION_CONTEXT() REPRESENTATION_CONTEXT('2D SPACE',''
  ) );
#2277 = PCURVE('',#1663,#2278);
#2278 = DEFINITIONAL_REPRESENTATION('',(#2279),#2283);
#2279 = LINE('',#2280,#2281);
#2280 = CARTESIAN_POINT('',(50.,-5.75));
#2281 = VECTOR('',#2282,1.);
#2282 = DIRECTION('',(0.,-1.));
#2283 = ( GEOMETRIC_REPRESENTATION_CONTEXT(2) 
PARAMETRIC_REPRESENTATION_CONTEXT() REPRESENTATION_CONTEXT('2D SPACE',''
  ) );
#2284 = ORIENTED_EDGE('',*,*,#1940,.F.);
#2285 = ORIENTED_EDGE('',*,*,#2286,.F.);
#2286 = EDGE_CURVE('',#2287,#1941,#2289,.T.);
#2287 = VERTEX_POINT('',#2288);
#2288 = CARTESIAN_POINT('',(-16.3,0.,33.5));
#2289 = SURFACE_CURVE('',#2290,(#2294,#2300),.PCURVE_S1.);
#2290 = LINE('',#2291,#2292);
#2291 = CARTESIAN_POINT('',(-55.5,0.,33.5));
#2292 = VECTOR('',#2293,1.);
#2293 = DIRECTION('',(-1.,0.,0.));
#2294 = PCURVE('',#1105,#2295);
#2295 = DEFINITIONAL_REPRESENTATION('',(#2296),#2299);
#2296 = B_SPLINE_CURVE_WITH_KNOTS('',1,(#2297,#2298),.UNSPECIFIED.,.F.,
  .F.,(2,2),(-55.5,-3.),.PIECEWISE_BEZIER_KNOTS.);
#2297 = CARTESIAN_POINT('',(53.,14.55));
#2298 = CARTESIAN_POINT('',(0.5,14.55));
#2299 = ( GEOMETRIC_REPRESENTATION_CONTEXT(2) 
PARAMETRIC_REPRESENTATION_CONTEXT() REPRESENTATION_CONTEXT('2D SPACE',''
  ) );
#2300 = PCURVE('',#1976,#2301);
#2301 = DEFINITIONAL_REPRESENTATION('',(#2302),#2305);
#2302 = B_SPLINE_CURVE_WITH_KNOTS('',1,(#2303,#2304),.UNSPECIFIED.,.F.,
  .F.,(2,2),(-55.5,-3.),.PIECEWISE_BEZIER_KNOTS.);
#2303 = CARTESIAN_POINT('',(58.5,58.));
#2304 = CARTESIAN_POINT('',(58.5,5.5));
#2305 = ( GEOMETRIC_REPRESENTATION_CONTEXT(2) 
PARAMETRIC_REPRESENTATION_CONTEXT() REPRESENTATION_CONTEXT('2D SPACE',''
  ) );
#2306 = ORIENTED_EDGE('',*,*,#2307,.T.);
#2307 = EDGE_CURVE('',#2287,#2308,#2310,.T.);
#2308 = VERTEX_POINT('',#2309);
#2309 = CARTESIAN_POINT('',(-16.3,10.25,33.5));
#2310 = SURFACE_CURVE('',#2311,(#2315,#2321),.PCURVE_S1.);
#2311 = LINE('',#2312,#2313);
#2312 = CARTESIAN_POINT('',(-16.3,-12.4,33.5));
#2313 = VECTOR('',#2314,1.);
#2314 = DIRECTION('',(0.,1.,0.));
#2315 = PCURVE('',#1105,#2316);
#2316 = DEFINITIONAL_REPRESENTATION('',(#2317),#2320);
#2317 = B_SPLINE_CURVE_WITH_KNOTS('',1,(#2318,#2319),.UNSPECIFIED.,.F.,
  .F.,(2,2),(2.15,22.65),.PIECEWISE_BEZIER_KNOTS.);
#2318 = CARTESIAN_POINT('',(36.7,4.3));
#2319 = CARTESIAN_POINT('',(36.7,24.8));
#2320 = ( GEOMETRIC_REPRESENTATION_CONTEXT(2) 
PARAMETRIC_REPRESENTATION_CONTEXT() REPRESENTATION_CONTEXT('2D SPACE',''
  ) );
#2321 = PCURVE('',#2322,#2327);
#2322 = PLANE('',#2323);
#2323 = AXIS2_PLACEMENT_3D('',#2324,#2325,#2326);
#2324 = CARTESIAN_POINT('',(-16.3,-10.25,33.49));
#2325 = DIRECTION('',(1.,0.,0.));
#2326 = DIRECTION('',(0.,0.,1.));
#2327 = DEFINITIONAL_REPRESENTATION('',(#2328),#2331);
#2328 = B_SPLINE_CURVE_WITH_KNOTS('',1,(#2329,#2330),.UNSPECIFIED.,.F.,
  .F.,(2,2),(2.15,22.65),.PIECEWISE_BEZIER_KNOTS.);
#2329 = CARTESIAN_POINT('',(9.999999999998E-03,0.));
#2330 = CARTESIAN_POINT('',(9.999999999998E-03,-20.5));
#2331 = ( GEOMETRIC_REPRESENTATION_CONTEXT(2) 
PARAMETRIC_REPRESENTATION_CONTEXT() REPRESENTATION_CONTEXT('2D SPACE',''
  ) );
#2332 = ORIENTED_EDGE('',*,*,#2333,.F.);
#2333 = EDGE_CURVE('',#2334,#2308,#2336,.T.);
#2334 = VERTEX_POINT('',#2335);
#2335 = CARTESIAN_POINT('',(-14.3,10.25,33.5));
#2336 = SURFACE_CURVE('',#2337,(#2341,#2347),.PCURVE_S1.);
#2337 = LINE('',#2338,#2339);
#2338 = CARTESIAN_POINT('',(-34.65,10.25,33.5));
#2339 = VECTOR('',#2340,1.);
#2340 = DIRECTION('',(-1.,0.,0.));
#2341 = PCURVE('',#1105,#2342);
#2342 = DEFINITIONAL_REPRESENTATION('',(#2343),#2346);
#2343 = B_SPLINE_CURVE_WITH_KNOTS('',1,(#2344,#2345),.UNSPECIFIED.,.F.,
  .F.,(2,2),(-20.35,-18.35),.PIECEWISE_BEZIER_KNOTS.);
#2344 = CARTESIAN_POINT('',(38.7,24.8));
#2345 = CARTESIAN_POINT('',(36.7,24.8));
#2346 = ( GEOMETRIC_REPRESENTATION_CONTEXT(2) 
PARAMETRIC_REPRESENTATION_CONTEXT() REPRESENTATION_CONTEXT('2D SPACE',''
  ) );
#2347 = PCURVE('',#2348,#2353);
#2348 = PLANE('',#2349);
#2349 = AXIS2_PLACEMENT_3D('',#2350,#2351,#2352);
#2350 = CARTESIAN_POINT('',(-16.3,10.25,33.49));
#2351 = DIRECTION('',(0.,1.,0.));
#2352 = DIRECTION('',(0.,0.,1.));
#2353 = DEFINITIONAL_REPRESENTATION('',(#2354),#2357);
#2354 = B_SPLINE_CURVE_WITH_KNOTS('',1,(#2355,#2356),.UNSPECIFIED.,.F.,
  .F.,(2,2),(-20.35,-18.35),.PIECEWISE_BEZIER_KNOTS.);
#2355 = CARTESIAN_POINT('',(9.999999999998E-03,2.));
#2356 = CARTESIAN_POINT('',(9.999999999998E-03,0.));
#2357 = ( GEOMETRIC_REPRESENTATION_CONTEXT(2) 
PARAMETRIC_REPRESENTATION_CONTEXT() REPRESENTATION_CONTEXT('2D SPACE',''
  ) );
#2358 = ORIENTED_EDGE('',*,*,#2359,.T.);
#2359 = EDGE_CURVE('',#2334,#2360,#2362,.T.);
#2360 = VERTEX_POINT('',#2361);
#2361 = CARTESIAN_POINT('',(-14.3,10.55,33.5));
#2362 = SURFACE_CURVE('',#2363,(#2367,#2373),.PCURVE_S1.);
#2363 = LINE('',#2364,#2365);
#2364 = CARTESIAN_POINT('',(-14.3,-2.098431457505,33.5));
#2365 = VECTOR('',#2366,1.);
#2366 = DIRECTION('',(0.,1.,0.));
#2367 = PCURVE('',#1105,#2368);
#2368 = DEFINITIONAL_REPRESENTATION('',(#2369),#2372);
#2369 = B_SPLINE_CURVE_WITH_KNOTS('',1,(#2370,#2371),.UNSPECIFIED.,.F.,
  .F.,(2,2),(12.338431457505,12.658431457505),.PIECEWISE_BEZIER_KNOTS.);
#2370 = CARTESIAN_POINT('',(38.7,24.79));
#2371 = CARTESIAN_POINT('',(38.7,25.11));
#2372 = ( GEOMETRIC_REPRESENTATION_CONTEXT(2) 
PARAMETRIC_REPRESENTATION_CONTEXT() REPRESENTATION_CONTEXT('2D SPACE',''
  ) );
#2373 = PCURVE('',#471,#2374);
#2374 = DEFINITIONAL_REPRESENTATION('',(#2375),#2379);
#2375 = LINE('',#2376,#2377);
#2376 = CARTESIAN_POINT('',(0.10313708499,12.451568542495));
#2377 = VECTOR('',#2378,1.);
#2378 = DIRECTION('',(0.,-1.));
#2379 = ( GEOMETRIC_REPRESENTATION_CONTEXT(2) 
PARAMETRIC_REPRESENTATION_CONTEXT() REPRESENTATION_CONTEXT('2D SPACE',''
  ) );
#2380 = ORIENTED_EDGE('',*,*,#2381,.T.);
#2381 = EDGE_CURVE('',#2360,#2382,#2384,.T.);
#2382 = VERTEX_POINT('',#2383);
#2383 = CARTESIAN_POINT('',(-0.8,10.55,33.5));
#2384 = SURFACE_CURVE('',#2385,(#2389,#2395),.PCURVE_S1.);
#2385 = LINE('',#2386,#2387);
#2386 = CARTESIAN_POINT('',(-33.65,10.55,33.5));
#2387 = VECTOR('',#2388,1.);
#2388 = DIRECTION('',(1.,0.,-0.));
#2389 = PCURVE('',#1105,#2390);
#2390 = DEFINITIONAL_REPRESENTATION('',(#2391),#2394);
#2391 = B_SPLINE_CURVE_WITH_KNOTS('',1,(#2392,#2393),.UNSPECIFIED.,.F.,
  .F.,(2,2),(19.35,32.85),.PIECEWISE_BEZIER_KNOTS.);
#2392 = CARTESIAN_POINT('',(38.7,25.1));
#2393 = CARTESIAN_POINT('',(52.2,25.1));
#2394 = ( GEOMETRIC_REPRESENTATION_CONTEXT(2) 
PARAMETRIC_REPRESENTATION_CONTEXT() REPRESENTATION_CONTEXT('2D SPACE',''
  ) );
#2395 = PCURVE('',#2396,#2401);
#2396 = PLANE('',#2397);
#2397 = AXIS2_PLACEMENT_3D('',#2398,#2399,#2400);
#2398 = CARTESIAN_POINT('',(-14.3,10.24,33.19));
#2399 = DIRECTION('',(0.,-0.707106781187,0.707106781187));
#2400 = DIRECTION('',(0.,0.707106781187,0.707106781187));
#2401 = DEFINITIONAL_REPRESENTATION('',(#2402),#2405);
#2402 = B_SPLINE_CURVE_WITH_KNOTS('',1,(#2403,#2404),.UNSPECIFIED.,.F.,
  .F.,(2,2),(19.35,32.85),.PIECEWISE_BEZIER_KNOTS.);
#2403 = CARTESIAN_POINT('',(0.438406204336,0.));
#2404 = CARTESIAN_POINT('',(0.438406204336,-13.5));
#2405 = ( GEOMETRIC_REPRESENTATION_CONTEXT(2) 
PARAMETRIC_REPRESENTATION_CONTEXT() REPRESENTATION_CONTEXT('2D SPACE',''
  ) );
#2406 = ORIENTED_EDGE('',*,*,#2407,.T.);
#2407 = EDGE_CURVE('',#2382,#2160,#2408,.T.);
#2408 = SURFACE_CURVE('',#2409,(#2413,#2420),.PCURVE_S1.);
#2409 = LINE('',#2410,#2411);
#2410 = CARTESIAN_POINT('',(-0.8,10.55,33.5));
#2411 = VECTOR('',#2412,1.);
#2412 = DIRECTION('',(0.,-1.,0.));
#2413 = PCURVE('',#1105,#2414);
#2414 = DEFINITIONAL_REPRESENTATION('',(#2415),#2419);
#2415 = LINE('',#2416,#2417);
#2416 = CARTESIAN_POINT('',(52.2,25.1));
#2417 = VECTOR('',#2418,1.);
#2418 = DIRECTION('',(0.,-1.));
#2419 = ( GEOMETRIC_REPRESENTATION_CONTEXT(2) 
PARAMETRIC_REPRESENTATION_CONTEXT() REPRESENTATION_CONTEXT('2D SPACE',''
  ) );
#2420 = PCURVE('',#2421,#2426);
#2421 = PLANE('',#2422);
#2422 = AXIS2_PLACEMENT_3D('',#2423,#2424,#2425);
#2423 = CARTESIAN_POINT('',(-0.8,-10.35313708499,33.39686291501));
#2424 = DIRECTION('',(-1.,-0.,-0.));
#2425 = DIRECTION('',(0.,0.,-1.));
#2426 = DEFINITIONAL_REPRESENTATION('',(#2427),#2431);
#2427 = LINE('',#2428,#2429);
#2428 = CARTESIAN_POINT('',(-0.10313708499,-20.90313708499));
#2429 = VECTOR('',#2430,1.);
#2430 = DIRECTION('',(0.,1.));
#2431 = ( GEOMETRIC_REPRESENTATION_CONTEXT(2) 
PARAMETRIC_REPRESENTATION_CONTEXT() REPRESENTATION_CONTEXT('2D SPACE',''
  ) );
#2432 = ADVANCED_FACE('',(#2433),#419,.F.);
#2433 = FACE_BOUND('',#2434,.F.);
#2434 = EDGE_LOOP('',(#2435,#2460,#2481,#2507,#2533,#2552,#2553,#2554));
#2435 = ORIENTED_EDGE('',*,*,#2436,.F.);
#2436 = EDGE_CURVE('',#2437,#2439,#2441,.T.);
#2437 = VERTEX_POINT('',#2438);
#2438 = CARTESIAN_POINT('',(-16.29,0.,5.));
#2439 = VERTEX_POINT('',#2440);
#2440 = CARTESIAN_POINT('',(-16.29,3.6,5.));
#2441 = SURFACE_CURVE('',#2442,(#2446,#2453),.PCURVE_S1.);
#2442 = LINE('',#2443,#2444);
#2443 = CARTESIAN_POINT('',(-16.29,-3.6,5.));
#2444 = VECTOR('',#2445,1.);
#2445 = DIRECTION('',(0.,1.,0.));
#2446 = PCURVE('',#419,#2447);
#2447 = DEFINITIONAL_REPRESENTATION('',(#2448),#2452);
#2448 = LINE('',#2449,#2450);
#2449 = CARTESIAN_POINT('',(21.,0.));
#2450 = VECTOR('',#2451,1.);
#2451 = DIRECTION('',(0.,-1.));
#2452 = ( GEOMETRIC_REPRESENTATION_CONTEXT(2) 
PARAMETRIC_REPRESENTATION_CONTEXT() REPRESENTATION_CONTEXT('2D SPACE',''
  ) );
#2453 = PCURVE('',#2002,#2454);
#2454 = DEFINITIONAL_REPRESENTATION('',(#2455),#2459);
#2455 = LINE('',#2456,#2457);
#2456 = CARTESIAN_POINT('',(24.71,0.));
#2457 = VECTOR('',#2458,1.);
#2458 = DIRECTION('',(0.,1.));
#2459 = ( GEOMETRIC_REPRESENTATION_CONTEXT(2) 
PARAMETRIC_REPRESENTATION_CONTEXT() REPRESENTATION_CONTEXT('2D SPACE',''
  ) );
#2460 = ORIENTED_EDGE('',*,*,#2461,.F.);
#2461 = EDGE_CURVE('',#2462,#2437,#2464,.T.);
#2462 = VERTEX_POINT('',#2463);
#2463 = CARTESIAN_POINT('',(-16.29,0.,3.));
#2464 = SURFACE_CURVE('',#2465,(#2469,#2475),.PCURVE_S1.);
#2465 = LINE('',#2466,#2467);
#2466 = CARTESIAN_POINT('',(-16.29,0.,-20.5));
#2467 = VECTOR('',#2468,1.);
#2468 = DIRECTION('',(0.,0.,1.));
#2469 = PCURVE('',#419,#2470);
#2470 = DEFINITIONAL_REPRESENTATION('',(#2471),#2474);
#2471 = B_SPLINE_CURVE_WITH_KNOTS('',1,(#2472,#2473),.UNSPECIFIED.,.F.,
  .F.,(2,2),(4.5,25.5),.PIECEWISE_BEZIER_KNOTS.);
#2472 = CARTESIAN_POINT('',(0.,-3.6));
#2473 = CARTESIAN_POINT('',(21.,-3.6));
#2474 = ( GEOMETRIC_REPRESENTATION_CONTEXT(2) 
PARAMETRIC_REPRESENTATION_CONTEXT() REPRESENTATION_CONTEXT('2D SPACE',''
  ) );
#2475 = PCURVE('',#1976,#2476);
#2476 = DEFINITIONAL_REPRESENTATION('',(#2477),#2480);
#2477 = B_SPLINE_CURVE_WITH_KNOTS('',1,(#2478,#2479),.UNSPECIFIED.,.F.,
  .F.,(2,2),(4.5,25.5),.PIECEWISE_BEZIER_KNOTS.);
#2478 = CARTESIAN_POINT('',(9.,41.71));
#2479 = CARTESIAN_POINT('',(30.,41.71));
#2480 = ( GEOMETRIC_REPRESENTATION_CONTEXT(2) 
PARAMETRIC_REPRESENTATION_CONTEXT() REPRESENTATION_CONTEXT('2D SPACE',''
  ) );
#2481 = ORIENTED_EDGE('',*,*,#2482,.T.);
#2482 = EDGE_CURVE('',#2462,#2483,#2485,.T.);
#2483 = VERTEX_POINT('',#2484);
#2484 = CARTESIAN_POINT('',(-16.29,3.5,3.));
#2485 = SURFACE_CURVE('',#2486,(#2490,#2496),.PCURVE_S1.);
#2486 = LINE('',#2487,#2488);
#2487 = CARTESIAN_POINT('',(-16.29,-3.55,3.));
#2488 = VECTOR('',#2489,1.);
#2489 = DIRECTION('',(0.,1.,0.));
#2490 = PCURVE('',#419,#2491);
#2491 = DEFINITIONAL_REPRESENTATION('',(#2492),#2495);
#2492 = B_SPLINE_CURVE_WITH_KNOTS('',1,(#2493,#2494),.UNSPECIFIED.,.F.,
  .F.,(2,2),(5.E-02,7.05),.PIECEWISE_BEZIER_KNOTS.);
#2493 = CARTESIAN_POINT('',(19.,-0.1));
#2494 = CARTESIAN_POINT('',(19.,-7.1));
#2495 = ( GEOMETRIC_REPRESENTATION_CONTEXT(2) 
PARAMETRIC_REPRESENTATION_CONTEXT() REPRESENTATION_CONTEXT('2D SPACE',''
  ) );
#2496 = PCURVE('',#2497,#2502);
#2497 = PLANE('',#2498);
#2498 = AXIS2_PLACEMENT_3D('',#2499,#2500,#2501);
#2499 = CARTESIAN_POINT('',(-16.31,-3.5,3.));
#2500 = DIRECTION('',(0.,0.,1.));
#2501 = DIRECTION('',(1.,0.,0.));
#2502 = DEFINITIONAL_REPRESENTATION('',(#2503),#2506);
#2503 = B_SPLINE_CURVE_WITH_KNOTS('',1,(#2504,#2505),.UNSPECIFIED.,.F.,
  .F.,(2,2),(5.E-02,7.05),.PIECEWISE_BEZIER_KNOTS.);
#2504 = CARTESIAN_POINT('',(2.E-02,0.));
#2505 = CARTESIAN_POINT('',(2.E-02,7.));
#2506 = ( GEOMETRIC_REPRESENTATION_CONTEXT(2) 
PARAMETRIC_REPRESENTATION_CONTEXT() REPRESENTATION_CONTEXT('2D SPACE',''
  ) );
#2507 = ORIENTED_EDGE('',*,*,#2508,.T.);
#2508 = EDGE_CURVE('',#2483,#2509,#2511,.T.);
#2509 = VERTEX_POINT('',#2510);
#2510 = CARTESIAN_POINT('',(-16.29,3.5,-14.));
#2511 = SURFACE_CURVE('',#2512,(#2516,#2522),.PCURVE_S1.);
#2512 = LINE('',#2513,#2514);
#2513 = CARTESIAN_POINT('',(-16.29,3.5,-15.));
#2514 = VECTOR('',#2515,1.);
#2515 = DIRECTION('',(0.,0.,-1.));
#2516 = PCURVE('',#419,#2517);
#2517 = DEFINITIONAL_REPRESENTATION('',(#2518),#2521);
#2518 = B_SPLINE_CURVE_WITH_KNOTS('',1,(#2519,#2520),.UNSPECIFIED.,.F.,
  .F.,(2,2),(-18.,-1.),.PIECEWISE_BEZIER_KNOTS.);
#2519 = CARTESIAN_POINT('',(19.,-7.1));
#2520 = CARTESIAN_POINT('',(2.,-7.1));
#2521 = ( GEOMETRIC_REPRESENTATION_CONTEXT(2) 
PARAMETRIC_REPRESENTATION_CONTEXT() REPRESENTATION_CONTEXT('2D SPACE',''
  ) );
#2522 = PCURVE('',#2523,#2528);
#2523 = PLANE('',#2524);
#2524 = AXIS2_PLACEMENT_3D('',#2525,#2526,#2527);
#2525 = CARTESIAN_POINT('',(-16.31,3.5,-14.));
#2526 = DIRECTION('',(0.,1.,0.));
#2527 = DIRECTION('',(0.,0.,1.));
#2528 = DEFINITIONAL_REPRESENTATION('',(#2529),#2532);
#2529 = B_SPLINE_CURVE_WITH_KNOTS('',1,(#2530,#2531),.UNSPECIFIED.,.F.,
  .F.,(2,2),(-18.,-1.),.PIECEWISE_BEZIER_KNOTS.);
#2530 = CARTESIAN_POINT('',(17.,2.E-02));
#2531 = CARTESIAN_POINT('',(0.,2.E-02));
#2532 = ( GEOMETRIC_REPRESENTATION_CONTEXT(2) 
PARAMETRIC_REPRESENTATION_CONTEXT() REPRESENTATION_CONTEXT('2D SPACE',''
  ) );
#2533 = ORIENTED_EDGE('',*,*,#2534,.F.);
#2534 = EDGE_CURVE('',#405,#2509,#2535,.T.);
#2535 = SURFACE_CURVE('',#2536,(#2540,#2546),.PCURVE_S1.);
#2536 = LINE('',#2537,#2538);
#2537 = CARTESIAN_POINT('',(-16.29,-3.55,-14.));
#2538 = VECTOR('',#2539,1.);
#2539 = DIRECTION('',(0.,1.,0.));
#2540 = PCURVE('',#419,#2541);
#2541 = DEFINITIONAL_REPRESENTATION('',(#2542),#2545);
#2542 = B_SPLINE_CURVE_WITH_KNOTS('',1,(#2543,#2544),.UNSPECIFIED.,.F.,
  .F.,(2,2),(5.E-02,7.05),.PIECEWISE_BEZIER_KNOTS.);
#2543 = CARTESIAN_POINT('',(2.,-0.1));
#2544 = CARTESIAN_POINT('',(2.,-7.1));
#2545 = ( GEOMETRIC_REPRESENTATION_CONTEXT(2) 
PARAMETRIC_REPRESENTATION_CONTEXT() REPRESENTATION_CONTEXT('2D SPACE',''
  ) );
#2546 = PCURVE('',#445,#2547);
#2547 = DEFINITIONAL_REPRESENTATION('',(#2548),#2551);
#2548 = B_SPLINE_CURVE_WITH_KNOTS('',1,(#2549,#2550),.UNSPECIFIED.,.F.,
  .F.,(2,2),(5.E-02,7.05),.PIECEWISE_BEZIER_KNOTS.);
#2549 = CARTESIAN_POINT('',(2.E-02,0.));
#2550 = CARTESIAN_POINT('',(2.E-02,7.));
#2551 = ( GEOMETRIC_REPRESENTATION_CONTEXT(2) 
PARAMETRIC_REPRESENTATION_CONTEXT() REPRESENTATION_CONTEXT('2D SPACE',''
  ) );
#2552 = ORIENTED_EDGE('',*,*,#404,.F.);
#2553 = ORIENTED_EDGE('',*,*,#2133,.T.);
#2554 = ORIENTED_EDGE('',*,*,#2555,.T.);
#2555 = EDGE_CURVE('',#2109,#2439,#2556,.T.);
#2556 = SURFACE_CURVE('',#2557,(#2561,#2568),.PCURVE_S1.);
#2557 = LINE('',#2558,#2559);
#2558 = CARTESIAN_POINT('',(-16.29,3.6,-16.));
#2559 = VECTOR('',#2560,1.);
#2560 = DIRECTION('',(0.,0.,1.));
#2561 = PCURVE('',#419,#2562);
#2562 = DEFINITIONAL_REPRESENTATION('',(#2563),#2567);
#2563 = LINE('',#2564,#2565);
#2564 = CARTESIAN_POINT('',(0.,-7.2));
#2565 = VECTOR('',#2566,1.);
#2566 = DIRECTION('',(1.,0.));
#2567 = ( GEOMETRIC_REPRESENTATION_CONTEXT(2) 
PARAMETRIC_REPRESENTATION_CONTEXT() REPRESENTATION_CONTEXT('2D SPACE',''
  ) );
#2568 = PCURVE('',#2028,#2569);
#2569 = DEFINITIONAL_REPRESENTATION('',(#2570),#2574);
#2570 = LINE('',#2571,#2572);
#2571 = CARTESIAN_POINT('',(0.,24.71));
#2572 = VECTOR('',#2573,1.);
#2573 = DIRECTION('',(1.,0.));
#2574 = ( GEOMETRIC_REPRESENTATION_CONTEXT(2) 
PARAMETRIC_REPRESENTATION_CONTEXT() REPRESENTATION_CONTEXT('2D SPACE',''
  ) );
#2575 = ADVANCED_FACE('',(#2576),#445,.T.);
#2576 = FACE_BOUND('',#2577,.T.);
#2577 = EDGE_LOOP('',(#2578,#2601,#2602,#2603));
#2578 = ORIENTED_EDGE('',*,*,#2579,.F.);
#2579 = EDGE_CURVE('',#2509,#2580,#2582,.T.);
#2580 = VERTEX_POINT('',#2581);
#2581 = CARTESIAN_POINT('',(-14.3,3.5,-14.));
#2582 = SURFACE_CURVE('',#2583,(#2587,#2594),.PCURVE_S1.);
#2583 = LINE('',#2584,#2585);
#2584 = CARTESIAN_POINT('',(-16.31,3.5,-14.));
#2585 = VECTOR('',#2586,1.);
#2586 = DIRECTION('',(1.,0.,0.));
#2587 = PCURVE('',#445,#2588);
#2588 = DEFINITIONAL_REPRESENTATION('',(#2589),#2593);
#2589 = LINE('',#2590,#2591);
#2590 = CARTESIAN_POINT('',(0.,7.));
#2591 = VECTOR('',#2592,1.);
#2592 = DIRECTION('',(1.,0.));
#2593 = ( GEOMETRIC_REPRESENTATION_CONTEXT(2) 
PARAMETRIC_REPRESENTATION_CONTEXT() REPRESENTATION_CONTEXT('2D SPACE',''
  ) );
#2594 = PCURVE('',#2523,#2595);
#2595 = DEFINITIONAL_REPRESENTATION('',(#2596),#2600);
#2596 = LINE('',#2597,#2598);
#2597 = CARTESIAN_POINT('',(0.,0.));
#2598 = VECTOR('',#2599,1.);
#2599 = DIRECTION('',(0.,1.));
#2600 = ( GEOMETRIC_REPRESENTATION_CONTEXT(2) 
PARAMETRIC_REPRESENTATION_CONTEXT() REPRESENTATION_CONTEXT('2D SPACE',''
  ) );
#2601 = ORIENTED_EDGE('',*,*,#2534,.F.);
#2602 = ORIENTED_EDGE('',*,*,#430,.F.);
#2603 = ORIENTED_EDGE('',*,*,#2604,.F.);
#2604 = EDGE_CURVE('',#2580,#431,#2605,.T.);
#2605 = SURFACE_CURVE('',#2606,(#2610,#2616),.PCURVE_S1.);
#2606 = LINE('',#2607,#2608);
#2607 = CARTESIAN_POINT('',(-14.3,3.426568542495,-14.));
#2608 = VECTOR('',#2609,1.);
#2609 = DIRECTION('',(0.,-1.,0.));
#2610 = PCURVE('',#445,#2611);
#2611 = DEFINITIONAL_REPRESENTATION('',(#2612),#2615);
#2612 = B_SPLINE_CURVE_WITH_KNOTS('',1,(#2613,#2614),.UNSPECIFIED.,.F.,
  .F.,(2,2),(-7.343145750508E-02,6.926568542495),
  .PIECEWISE_BEZIER_KNOTS.);
#2613 = CARTESIAN_POINT('',(2.01,7.));
#2614 = CARTESIAN_POINT('',(2.01,0.));
#2615 = ( GEOMETRIC_REPRESENTATION_CONTEXT(2) 
PARAMETRIC_REPRESENTATION_CONTEXT() REPRESENTATION_CONTEXT('2D SPACE',''
  ) );
#2616 = PCURVE('',#471,#2617);
#2617 = DEFINITIONAL_REPRESENTATION('',(#2618),#2621);
#2618 = B_SPLINE_CURVE_WITH_KNOTS('',1,(#2619,#2620),.UNSPECIFIED.,.F.,
  .F.,(2,2),(-7.343145750508E-02,6.926568542495),
  .PIECEWISE_BEZIER_KNOTS.);
#2619 = CARTESIAN_POINT('',(-47.39686291501,6.85313708499));
#2620 = CARTESIAN_POINT('',(-47.39686291501,13.85313708499));
#2621 = ( GEOMETRIC_REPRESENTATION_CONTEXT(2) 
PARAMETRIC_REPRESENTATION_CONTEXT() REPRESENTATION_CONTEXT('2D SPACE',''
  ) );
#2622 = ADVANCED_FACE('',(#2623),#471,.T.);
#2623 = FACE_BOUND('',#2624,.T.);
#2624 = EDGE_LOOP('',(#2625,#2626,#2649,#2677,#2698,#2719,#2738,#2739,
    #2740,#2763,#2791,#2814,#2842));
#2625 = ORIENTED_EDGE('',*,*,#2359,.F.);
#2626 = ORIENTED_EDGE('',*,*,#2627,.T.);
#2627 = EDGE_CURVE('',#2334,#2628,#2630,.T.);
#2628 = VERTEX_POINT('',#2629);
#2629 = CARTESIAN_POINT('',(-14.3,10.25,36.));
#2630 = SURFACE_CURVE('',#2631,(#2635,#2642),.PCURVE_S1.);
#2631 = LINE('',#2632,#2633);
#2632 = CARTESIAN_POINT('',(-14.3,10.25,33.5));
#2633 = VECTOR('',#2634,1.);
#2634 = DIRECTION('',(0.,0.,1.));
#2635 = PCURVE('',#471,#2636);
#2636 = DEFINITIONAL_REPRESENTATION('',(#2637),#2641);
#2637 = LINE('',#2638,#2639);
#2638 = CARTESIAN_POINT('',(0.10313708499,0.10313708499));
#2639 = VECTOR('',#2640,1.);
#2640 = DIRECTION('',(1.,0.));
#2641 = ( GEOMETRIC_REPRESENTATION_CONTEXT(2) 
PARAMETRIC_REPRESENTATION_CONTEXT() REPRESENTATION_CONTEXT('2D SPACE',''
  ) );
#2642 = PCURVE('',#2348,#2643);
#2643 = DEFINITIONAL_REPRESENTATION('',(#2644),#2648);
#2644 = LINE('',#2645,#2646);
#2645 = CARTESIAN_POINT('',(9.999999999998E-03,2.));
#2646 = VECTOR('',#2647,1.);
#2647 = DIRECTION('',(1.,0.));
#2648 = ( GEOMETRIC_REPRESENTATION_CONTEXT(2) 
PARAMETRIC_REPRESENTATION_CONTEXT() REPRESENTATION_CONTEXT('2D SPACE',''
  ) );
#2649 = ORIENTED_EDGE('',*,*,#2650,.F.);
#2650 = EDGE_CURVE('',#2651,#2628,#2653,.T.);
#2651 = VERTEX_POINT('',#2652);
#2652 = CARTESIAN_POINT('',(-14.3,0.,36.));
#2653 = SURFACE_CURVE('',#2654,(#2658,#2665),.PCURVE_S1.);
#2654 = LINE('',#2655,#2656);
#2655 = CARTESIAN_POINT('',(-14.3,-10.25,36.));
#2656 = VECTOR('',#2657,1.);
#2657 = DIRECTION('',(0.,1.,0.));
#2658 = PCURVE('',#471,#2659);
#2659 = DEFINITIONAL_REPRESENTATION('',(#2660),#2664);
#2660 = LINE('',#2661,#2662);
#2661 = CARTESIAN_POINT('',(2.60313708499,20.60313708499));
#2662 = VECTOR('',#2663,1.);
#2663 = DIRECTION('',(0.,-1.));
#2664 = ( GEOMETRIC_REPRESENTATION_CONTEXT(2) 
PARAMETRIC_REPRESENTATION_CONTEXT() REPRESENTATION_CONTEXT('2D SPACE',''
  ) );
#2665 = PCURVE('',#2666,#2671);
#2666 = PLANE('',#2667);
#2667 = AXIS2_PLACEMENT_3D('',#2668,#2669,#2670);
#2668 = CARTESIAN_POINT('',(-14.55,-10.25,36.25));
#2669 = DIRECTION('',(0.707106781187,0.,0.707106781187));
#2670 = DIRECTION('',(-0.,1.,0.));
#2671 = DEFINITIONAL_REPRESENTATION('',(#2672),#2676);
#2672 = LINE('',#2673,#2674);
#2673 = CARTESIAN_POINT('',(0.,-0.353553390593));
#2674 = VECTOR('',#2675,1.);
#2675 = DIRECTION('',(1.,0.));
#2676 = ( GEOMETRIC_REPRESENTATION_CONTEXT(2) 
PARAMETRIC_REPRESENTATION_CONTEXT() REPRESENTATION_CONTEXT('2D SPACE',''
  ) );
#2677 = ORIENTED_EDGE('',*,*,#2678,.F.);
#2678 = EDGE_CURVE('',#2679,#2651,#2681,.T.);
#2679 = VERTEX_POINT('',#2680);
#2680 = CARTESIAN_POINT('',(-14.3,0.,3.));
#2681 = SURFACE_CURVE('',#2682,(#2686,#2692),.PCURVE_S1.);
#2682 = LINE('',#2683,#2684);
#2683 = CARTESIAN_POINT('',(-14.3,0.,4.198431457505));
#2684 = VECTOR('',#2685,1.);
#2685 = DIRECTION('',(0.,0.,1.));
#2686 = PCURVE('',#471,#2687);
#2687 = DEFINITIONAL_REPRESENTATION('',(#2688),#2691);
#2688 = B_SPLINE_CURVE_WITH_KNOTS('',1,(#2689,#2690),.UNSPECIFIED.,.F.,
  .F.,(2,2),(-21.1984314575,31.801568542495),.PIECEWISE_BEZIER_KNOTS.);
#2689 = CARTESIAN_POINT('',(-50.39686291501,10.35313708499));
#2690 = CARTESIAN_POINT('',(2.60313708499,10.35313708499));
#2691 = ( GEOMETRIC_REPRESENTATION_CONTEXT(2) 
PARAMETRIC_REPRESENTATION_CONTEXT() REPRESENTATION_CONTEXT('2D SPACE',''
  ) );
#2692 = PCURVE('',#1976,#2693);
#2693 = DEFINITIONAL_REPRESENTATION('',(#2694),#2697);
#2694 = B_SPLINE_CURVE_WITH_KNOTS('',1,(#2695,#2696),.UNSPECIFIED.,.F.,
  .F.,(2,2),(-21.1984314575,31.801568542495),.PIECEWISE_BEZIER_KNOTS.);
#2695 = CARTESIAN_POINT('',(8.,43.7));
#2696 = CARTESIAN_POINT('',(61.,43.7));
#2697 = ( GEOMETRIC_REPRESENTATION_CONTEXT(2) 
PARAMETRIC_REPRESENTATION_CONTEXT() REPRESENTATION_CONTEXT('2D SPACE',''
  ) );
#2698 = ORIENTED_EDGE('',*,*,#2699,.F.);
#2699 = EDGE_CURVE('',#2700,#2679,#2702,.T.);
#2700 = VERTEX_POINT('',#2701);
#2701 = CARTESIAN_POINT('',(-14.3,3.5,3.));
#2702 = SURFACE_CURVE('',#2703,(#2707,#2713),.PCURVE_S1.);
#2703 = LINE('',#2704,#2705);
#2704 = CARTESIAN_POINT('',(-14.3,3.426568542495,3.));
#2705 = VECTOR('',#2706,1.);
#2706 = DIRECTION('',(0.,-1.,0.));
#2707 = PCURVE('',#471,#2708);
#2708 = DEFINITIONAL_REPRESENTATION('',(#2709),#2712);
#2709 = B_SPLINE_CURVE_WITH_KNOTS('',1,(#2710,#2711),.UNSPECIFIED.,.F.,
  .F.,(2,2),(-7.343145750508E-02,6.926568542495),
  .PIECEWISE_BEZIER_KNOTS.);
#2710 = CARTESIAN_POINT('',(-30.39686291501,6.85313708499));
#2711 = CARTESIAN_POINT('',(-30.39686291501,13.85313708499));
#2712 = ( GEOMETRIC_REPRESENTATION_CONTEXT(2) 
PARAMETRIC_REPRESENTATION_CONTEXT() REPRESENTATION_CONTEXT('2D SPACE',''
  ) );
#2713 = PCURVE('',#2497,#2714);
#2714 = DEFINITIONAL_REPRESENTATION('',(#2715),#2718);
#2715 = B_SPLINE_CURVE_WITH_KNOTS('',1,(#2716,#2717),.UNSPECIFIED.,.F.,
  .F.,(2,2),(-7.343145750508E-02,6.926568542495),
  .PIECEWISE_BEZIER_KNOTS.);
#2716 = CARTESIAN_POINT('',(2.01,7.));
#2717 = CARTESIAN_POINT('',(2.01,0.));
#2718 = ( GEOMETRIC_REPRESENTATION_CONTEXT(2) 
PARAMETRIC_REPRESENTATION_CONTEXT() REPRESENTATION_CONTEXT('2D SPACE',''
  ) );
#2719 = ORIENTED_EDGE('',*,*,#2720,.F.);
#2720 = EDGE_CURVE('',#2580,#2700,#2721,.T.);
#2721 = SURFACE_CURVE('',#2722,(#2726,#2732),.PCURVE_S1.);
#2722 = LINE('',#2723,#2724);
#2723 = CARTESIAN_POINT('',(-14.3,3.5,9.698431457505));
#2724 = VECTOR('',#2725,1.);
#2725 = DIRECTION('',(0.,0.,1.));
#2726 = PCURVE('',#471,#2727);
#2727 = DEFINITIONAL_REPRESENTATION('',(#2728),#2731);
#2728 = B_SPLINE_CURVE_WITH_KNOTS('',1,(#2729,#2730),.UNSPECIFIED.,.F.,
  .F.,(2,2),(-23.6984314575,-6.698431457505),.PIECEWISE_BEZIER_KNOTS.);
#2729 = CARTESIAN_POINT('',(-47.39686291501,6.85313708499));
#2730 = CARTESIAN_POINT('',(-30.39686291501,6.85313708499));
#2731 = ( GEOMETRIC_REPRESENTATION_CONTEXT(2) 
PARAMETRIC_REPRESENTATION_CONTEXT() REPRESENTATION_CONTEXT('2D SPACE',''
  ) );
#2732 = PCURVE('',#2523,#2733);
#2733 = DEFINITIONAL_REPRESENTATION('',(#2734),#2737);
#2734 = B_SPLINE_CURVE_WITH_KNOTS('',1,(#2735,#2736),.UNSPECIFIED.,.F.,
  .F.,(2,2),(-23.6984314575,-6.698431457505),.PIECEWISE_BEZIER_KNOTS.);
#2735 = CARTESIAN_POINT('',(0.,2.01));
#2736 = CARTESIAN_POINT('',(17.,2.01));
#2737 = ( GEOMETRIC_REPRESENTATION_CONTEXT(2) 
PARAMETRIC_REPRESENTATION_CONTEXT() REPRESENTATION_CONTEXT('2D SPACE',''
  ) );
#2738 = ORIENTED_EDGE('',*,*,#2604,.T.);
#2739 = ORIENTED_EDGE('',*,*,#456,.F.);
#2740 = ORIENTED_EDGE('',*,*,#2741,.T.);
#2741 = EDGE_CURVE('',#457,#2742,#2744,.T.);
#2742 = VERTEX_POINT('',#2743);
#2743 = CARTESIAN_POINT('',(-14.3,3.6,-17.));
#2744 = SURFACE_CURVE('',#2745,(#2749,#2756),.PCURVE_S1.);
#2745 = LINE('',#2746,#2747);
#2746 = CARTESIAN_POINT('',(-14.3,-3.6,-17.));
#2747 = VECTOR('',#2748,1.);
#2748 = DIRECTION('',(0.,1.,0.));
#2749 = PCURVE('',#471,#2750);
#2750 = DEFINITIONAL_REPRESENTATION('',(#2751),#2755);
#2751 = LINE('',#2752,#2753);
#2752 = CARTESIAN_POINT('',(-50.39686291501,13.95313708499));
#2753 = VECTOR('',#2754,1.);
#2754 = DIRECTION('',(0.,-1.));
#2755 = ( GEOMETRIC_REPRESENTATION_CONTEXT(2) 
PARAMETRIC_REPRESENTATION_CONTEXT() REPRESENTATION_CONTEXT('2D SPACE',''
  ) );
#2756 = PCURVE('',#497,#2757);
#2757 = DEFINITIONAL_REPRESENTATION('',(#2758),#2762);
#2758 = LINE('',#2759,#2760);
#2759 = CARTESIAN_POINT('',(0.,0.));
#2760 = VECTOR('',#2761,1.);
#2761 = DIRECTION('',(0.,1.));
#2762 = ( GEOMETRIC_REPRESENTATION_CONTEXT(2) 
PARAMETRIC_REPRESENTATION_CONTEXT() REPRESENTATION_CONTEXT('2D SPACE',''
  ) );
#2763 = ORIENTED_EDGE('',*,*,#2764,.T.);
#2764 = EDGE_CURVE('',#2742,#2765,#2767,.T.);
#2765 = VERTEX_POINT('',#2766);
#2766 = CARTESIAN_POINT('',(-14.3,3.6,-15.5));
#2767 = SURFACE_CURVE('',#2768,(#2772,#2779),.PCURVE_S1.);
#2768 = LINE('',#2769,#2770);
#2769 = CARTESIAN_POINT('',(-14.3,3.6,-17.));
#2770 = VECTOR('',#2771,1.);
#2771 = DIRECTION('',(0.,0.,1.));
#2772 = PCURVE('',#471,#2773);
#2773 = DEFINITIONAL_REPRESENTATION('',(#2774),#2778);
#2774 = LINE('',#2775,#2776);
#2775 = CARTESIAN_POINT('',(-50.39686291501,6.75313708499));
#2776 = VECTOR('',#2777,1.);
#2777 = DIRECTION('',(1.,0.));
#2778 = ( GEOMETRIC_REPRESENTATION_CONTEXT(2) 
PARAMETRIC_REPRESENTATION_CONTEXT() REPRESENTATION_CONTEXT('2D SPACE',''
  ) );
#2779 = PCURVE('',#2780,#2785);
#2780 = PLANE('',#2781);
#2781 = AXIS2_PLACEMENT_3D('',#2782,#2783,#2784);
#2782 = CARTESIAN_POINT('',(-14.3,3.6,-17.));
#2783 = DIRECTION('',(0.,1.,0.));
#2784 = DIRECTION('',(0.,0.,1.));
#2785 = DEFINITIONAL_REPRESENTATION('',(#2786),#2790);
#2786 = LINE('',#2787,#2788);
#2787 = CARTESIAN_POINT('',(0.,0.));
#2788 = VECTOR('',#2789,1.);
#2789 = DIRECTION('',(1.,0.));
#2790 = ( GEOMETRIC_REPRESENTATION_CONTEXT(2) 
PARAMETRIC_REPRESENTATION_CONTEXT() REPRESENTATION_CONTEXT('2D SPACE',''
  ) );
#2791 = ORIENTED_EDGE('',*,*,#2792,.T.);
#2792 = EDGE_CURVE('',#2765,#2793,#2795,.T.);
#2793 = VERTEX_POINT('',#2794);
#2794 = CARTESIAN_POINT('',(-14.3,10.25,-15.5));
#2795 = SURFACE_CURVE('',#2796,(#2800,#2807),.PCURVE_S1.);
#2796 = LINE('',#2797,#2798);
#2797 = CARTESIAN_POINT('',(-14.3,-10.25,-15.5));
#2798 = VECTOR('',#2799,1.);
#2799 = DIRECTION('',(0.,1.,0.));
#2800 = PCURVE('',#471,#2801);
#2801 = DEFINITIONAL_REPRESENTATION('',(#2802),#2806);
#2802 = LINE('',#2803,#2804);
#2803 = CARTESIAN_POINT('',(-48.89686291501,20.60313708499));
#2804 = VECTOR('',#2805,1.);
#2805 = DIRECTION('',(0.,-1.));
#2806 = ( GEOMETRIC_REPRESENTATION_CONTEXT(2) 
PARAMETRIC_REPRESENTATION_CONTEXT() REPRESENTATION_CONTEXT('2D SPACE',''
  ) );
#2807 = PCURVE('',#549,#2808);
#2808 = DEFINITIONAL_REPRESENTATION('',(#2809),#2813);
#2809 = LINE('',#2810,#2811);
#2810 = CARTESIAN_POINT('',(0.,0.));
#2811 = VECTOR('',#2812,1.);
#2812 = DIRECTION('',(0.,1.));
#2813 = ( GEOMETRIC_REPRESENTATION_CONTEXT(2) 
PARAMETRIC_REPRESENTATION_CONTEXT() REPRESENTATION_CONTEXT('2D SPACE',''
  ) );
#2814 = ORIENTED_EDGE('',*,*,#2815,.F.);
#2815 = EDGE_CURVE('',#2816,#2793,#2818,.T.);
#2816 = VERTEX_POINT('',#2817);
#2817 = CARTESIAN_POINT('',(-14.3,10.25,33.2));
#2818 = SURFACE_CURVE('',#2819,(#2823,#2830),.PCURVE_S1.);
#2819 = LINE('',#2820,#2821);
#2820 = CARTESIAN_POINT('',(-14.3,10.25,33.5));
#2821 = VECTOR('',#2822,1.);
#2822 = DIRECTION('',(0.,0.,-1.));
#2823 = PCURVE('',#471,#2824);
#2824 = DEFINITIONAL_REPRESENTATION('',(#2825),#2829);
#2825 = LINE('',#2826,#2827);
#2826 = CARTESIAN_POINT('',(0.10313708499,0.10313708499));
#2827 = VECTOR('',#2828,1.);
#2828 = DIRECTION('',(-1.,0.));
#2829 = ( GEOMETRIC_REPRESENTATION_CONTEXT(2) 
PARAMETRIC_REPRESENTATION_CONTEXT() REPRESENTATION_CONTEXT('2D SPACE',''
  ) );
#2830 = PCURVE('',#2831,#2836);
#2831 = PLANE('',#2832);
#2832 = AXIS2_PLACEMENT_3D('',#2833,#2834,#2835);
#2833 = CARTESIAN_POINT('',(-14.3,10.25,31.49));
#2834 = DIRECTION('',(0.,1.,0.));
#2835 = DIRECTION('',(0.,0.,1.));
#2836 = DEFINITIONAL_REPRESENTATION('',(#2837),#2841);
#2837 = LINE('',#2838,#2839);
#2838 = CARTESIAN_POINT('',(2.01,0.));
#2839 = VECTOR('',#2840,1.);
#2840 = DIRECTION('',(-1.,0.));
#2841 = ( GEOMETRIC_REPRESENTATION_CONTEXT(2) 
PARAMETRIC_REPRESENTATION_CONTEXT() REPRESENTATION_CONTEXT('2D SPACE',''
  ) );
#2842 = ORIENTED_EDGE('',*,*,#2843,.T.);
#2843 = EDGE_CURVE('',#2816,#2360,#2844,.T.);
#2844 = SURFACE_CURVE('',#2845,(#2849,#2856),.PCURVE_S1.);
#2845 = LINE('',#2846,#2847);
#2846 = CARTESIAN_POINT('',(-14.3,10.24,33.19));
#2847 = VECTOR('',#2848,1.);
#2848 = DIRECTION('',(0.,0.707106781187,0.707106781187));
#2849 = PCURVE('',#471,#2850);
#2850 = DEFINITIONAL_REPRESENTATION('',(#2851),#2855);
#2851 = LINE('',#2852,#2853);
#2852 = CARTESIAN_POINT('',(-0.20686291501,0.11313708499));
#2853 = VECTOR('',#2854,1.);
#2854 = DIRECTION('',(0.707106781187,-0.707106781187));
#2855 = ( GEOMETRIC_REPRESENTATION_CONTEXT(2) 
PARAMETRIC_REPRESENTATION_CONTEXT() REPRESENTATION_CONTEXT('2D SPACE',''
  ) );
#2856 = PCURVE('',#2396,#2857);
#2857 = DEFINITIONAL_REPRESENTATION('',(#2858),#2862);
#2858 = LINE('',#2859,#2860);
#2859 = CARTESIAN_POINT('',(0.,0.));
#2860 = VECTOR('',#2861,1.);
#2861 = DIRECTION('',(1.,0.));
#2862 = ( GEOMETRIC_REPRESENTATION_CONTEXT(2) 
PARAMETRIC_REPRESENTATION_CONTEXT() REPRESENTATION_CONTEXT('2D SPACE',''
  ) );
#2863 = ADVANCED_FACE('',(#2864),#497,.T.);
#2864 = FACE_BOUND('',#2865,.T.);
#2865 = EDGE_LOOP('',(#2866,#2867,#2868,#2891));
#2866 = ORIENTED_EDGE('',*,*,#2741,.F.);
#2867 = ORIENTED_EDGE('',*,*,#482,.F.);
#2868 = ORIENTED_EDGE('',*,*,#2869,.T.);
#2869 = EDGE_CURVE('',#483,#2870,#2872,.T.);
#2870 = VERTEX_POINT('',#2871);
#2871 = CARTESIAN_POINT('',(-5.,3.6,-17.));
#2872 = SURFACE_CURVE('',#2873,(#2877,#2884),.PCURVE_S1.);
#2873 = LINE('',#2874,#2875);
#2874 = CARTESIAN_POINT('',(-5.,-3.6,-17.));
#2875 = VECTOR('',#2876,1.);
#2876 = DIRECTION('',(0.,1.,0.));
#2877 = PCURVE('',#497,#2878);
#2878 = DEFINITIONAL_REPRESENTATION('',(#2879),#2883);
#2879 = LINE('',#2880,#2881);
#2880 = CARTESIAN_POINT('',(9.3,0.));
#2881 = VECTOR('',#2882,1.);
#2882 = DIRECTION('',(0.,1.));
#2883 = ( GEOMETRIC_REPRESENTATION_CONTEXT(2) 
PARAMETRIC_REPRESENTATION_CONTEXT() REPRESENTATION_CONTEXT('2D SPACE',''
  ) );
#2884 = PCURVE('',#523,#2885);
#2885 = DEFINITIONAL_REPRESENTATION('',(#2886),#2890);
#2886 = LINE('',#2887,#2888);
#2887 = CARTESIAN_POINT('',(0.,0.));
#2888 = VECTOR('',#2889,1.);
#2889 = DIRECTION('',(0.,-1.));
#2890 = ( GEOMETRIC_REPRESENTATION_CONTEXT(2) 
PARAMETRIC_REPRESENTATION_CONTEXT() REPRESENTATION_CONTEXT('2D SPACE',''
  ) );
#2891 = ORIENTED_EDGE('',*,*,#2892,.F.);
#2892 = EDGE_CURVE('',#2742,#2870,#2893,.T.);
#2893 = SURFACE_CURVE('',#2894,(#2898,#2905),.PCURVE_S1.);
#2894 = LINE('',#2895,#2896);
#2895 = CARTESIAN_POINT('',(-14.3,3.6,-17.));
#2896 = VECTOR('',#2897,1.);
#2897 = DIRECTION('',(1.,0.,0.));
#2898 = PCURVE('',#497,#2899);
#2899 = DEFINITIONAL_REPRESENTATION('',(#2900),#2904);
#2900 = LINE('',#2901,#2902);
#2901 = CARTESIAN_POINT('',(0.,7.2));
#2902 = VECTOR('',#2903,1.);
#2903 = DIRECTION('',(1.,0.));
#2904 = ( GEOMETRIC_REPRESENTATION_CONTEXT(2) 
PARAMETRIC_REPRESENTATION_CONTEXT() REPRESENTATION_CONTEXT('2D SPACE',''
  ) );
#2905 = PCURVE('',#2780,#2906);
#2906 = DEFINITIONAL_REPRESENTATION('',(#2907),#2911);
#2907 = LINE('',#2908,#2909);
#2908 = CARTESIAN_POINT('',(0.,0.));
#2909 = VECTOR('',#2910,1.);
#2910 = DIRECTION('',(0.,1.));
#2911 = ( GEOMETRIC_REPRESENTATION_CONTEXT(2) 
PARAMETRIC_REPRESENTATION_CONTEXT() REPRESENTATION_CONTEXT('2D SPACE',''
  ) );
#2912 = ADVANCED_FACE('',(#2913),#523,.F.);
#2913 = FACE_BOUND('',#2914,.F.);
#2914 = EDGE_LOOP('',(#2915,#2916,#2917,#2940));
#2915 = ORIENTED_EDGE('',*,*,#508,.F.);
#2916 = ORIENTED_EDGE('',*,*,#2869,.T.);
#2917 = ORIENTED_EDGE('',*,*,#2918,.T.);
#2918 = EDGE_CURVE('',#2870,#2919,#2921,.T.);
#2919 = VERTEX_POINT('',#2920);
#2920 = CARTESIAN_POINT('',(-5.,3.6,-15.5));
#2921 = SURFACE_CURVE('',#2922,(#2926,#2933),.PCURVE_S1.);
#2922 = LINE('',#2923,#2924);
#2923 = CARTESIAN_POINT('',(-5.,3.6,-17.));
#2924 = VECTOR('',#2925,1.);
#2925 = DIRECTION('',(0.,0.,1.));
#2926 = PCURVE('',#523,#2927);
#2927 = DEFINITIONAL_REPRESENTATION('',(#2928),#2932);
#2928 = LINE('',#2929,#2930);
#2929 = CARTESIAN_POINT('',(0.,-7.2));
#2930 = VECTOR('',#2931,1.);
#2931 = DIRECTION('',(1.,0.));
#2932 = ( GEOMETRIC_REPRESENTATION_CONTEXT(2) 
PARAMETRIC_REPRESENTATION_CONTEXT() REPRESENTATION_CONTEXT('2D SPACE',''
  ) );
#2933 = PCURVE('',#2780,#2934);
#2934 = DEFINITIONAL_REPRESENTATION('',(#2935),#2939);
#2935 = LINE('',#2936,#2937);
#2936 = CARTESIAN_POINT('',(0.,9.3));
#2937 = VECTOR('',#2938,1.);
#2938 = DIRECTION('',(1.,0.));
#2939 = ( GEOMETRIC_REPRESENTATION_CONTEXT(2) 
PARAMETRIC_REPRESENTATION_CONTEXT() REPRESENTATION_CONTEXT('2D SPACE',''
  ) );
#2940 = ORIENTED_EDGE('',*,*,#2941,.F.);
#2941 = EDGE_CURVE('',#509,#2919,#2942,.T.);
#2942 = SURFACE_CURVE('',#2943,(#2947,#2953),.PCURVE_S1.);
#2943 = LINE('',#2944,#2945);
#2944 = CARTESIAN_POINT('',(-5.,-6.925,-15.5));
#2945 = VECTOR('',#2946,1.);
#2946 = DIRECTION('',(0.,1.,0.));
#2947 = PCURVE('',#523,#2948);
#2948 = DEFINITIONAL_REPRESENTATION('',(#2949),#2952);
#2949 = B_SPLINE_CURVE_WITH_KNOTS('',1,(#2950,#2951),.UNSPECIFIED.,.F.,
  .F.,(2,2),(3.325,10.525),.PIECEWISE_BEZIER_KNOTS.);
#2950 = CARTESIAN_POINT('',(1.5,0.));
#2951 = CARTESIAN_POINT('',(1.5,-7.2));
#2952 = ( GEOMETRIC_REPRESENTATION_CONTEXT(2) 
PARAMETRIC_REPRESENTATION_CONTEXT() REPRESENTATION_CONTEXT('2D SPACE',''
  ) );
#2953 = PCURVE('',#549,#2954);
#2954 = DEFINITIONAL_REPRESENTATION('',(#2955),#2958);
#2955 = B_SPLINE_CURVE_WITH_KNOTS('',1,(#2956,#2957),.UNSPECIFIED.,.F.,
  .F.,(2,2),(3.325,10.525),.PIECEWISE_BEZIER_KNOTS.);
#2956 = CARTESIAN_POINT('',(9.3,6.65));
#2957 = CARTESIAN_POINT('',(9.3,13.85));
#2958 = ( GEOMETRIC_REPRESENTATION_CONTEXT(2) 
PARAMETRIC_REPRESENTATION_CONTEXT() REPRESENTATION_CONTEXT('2D SPACE',''
  ) );
#2959 = ADVANCED_FACE('',(#2960),#1037,.T.);
#2960 = FACE_BOUND('',#2961,.T.);
#2961 = EDGE_LOOP('',(#2962,#2963,#2964,#2987,#3010,#3038));
#2962 = ORIENTED_EDGE('',*,*,#1022,.F.);
#2963 = ORIENTED_EDGE('',*,*,#1508,.T.);
#2964 = ORIENTED_EDGE('',*,*,#2965,.F.);
#2965 = EDGE_CURVE('',#2966,#1509,#2968,.T.);
#2966 = VERTEX_POINT('',#2967);
#2967 = CARTESIAN_POINT('',(0.,14.55,-19.5));
#2968 = SURFACE_CURVE('',#2969,(#2973,#2980),.PCURVE_S1.);
#2969 = LINE('',#2970,#2971);
#2970 = CARTESIAN_POINT('',(-7.105427357601E-15,7.025,-27.025));
#2971 = VECTOR('',#2972,1.);
#2972 = DIRECTION('',(0.,-0.707106781187,-0.707106781187));
#2973 = PCURVE('',#1037,#2974);
#2974 = DEFINITIONAL_REPRESENTATION('',(#2975),#2979);
#2975 = LINE('',#2976,#2977);
#2976 = CARTESIAN_POINT('',(-7.025,-21.575));
#2977 = VECTOR('',#2978,1.);
#2978 = DIRECTION('',(-0.707106781187,0.707106781187));
#2979 = ( GEOMETRIC_REPRESENTATION_CONTEXT(2) 
PARAMETRIC_REPRESENTATION_CONTEXT() REPRESENTATION_CONTEXT('2D SPACE',''
  ) );
#2980 = PCURVE('',#1545,#2981);
#2981 = DEFINITIONAL_REPRESENTATION('',(#2982),#2986);
#2982 = LINE('',#2983,#2984);
#2983 = CARTESIAN_POINT('',(-53.,10.288403666264));
#2984 = VECTOR('',#2985,1.);
#2985 = DIRECTION('',(-0.,1.));
#2986 = ( GEOMETRIC_REPRESENTATION_CONTEXT(2) 
PARAMETRIC_REPRESENTATION_CONTEXT() REPRESENTATION_CONTEXT('2D SPACE',''
  ) );
#2987 = ORIENTED_EDGE('',*,*,#2988,.T.);
#2988 = EDGE_CURVE('',#2966,#2989,#2991,.T.);
#2989 = VERTEX_POINT('',#2990);
#2990 = CARTESIAN_POINT('',(0.,14.55,-3.8));
#2991 = SURFACE_CURVE('',#2992,(#2996,#3003),.PCURVE_S1.);
#2992 = LINE('',#2993,#2994);
#2993 = CARTESIAN_POINT('',(0.,14.55,-20.));
#2994 = VECTOR('',#2995,1.);
#2995 = DIRECTION('',(0.,0.,1.));
#2996 = PCURVE('',#1037,#2997);
#2997 = DEFINITIONAL_REPRESENTATION('',(#2998),#3002);
#2998 = LINE('',#2999,#3000);
#2999 = CARTESIAN_POINT('',(0.,-29.1));
#3000 = VECTOR('',#3001,1.);
#3001 = DIRECTION('',(1.,0.));
#3002 = ( GEOMETRIC_REPRESENTATION_CONTEXT(2) 
PARAMETRIC_REPRESENTATION_CONTEXT() REPRESENTATION_CONTEXT('2D SPACE',''
  ) );
#3003 = PCURVE('',#1471,#3004);
#3004 = DEFINITIONAL_REPRESENTATION('',(#3005),#3009);
#3005 = LINE('',#3006,#3007);
#3006 = CARTESIAN_POINT('',(0.,53.));
#3007 = VECTOR('',#3008,1.);
#3008 = DIRECTION('',(1.,0.));
#3009 = ( GEOMETRIC_REPRESENTATION_CONTEXT(2) 
PARAMETRIC_REPRESENTATION_CONTEXT() REPRESENTATION_CONTEXT('2D SPACE',''
  ) );
#3010 = ORIENTED_EDGE('',*,*,#3011,.T.);
#3011 = EDGE_CURVE('',#2989,#3012,#3014,.T.);
#3012 = VERTEX_POINT('',#3013);
#3013 = CARTESIAN_POINT('',(0.,14.05,-4.3));
#3014 = SURFACE_CURVE('',#3015,(#3019,#3026),.PCURVE_S1.);
#3015 = LINE('',#3016,#3017);
#3016 = CARTESIAN_POINT('',(0.,7.025,-11.325));
#3017 = VECTOR('',#3018,1.);
#3018 = DIRECTION('',(0.,-0.707106781187,-0.707106781187));
#3019 = PCURVE('',#1037,#3020);
#3020 = DEFINITIONAL_REPRESENTATION('',(#3021),#3025);
#3021 = LINE('',#3022,#3023);
#3022 = CARTESIAN_POINT('',(8.675,-21.575));
#3023 = VECTOR('',#3024,1.);
#3024 = DIRECTION('',(-0.707106781187,0.707106781187));
#3025 = ( GEOMETRIC_REPRESENTATION_CONTEXT(2) 
PARAMETRIC_REPRESENTATION_CONTEXT() REPRESENTATION_CONTEXT('2D SPACE',''
  ) );
#3026 = PCURVE('',#3027,#3032);
#3027 = PLANE('',#3028);
#3028 = AXIS2_PLACEMENT_3D('',#3029,#3030,#3031);
#3029 = CARTESIAN_POINT('',(0.,14.3,-4.05));
#3030 = DIRECTION('',(0.,-0.707106781187,0.707106781187));
#3031 = DIRECTION('',(-1.,-0.,-0.));
#3032 = DEFINITIONAL_REPRESENTATION('',(#3033),#3037);
#3033 = LINE('',#3034,#3035);
#3034 = CARTESIAN_POINT('',(-0.,10.288403666264));
#3035 = VECTOR('',#3036,1.);
#3036 = DIRECTION('',(-0.,1.));
#3037 = ( GEOMETRIC_REPRESENTATION_CONTEXT(2) 
PARAMETRIC_REPRESENTATION_CONTEXT() REPRESENTATION_CONTEXT('2D SPACE',''
  ) );
#3038 = ORIENTED_EDGE('',*,*,#3039,.F.);
#3039 = EDGE_CURVE('',#997,#3012,#3040,.T.);
#3040 = SURFACE_CURVE('',#3041,(#3045,#3052),.PCURVE_S1.);
#3041 = LINE('',#3042,#3043);
#3042 = CARTESIAN_POINT('',(0.,-14.55,-4.3));
#3043 = VECTOR('',#3044,1.);
#3044 = DIRECTION('',(0.,1.,0.));
#3045 = PCURVE('',#1037,#3046);
#3046 = DEFINITIONAL_REPRESENTATION('',(#3047),#3051);
#3047 = LINE('',#3048,#3049);
#3048 = CARTESIAN_POINT('',(15.7,0.));
#3049 = VECTOR('',#3050,1.);
#3050 = DIRECTION('',(0.,-1.));
#3051 = ( GEOMETRIC_REPRESENTATION_CONTEXT(2) 
PARAMETRIC_REPRESENTATION_CONTEXT() REPRESENTATION_CONTEXT('2D SPACE',''
  ) );
#3052 = PCURVE('',#1011,#3053);
#3053 = DEFINITIONAL_REPRESENTATION('',(#3054),#3058);
#3054 = LINE('',#3055,#3056);
#3055 = CARTESIAN_POINT('',(0.,0.));
#3056 = VECTOR('',#3057,1.);
#3057 = DIRECTION('',(0.,1.));
#3058 = ( GEOMETRIC_REPRESENTATION_CONTEXT(2) 
PARAMETRIC_REPRESENTATION_CONTEXT() REPRESENTATION_CONTEXT('2D SPACE',''
  ) );
#3059 = ADVANCED_FACE('',(#3060),#549,.T.);
#3060 = FACE_BOUND('',#3061,.T.);
#3061 = EDGE_LOOP('',(#3062,#3063,#3086,#3107,#3108,#3127));
#3062 = ORIENTED_EDGE('',*,*,#534,.F.);
#3063 = ORIENTED_EDGE('',*,*,#3064,.T.);
#3064 = EDGE_CURVE('',#535,#3065,#3067,.T.);
#3065 = VERTEX_POINT('',#3066);
#3066 = CARTESIAN_POINT('',(-2.1,10.25,-15.5));
#3067 = SURFACE_CURVE('',#3068,(#3072,#3079),.PCURVE_S1.);
#3068 = LINE('',#3069,#3070);
#3069 = CARTESIAN_POINT('',(-2.1,-10.25,-15.5));
#3070 = VECTOR('',#3071,1.);
#3071 = DIRECTION('',(0.,1.,0.));
#3072 = PCURVE('',#549,#3073);
#3073 = DEFINITIONAL_REPRESENTATION('',(#3074),#3078);
#3074 = LINE('',#3075,#3076);
#3075 = CARTESIAN_POINT('',(12.2,0.));
#3076 = VECTOR('',#3077,1.);
#3077 = DIRECTION('',(0.,1.));
#3078 = ( GEOMETRIC_REPRESENTATION_CONTEXT(2) 
PARAMETRIC_REPRESENTATION_CONTEXT() REPRESENTATION_CONTEXT('2D SPACE',''
  ) );
#3079 = PCURVE('',#575,#3080);
#3080 = DEFINITIONAL_REPRESENTATION('',(#3081),#3085);
#3081 = LINE('',#3082,#3083);
#3082 = CARTESIAN_POINT('',(0.,0.));
#3083 = VECTOR('',#3084,1.);
#3084 = DIRECTION('',(0.,-1.));
#3085 = ( GEOMETRIC_REPRESENTATION_CONTEXT(2) 
PARAMETRIC_REPRESENTATION_CONTEXT() REPRESENTATION_CONTEXT('2D SPACE',''
  ) );
#3086 = ORIENTED_EDGE('',*,*,#3087,.F.);
#3087 = EDGE_CURVE('',#2793,#3065,#3088,.T.);
#3088 = SURFACE_CURVE('',#3089,(#3093,#3100),.PCURVE_S1.);
#3089 = LINE('',#3090,#3091);
#3090 = CARTESIAN_POINT('',(-14.3,10.25,-15.5));
#3091 = VECTOR('',#3092,1.);
#3092 = DIRECTION('',(1.,0.,0.));
#3093 = PCURVE('',#549,#3094);
#3094 = DEFINITIONAL_REPRESENTATION('',(#3095),#3099);
#3095 = LINE('',#3096,#3097);
#3096 = CARTESIAN_POINT('',(0.,20.5));
#3097 = VECTOR('',#3098,1.);
#3098 = DIRECTION('',(1.,0.));
#3099 = ( GEOMETRIC_REPRESENTATION_CONTEXT(2) 
PARAMETRIC_REPRESENTATION_CONTEXT() REPRESENTATION_CONTEXT('2D SPACE',''
  ) );
#3100 = PCURVE('',#2831,#3101);
#3101 = DEFINITIONAL_REPRESENTATION('',(#3102),#3106);
#3102 = LINE('',#3103,#3104);
#3103 = CARTESIAN_POINT('',(-46.99,0.));
#3104 = VECTOR('',#3105,1.);
#3105 = DIRECTION('',(0.,1.));
#3106 = ( GEOMETRIC_REPRESENTATION_CONTEXT(2) 
PARAMETRIC_REPRESENTATION_CONTEXT() REPRESENTATION_CONTEXT('2D SPACE',''
  ) );
#3107 = ORIENTED_EDGE('',*,*,#2792,.F.);
#3108 = ORIENTED_EDGE('',*,*,#3109,.F.);
#3109 = EDGE_CURVE('',#2919,#2765,#3110,.T.);
#3110 = SURFACE_CURVE('',#3111,(#3115,#3121),.PCURVE_S1.);
#3111 = LINE('',#3112,#3113);
#3112 = CARTESIAN_POINT('',(-14.3,3.6,-15.5));
#3113 = VECTOR('',#3114,1.);
#3114 = DIRECTION('',(-1.,0.,0.));
#3115 = PCURVE('',#549,#3116);
#3116 = DEFINITIONAL_REPRESENTATION('',(#3117),#3120);
#3117 = B_SPLINE_CURVE_WITH_KNOTS('',1,(#3118,#3119),.UNSPECIFIED.,.F.,
  .F.,(2,2),(-9.3,0.),.PIECEWISE_BEZIER_KNOTS.);
#3118 = CARTESIAN_POINT('',(9.3,13.85));
#3119 = CARTESIAN_POINT('',(0.,13.85));
#3120 = ( GEOMETRIC_REPRESENTATION_CONTEXT(2) 
PARAMETRIC_REPRESENTATION_CONTEXT() REPRESENTATION_CONTEXT('2D SPACE',''
  ) );
#3121 = PCURVE('',#2780,#3122);
#3122 = DEFINITIONAL_REPRESENTATION('',(#3123),#3126);
#3123 = B_SPLINE_CURVE_WITH_KNOTS('',1,(#3124,#3125),.UNSPECIFIED.,.F.,
  .F.,(2,2),(-9.3,0.),.PIECEWISE_BEZIER_KNOTS.);
#3124 = CARTESIAN_POINT('',(1.5,9.3));
#3125 = CARTESIAN_POINT('',(1.5,0.));
#3126 = ( GEOMETRIC_REPRESENTATION_CONTEXT(2) 
PARAMETRIC_REPRESENTATION_CONTEXT() REPRESENTATION_CONTEXT('2D SPACE',''
  ) );
#3127 = ORIENTED_EDGE('',*,*,#2941,.F.);
#3128 = ADVANCED_FACE('',(#3129),#1011,.F.);
#3129 = FACE_BOUND('',#3130,.F.);
#3130 = EDGE_LOOP('',(#3131,#3132,#3133,#3154));
#3131 = ORIENTED_EDGE('',*,*,#3039,.F.);
#3132 = ORIENTED_EDGE('',*,*,#996,.F.);
#3133 = ORIENTED_EDGE('',*,*,#3134,.T.);
#3134 = EDGE_CURVE('',#971,#3135,#3137,.T.);
#3135 = VERTEX_POINT('',#3136);
#3136 = CARTESIAN_POINT('',(8.,14.05,-4.3));
#3137 = SURFACE_CURVE('',#3138,(#3142,#3148),.PCURVE_S1.);
#3138 = LINE('',#3139,#3140);
#3139 = CARTESIAN_POINT('',(8.,-14.55,-4.3));
#3140 = VECTOR('',#3141,1.);
#3141 = DIRECTION('',(0.,1.,0.));
#3142 = PCURVE('',#1011,#3143);
#3143 = DEFINITIONAL_REPRESENTATION('',(#3144),#3147);
#3144 = B_SPLINE_CURVE_WITH_KNOTS('',1,(#3145,#3146),.UNSPECIFIED.,.F.,
  .F.,(2,2),(0.5,28.6),.PIECEWISE_BEZIER_KNOTS.);
#3145 = CARTESIAN_POINT('',(8.,0.5));
#3146 = CARTESIAN_POINT('',(8.,28.6));
#3147 = ( GEOMETRIC_REPRESENTATION_CONTEXT(2) 
PARAMETRIC_REPRESENTATION_CONTEXT() REPRESENTATION_CONTEXT('2D SPACE',''
  ) );
#3148 = PCURVE('',#985,#3149);
#3149 = DEFINITIONAL_REPRESENTATION('',(#3150),#3153);
#3150 = B_SPLINE_CURVE_WITH_KNOTS('',1,(#3151,#3152),.UNSPECIFIED.,.F.,
  .F.,(2,2),(0.5,28.6),.PIECEWISE_BEZIER_KNOTS.);
#3151 = CARTESIAN_POINT('',(6.2,-0.5));
#3152 = CARTESIAN_POINT('',(6.2,-28.6));
#3153 = ( GEOMETRIC_REPRESENTATION_CONTEXT(2) 
PARAMETRIC_REPRESENTATION_CONTEXT() REPRESENTATION_CONTEXT('2D SPACE',''
  ) );
#3154 = ORIENTED_EDGE('',*,*,#3155,.F.);
#3155 = EDGE_CURVE('',#3012,#3135,#3156,.T.);
#3156 = SURFACE_CURVE('',#3157,(#3161,#3168),.PCURVE_S1.);
#3157 = LINE('',#3158,#3159);
#3158 = CARTESIAN_POINT('',(0.,14.05,-4.3));
#3159 = VECTOR('',#3160,1.);
#3160 = DIRECTION('',(1.,0.,0.));
#3161 = PCURVE('',#1011,#3162);
#3162 = DEFINITIONAL_REPRESENTATION('',(#3163),#3167);
#3163 = LINE('',#3164,#3165);
#3164 = CARTESIAN_POINT('',(0.,28.6));
#3165 = VECTOR('',#3166,1.);
#3166 = DIRECTION('',(1.,0.));
#3167 = ( GEOMETRIC_REPRESENTATION_CONTEXT(2) 
PARAMETRIC_REPRESENTATION_CONTEXT() REPRESENTATION_CONTEXT('2D SPACE',''
  ) );
#3168 = PCURVE('',#3027,#3169);
#3169 = DEFINITIONAL_REPRESENTATION('',(#3170),#3174);
#3170 = LINE('',#3171,#3172);
#3171 = CARTESIAN_POINT('',(-0.,0.353553390593));
#3172 = VECTOR('',#3173,1.);
#3173 = DIRECTION('',(-1.,0.));
#3174 = ( GEOMETRIC_REPRESENTATION_CONTEXT(2) 
PARAMETRIC_REPRESENTATION_CONTEXT() REPRESENTATION_CONTEXT('2D SPACE',''
  ) );
#3175 = ADVANCED_FACE('',(#3176),#575,.F.);
#3176 = FACE_BOUND('',#3177,.F.);
#3177 = EDGE_LOOP('',(#3178,#3179,#3180,#3203));
#3178 = ORIENTED_EDGE('',*,*,#560,.F.);
#3179 = ORIENTED_EDGE('',*,*,#3064,.T.);
#3180 = ORIENTED_EDGE('',*,*,#3181,.T.);
#3181 = EDGE_CURVE('',#3065,#3182,#3184,.T.);
#3182 = VERTEX_POINT('',#3183);
#3183 = CARTESIAN_POINT('',(-2.1,10.25,4.2));
#3184 = SURFACE_CURVE('',#3185,(#3189,#3196),.PCURVE_S1.);
#3185 = LINE('',#3186,#3187);
#3186 = CARTESIAN_POINT('',(-2.1,10.25,-15.5));
#3187 = VECTOR('',#3188,1.);
#3188 = DIRECTION('',(0.,0.,1.));
#3189 = PCURVE('',#575,#3190);
#3190 = DEFINITIONAL_REPRESENTATION('',(#3191),#3195);
#3191 = LINE('',#3192,#3193);
#3192 = CARTESIAN_POINT('',(0.,-20.5));
#3193 = VECTOR('',#3194,1.);
#3194 = DIRECTION('',(1.,0.));
#3195 = ( GEOMETRIC_REPRESENTATION_CONTEXT(2) 
PARAMETRIC_REPRESENTATION_CONTEXT() REPRESENTATION_CONTEXT('2D SPACE',''
  ) );
#3196 = PCURVE('',#2831,#3197);
#3197 = DEFINITIONAL_REPRESENTATION('',(#3198),#3202);
#3198 = LINE('',#3199,#3200);
#3199 = CARTESIAN_POINT('',(-46.99,12.2));
#3200 = VECTOR('',#3201,1.);
#3201 = DIRECTION('',(1.,0.));
#3202 = ( GEOMETRIC_REPRESENTATION_CONTEXT(2) 
PARAMETRIC_REPRESENTATION_CONTEXT() REPRESENTATION_CONTEXT('2D SPACE',''
  ) );
#3203 = ORIENTED_EDGE('',*,*,#3204,.T.);
#3204 = EDGE_CURVE('',#3182,#561,#3205,.T.);
#3205 = SURFACE_CURVE('',#3206,(#3210,#3216),.PCURVE_S1.);
#3206 = LINE('',#3207,#3208);
#3207 = CARTESIAN_POINT('',(-2.1,-10.25,4.2));
#3208 = VECTOR('',#3209,1.);
#3209 = DIRECTION('',(0.,-1.,0.));
#3210 = PCURVE('',#575,#3211);
#3211 = DEFINITIONAL_REPRESENTATION('',(#3212),#3215);
#3212 = B_SPLINE_CURVE_WITH_KNOTS('',1,(#3213,#3214),.UNSPECIFIED.,.F.,
  .F.,(2,2),(-20.5,0.),.PIECEWISE_BEZIER_KNOTS.);
#3213 = CARTESIAN_POINT('',(19.7,-20.5));
#3214 = CARTESIAN_POINT('',(19.7,0.));
#3215 = ( GEOMETRIC_REPRESENTATION_CONTEXT(2) 
PARAMETRIC_REPRESENTATION_CONTEXT() REPRESENTATION_CONTEXT('2D SPACE',''
  ) );
#3216 = PCURVE('',#601,#3217);
#3217 = DEFINITIONAL_REPRESENTATION('',(#3218),#3221);
#3218 = B_SPLINE_CURVE_WITH_KNOTS('',1,(#3219,#3220),.UNSPECIFIED.,.F.,
  .F.,(2,2),(-20.5,0.),.PIECEWISE_BEZIER_KNOTS.);
#3219 = CARTESIAN_POINT('',(0.438406204336,-20.5));
#3220 = CARTESIAN_POINT('',(0.438406204336,0.));
#3221 = ( GEOMETRIC_REPRESENTATION_CONTEXT(2) 
PARAMETRIC_REPRESENTATION_CONTEXT() REPRESENTATION_CONTEXT('2D SPACE',''
  ) );
#3222 = ADVANCED_FACE('',(#3223),#985,.F.);
#3223 = FACE_BOUND('',#3224,.F.);
#3224 = EDGE_LOOP('',(#3225,#3226,#3249,#3277,#3305,#3324));
#3225 = ORIENTED_EDGE('',*,*,#970,.F.);
#3226 = ORIENTED_EDGE('',*,*,#3227,.T.);
#3227 = EDGE_CURVE('',#945,#3228,#3230,.T.);
#3228 = VERTEX_POINT('',#3229);
#3229 = CARTESIAN_POINT('',(8.,14.55,-10.5));
#3230 = SURFACE_CURVE('',#3231,(#3235,#3242),.PCURVE_S1.);
#3231 = LINE('',#3232,#3233);
#3232 = CARTESIAN_POINT('',(8.,-14.55,-10.5));
#3233 = VECTOR('',#3234,1.);
#3234 = DIRECTION('',(0.,1.,0.));
#3235 = PCURVE('',#985,#3236);
#3236 = DEFINITIONAL_REPRESENTATION('',(#3237),#3241);
#3237 = LINE('',#3238,#3239);
#3238 = CARTESIAN_POINT('',(0.,0.));
#3239 = VECTOR('',#3240,1.);
#3240 = DIRECTION('',(0.,-1.));
#3241 = ( GEOMETRIC_REPRESENTATION_CONTEXT(2) 
PARAMETRIC_REPRESENTATION_CONTEXT() REPRESENTATION_CONTEXT('2D SPACE',''
  ) );
#3242 = PCURVE('',#959,#3243);
#3243 = DEFINITIONAL_REPRESENTATION('',(#3244),#3248);
#3244 = LINE('',#3245,#3246);
#3245 = CARTESIAN_POINT('',(0.,0.));
#3246 = VECTOR('',#3247,1.);
#3247 = DIRECTION('',(0.,1.));
#3248 = ( GEOMETRIC_REPRESENTATION_CONTEXT(2) 
PARAMETRIC_REPRESENTATION_CONTEXT() REPRESENTATION_CONTEXT('2D SPACE',''
  ) );
#3249 = ORIENTED_EDGE('',*,*,#3250,.T.);
#3250 = EDGE_CURVE('',#3228,#3251,#3253,.T.);
#3251 = VERTEX_POINT('',#3252);
#3252 = CARTESIAN_POINT('',(8.,14.55,-4.29));
#3253 = SURFACE_CURVE('',#3254,(#3258,#3265),.PCURVE_S1.);
#3254 = LINE('',#3255,#3256);
#3255 = CARTESIAN_POINT('',(8.,14.55,-10.5));
#3256 = VECTOR('',#3257,1.);
#3257 = DIRECTION('',(0.,0.,1.));
#3258 = PCURVE('',#985,#3259);
#3259 = DEFINITIONAL_REPRESENTATION('',(#3260),#3264);
#3260 = LINE('',#3261,#3262);
#3261 = CARTESIAN_POINT('',(0.,-29.1));
#3262 = VECTOR('',#3263,1.);
#3263 = DIRECTION('',(1.,0.));
#3264 = ( GEOMETRIC_REPRESENTATION_CONTEXT(2) 
PARAMETRIC_REPRESENTATION_CONTEXT() REPRESENTATION_CONTEXT('2D SPACE',''
  ) );
#3265 = PCURVE('',#3266,#3271);
#3266 = PLANE('',#3267);
#3267 = AXIS2_PLACEMENT_3D('',#3268,#3269,#3270);
#3268 = CARTESIAN_POINT('',(8.,14.55,-10.5));
#3269 = DIRECTION('',(0.,1.,0.));
#3270 = DIRECTION('',(0.,0.,1.));
#3271 = DEFINITIONAL_REPRESENTATION('',(#3272),#3276);
#3272 = LINE('',#3273,#3274);
#3273 = CARTESIAN_POINT('',(0.,0.));
#3274 = VECTOR('',#3275,1.);
#3275 = DIRECTION('',(1.,0.));
#3276 = ( GEOMETRIC_REPRESENTATION_CONTEXT(2) 
PARAMETRIC_REPRESENTATION_CONTEXT() REPRESENTATION_CONTEXT('2D SPACE',''
  ) );
#3277 = ORIENTED_EDGE('',*,*,#3278,.F.);
#3278 = EDGE_CURVE('',#3279,#3251,#3281,.T.);
#3279 = VERTEX_POINT('',#3280);
#3280 = CARTESIAN_POINT('',(8.,14.06,-4.29));
#3281 = SURFACE_CURVE('',#3282,(#3286,#3293),.PCURVE_S1.);
#3282 = LINE('',#3283,#3284);
#3283 = CARTESIAN_POINT('',(8.,-14.55,-4.29));
#3284 = VECTOR('',#3285,1.);
#3285 = DIRECTION('',(0.,1.,0.));
#3286 = PCURVE('',#985,#3287);
#3287 = DEFINITIONAL_REPRESENTATION('',(#3288),#3292);
#3288 = LINE('',#3289,#3290);
#3289 = CARTESIAN_POINT('',(6.21,0.));
#3290 = VECTOR('',#3291,1.);
#3291 = DIRECTION('',(0.,-1.));
#3292 = ( GEOMETRIC_REPRESENTATION_CONTEXT(2) 
PARAMETRIC_REPRESENTATION_CONTEXT() REPRESENTATION_CONTEXT('2D SPACE',''
  ) );
#3293 = PCURVE('',#3294,#3299);
#3294 = PLANE('',#3295);
#3295 = AXIS2_PLACEMENT_3D('',#3296,#3297,#3298);
#3296 = CARTESIAN_POINT('',(8.,-14.55,-4.29));
#3297 = DIRECTION('',(0.,0.,1.));
#3298 = DIRECTION('',(1.,0.,0.));
#3299 = DEFINITIONAL_REPRESENTATION('',(#3300),#3304);
#3300 = LINE('',#3301,#3302);
#3301 = CARTESIAN_POINT('',(0.,0.));
#3302 = VECTOR('',#3303,1.);
#3303 = DIRECTION('',(0.,1.));
#3304 = ( GEOMETRIC_REPRESENTATION_CONTEXT(2) 
PARAMETRIC_REPRESENTATION_CONTEXT() REPRESENTATION_CONTEXT('2D SPACE',''
  ) );
#3305 = ORIENTED_EDGE('',*,*,#3306,.T.);
#3306 = EDGE_CURVE('',#3279,#3135,#3307,.T.);
#3307 = SURFACE_CURVE('',#3308,(#3312,#3318),.PCURVE_S1.);
#3308 = LINE('',#3309,#3310);
#3309 = CARTESIAN_POINT('',(8.,5.475,-12.875));
#3310 = VECTOR('',#3311,1.);
#3311 = DIRECTION('',(0.,-0.707106781187,-0.707106781187));
#3312 = PCURVE('',#985,#3313);
#3313 = DEFINITIONAL_REPRESENTATION('',(#3314),#3317);
#3314 = B_SPLINE_CURVE_WITH_KNOTS('',1,(#3315,#3316),.UNSPECIFIED.,.F.,
  .F.,(2,2),(-12.14102343297,-12.12688129734),.PIECEWISE_BEZIER_KNOTS.);
#3315 = CARTESIAN_POINT('',(6.21,-28.61));
#3316 = CARTESIAN_POINT('',(6.2,-28.6));
#3317 = ( GEOMETRIC_REPRESENTATION_CONTEXT(2) 
PARAMETRIC_REPRESENTATION_CONTEXT() REPRESENTATION_CONTEXT('2D SPACE',''
  ) );
#3318 = PCURVE('',#3027,#3319);
#3319 = DEFINITIONAL_REPRESENTATION('',(#3320),#3323);
#3320 = B_SPLINE_CURVE_WITH_KNOTS('',1,(#3321,#3322),.UNSPECIFIED.,.F.,
  .F.,(2,2),(-12.14102343297,-12.12688129734),.PIECEWISE_BEZIER_KNOTS.);
#3321 = CARTESIAN_POINT('',(-8.,0.33941125497));
#3322 = CARTESIAN_POINT('',(-8.,0.353553390593));
#3323 = ( GEOMETRIC_REPRESENTATION_CONTEXT(2) 
PARAMETRIC_REPRESENTATION_CONTEXT() REPRESENTATION_CONTEXT('2D SPACE',''
  ) );
#3324 = ORIENTED_EDGE('',*,*,#3134,.F.);
#3325 = ADVANCED_FACE('',(#3326),#601,.T.);
#3326 = FACE_BOUND('',#3327,.T.);
#3327 = EDGE_LOOP('',(#3328,#3329,#3350,#3371));
#3328 = ORIENTED_EDGE('',*,*,#586,.F.);
#3329 = ORIENTED_EDGE('',*,*,#3330,.F.);
#3330 = EDGE_CURVE('',#3331,#587,#3333,.T.);
#3331 = VERTEX_POINT('',#3332);
#3332 = CARTESIAN_POINT('',(-1.8,10.25,4.5));
#3333 = SURFACE_CURVE('',#3334,(#3338,#3344),.PCURVE_S1.);
#3334 = LINE('',#3335,#3336);
#3335 = CARTESIAN_POINT('',(-1.8,-10.25,4.5));
#3336 = VECTOR('',#3337,1.);
#3337 = DIRECTION('',(0.,-1.,0.));
#3338 = PCURVE('',#601,#3339);
#3339 = DEFINITIONAL_REPRESENTATION('',(#3340),#3343);
#3340 = B_SPLINE_CURVE_WITH_KNOTS('',1,(#3341,#3342),.UNSPECIFIED.,.F.,
  .F.,(2,2),(-20.5,0.),.PIECEWISE_BEZIER_KNOTS.);
#3341 = CARTESIAN_POINT('',(1.414213562373E-02,-20.5));
#3342 = CARTESIAN_POINT('',(1.414213562373E-02,0.));
#3343 = ( GEOMETRIC_REPRESENTATION_CONTEXT(2) 
PARAMETRIC_REPRESENTATION_CONTEXT() REPRESENTATION_CONTEXT('2D SPACE',''
  ) );
#3344 = PCURVE('',#627,#3345);
#3345 = DEFINITIONAL_REPRESENTATION('',(#3346),#3349);
#3346 = B_SPLINE_CURVE_WITH_KNOTS('',1,(#3347,#3348),.UNSPECIFIED.,.F.,
  .F.,(2,2),(-20.5,0.),.PIECEWISE_BEZIER_KNOTS.);
#3347 = CARTESIAN_POINT('',(12.5,20.5));
#3348 = CARTESIAN_POINT('',(12.5,0.));
#3349 = ( GEOMETRIC_REPRESENTATION_CONTEXT(2) 
PARAMETRIC_REPRESENTATION_CONTEXT() REPRESENTATION_CONTEXT('2D SPACE',''
  ) );
#3350 = ORIENTED_EDGE('',*,*,#3351,.T.);
#3351 = EDGE_CURVE('',#3331,#3182,#3352,.T.);
#3352 = SURFACE_CURVE('',#3353,(#3357,#3364),.PCURVE_S1.);
#3353 = LINE('',#3354,#3355);
#3354 = CARTESIAN_POINT('',(-1.79,10.25,4.51));
#3355 = VECTOR('',#3356,1.);
#3356 = DIRECTION('',(-0.707106781187,0.,-0.707106781187));
#3357 = PCURVE('',#601,#3358);
#3358 = DEFINITIONAL_REPRESENTATION('',(#3359),#3363);
#3359 = LINE('',#3360,#3361);
#3360 = CARTESIAN_POINT('',(0.,-20.5));
#3361 = VECTOR('',#3362,1.);
#3362 = DIRECTION('',(1.,0.));
#3363 = ( GEOMETRIC_REPRESENTATION_CONTEXT(2) 
PARAMETRIC_REPRESENTATION_CONTEXT() REPRESENTATION_CONTEXT('2D SPACE',''
  ) );
#3364 = PCURVE('',#2831,#3365);
#3365 = DEFINITIONAL_REPRESENTATION('',(#3366),#3370);
#3366 = LINE('',#3367,#3368);
#3367 = CARTESIAN_POINT('',(-26.98,12.51));
#3368 = VECTOR('',#3369,1.);
#3369 = DIRECTION('',(-0.707106781187,-0.707106781187));
#3370 = ( GEOMETRIC_REPRESENTATION_CONTEXT(2) 
PARAMETRIC_REPRESENTATION_CONTEXT() REPRESENTATION_CONTEXT('2D SPACE',''
  ) );
#3371 = ORIENTED_EDGE('',*,*,#3204,.T.);
#3372 = ADVANCED_FACE('',(#3373),#959,.F.);
#3373 = FACE_BOUND('',#3374,.F.);
#3374 = EDGE_LOOP('',(#3375,#3376,#3377,#3400));
#3375 = ORIENTED_EDGE('',*,*,#3227,.F.);
#3376 = ORIENTED_EDGE('',*,*,#944,.F.);
#3377 = ORIENTED_EDGE('',*,*,#3378,.T.);
#3378 = EDGE_CURVE('',#919,#3379,#3381,.T.);
#3379 = VERTEX_POINT('',#3380);
#3380 = CARTESIAN_POINT('',(16.,14.55,-10.5));
#3381 = SURFACE_CURVE('',#3382,(#3386,#3393),.PCURVE_S1.);
#3382 = LINE('',#3383,#3384);
#3383 = CARTESIAN_POINT('',(16.,-14.55,-10.5));
#3384 = VECTOR('',#3385,1.);
#3385 = DIRECTION('',(0.,1.,0.));
#3386 = PCURVE('',#959,#3387);
#3387 = DEFINITIONAL_REPRESENTATION('',(#3388),#3392);
#3388 = LINE('',#3389,#3390);
#3389 = CARTESIAN_POINT('',(8.,0.));
#3390 = VECTOR('',#3391,1.);
#3391 = DIRECTION('',(0.,1.));
#3392 = ( GEOMETRIC_REPRESENTATION_CONTEXT(2) 
PARAMETRIC_REPRESENTATION_CONTEXT() REPRESENTATION_CONTEXT('2D SPACE',''
  ) );
#3393 = PCURVE('',#933,#3394);
#3394 = DEFINITIONAL_REPRESENTATION('',(#3395),#3399);
#3395 = LINE('',#3396,#3397);
#3396 = CARTESIAN_POINT('',(0.,0.));
#3397 = VECTOR('',#3398,1.);
#3398 = DIRECTION('',(0.,-1.));
#3399 = ( GEOMETRIC_REPRESENTATION_CONTEXT(2) 
PARAMETRIC_REPRESENTATION_CONTEXT() REPRESENTATION_CONTEXT('2D SPACE',''
  ) );
#3400 = ORIENTED_EDGE('',*,*,#3401,.F.);
#3401 = EDGE_CURVE('',#3228,#3379,#3402,.T.);
#3402 = SURFACE_CURVE('',#3403,(#3407,#3414),.PCURVE_S1.);
#3403 = LINE('',#3404,#3405);
#3404 = CARTESIAN_POINT('',(8.,14.55,-10.5));
#3405 = VECTOR('',#3406,1.);
#3406 = DIRECTION('',(1.,0.,0.));
#3407 = PCURVE('',#959,#3408);
#3408 = DEFINITIONAL_REPRESENTATION('',(#3409),#3413);
#3409 = LINE('',#3410,#3411);
#3410 = CARTESIAN_POINT('',(0.,29.1));
#3411 = VECTOR('',#3412,1.);
#3412 = DIRECTION('',(1.,0.));
#3413 = ( GEOMETRIC_REPRESENTATION_CONTEXT(2) 
PARAMETRIC_REPRESENTATION_CONTEXT() REPRESENTATION_CONTEXT('2D SPACE',''
  ) );
#3414 = PCURVE('',#3266,#3415);
#3415 = DEFINITIONAL_REPRESENTATION('',(#3416),#3420);
#3416 = LINE('',#3417,#3418);
#3417 = CARTESIAN_POINT('',(0.,0.));
#3418 = VECTOR('',#3419,1.);
#3419 = DIRECTION('',(0.,1.));
#3420 = ( GEOMETRIC_REPRESENTATION_CONTEXT(2) 
PARAMETRIC_REPRESENTATION_CONTEXT() REPRESENTATION_CONTEXT('2D SPACE',''
  ) );
#3421 = ADVANCED_FACE('',(#3422),#627,.T.);
#3422 = FACE_BOUND('',#3423,.T.);
#3423 = EDGE_LOOP('',(#3424,#3447,#3448,#3449));
#3424 = ORIENTED_EDGE('',*,*,#3425,.F.);
#3425 = EDGE_CURVE('',#3331,#3426,#3428,.T.);
#3426 = VERTEX_POINT('',#3427);
#3427 = CARTESIAN_POINT('',(-0.6,10.25,4.5));
#3428 = SURFACE_CURVE('',#3429,(#3433,#3440),.PCURVE_S1.);
#3429 = LINE('',#3430,#3431);
#3430 = CARTESIAN_POINT('',(-14.3,10.25,4.5));
#3431 = VECTOR('',#3432,1.);
#3432 = DIRECTION('',(1.,0.,0.));
#3433 = PCURVE('',#627,#3434);
#3434 = DEFINITIONAL_REPRESENTATION('',(#3435),#3439);
#3435 = LINE('',#3436,#3437);
#3436 = CARTESIAN_POINT('',(0.,20.5));
#3437 = VECTOR('',#3438,1.);
#3438 = DIRECTION('',(1.,0.));
#3439 = ( GEOMETRIC_REPRESENTATION_CONTEXT(2) 
PARAMETRIC_REPRESENTATION_CONTEXT() REPRESENTATION_CONTEXT('2D SPACE',''
  ) );
#3440 = PCURVE('',#2831,#3441);
#3441 = DEFINITIONAL_REPRESENTATION('',(#3442),#3446);
#3442 = LINE('',#3443,#3444);
#3443 = CARTESIAN_POINT('',(-26.99,0.));
#3444 = VECTOR('',#3445,1.);
#3445 = DIRECTION('',(0.,1.));
#3446 = ( GEOMETRIC_REPRESENTATION_CONTEXT(2) 
PARAMETRIC_REPRESENTATION_CONTEXT() REPRESENTATION_CONTEXT('2D SPACE',''
  ) );
#3447 = ORIENTED_EDGE('',*,*,#3330,.T.);
#3448 = ORIENTED_EDGE('',*,*,#612,.F.);
#3449 = ORIENTED_EDGE('',*,*,#3450,.F.);
#3450 = EDGE_CURVE('',#3426,#613,#3451,.T.);
#3451 = SURFACE_CURVE('',#3452,(#3456,#3462),.PCURVE_S1.);
#3452 = LINE('',#3453,#3454);
#3453 = CARTESIAN_POINT('',(-0.6,-10.25,4.5));
#3454 = VECTOR('',#3455,1.);
#3455 = DIRECTION('',(0.,-1.,0.));
#3456 = PCURVE('',#627,#3457);
#3457 = DEFINITIONAL_REPRESENTATION('',(#3458),#3461);
#3458 = B_SPLINE_CURVE_WITH_KNOTS('',1,(#3459,#3460),.UNSPECIFIED.,.F.,
  .F.,(2,2),(-20.5,0.),.PIECEWISE_BEZIER_KNOTS.);
#3459 = CARTESIAN_POINT('',(13.7,20.5));
#3460 = CARTESIAN_POINT('',(13.7,0.));
#3461 = ( GEOMETRIC_REPRESENTATION_CONTEXT(2) 
PARAMETRIC_REPRESENTATION_CONTEXT() REPRESENTATION_CONTEXT('2D SPACE',''
  ) );
#3462 = PCURVE('',#653,#3463);
#3463 = DEFINITIONAL_REPRESENTATION('',(#3464),#3467);
#3464 = B_SPLINE_CURVE_WITH_KNOTS('',1,(#3465,#3466),.UNSPECIFIED.,.F.,
  .F.,(2,2),(-20.5,0.),.PIECEWISE_BEZIER_KNOTS.);
#3465 = CARTESIAN_POINT('',(1.414213562373E-02,-20.5));
#3466 = CARTESIAN_POINT('',(1.414213562373E-02,0.));
#3467 = ( GEOMETRIC_REPRESENTATION_CONTEXT(2) 
PARAMETRIC_REPRESENTATION_CONTEXT() REPRESENTATION_CONTEXT('2D SPACE',''
  ) );
#3468 = ADVANCED_FACE('',(#3469),#933,.T.);
#3469 = FACE_BOUND('',#3470,.T.);
#3470 = EDGE_LOOP('',(#3471,#3472,#3473,#3496,#3519,#3540));
#3471 = ORIENTED_EDGE('',*,*,#918,.F.);
#3472 = ORIENTED_EDGE('',*,*,#3378,.T.);
#3473 = ORIENTED_EDGE('',*,*,#3474,.T.);
#3474 = EDGE_CURVE('',#3379,#3475,#3477,.T.);
#3475 = VERTEX_POINT('',#3476);
#3476 = CARTESIAN_POINT('',(16.,14.55,-4.29));
#3477 = SURFACE_CURVE('',#3478,(#3482,#3489),.PCURVE_S1.);
#3478 = LINE('',#3479,#3480);
#3479 = CARTESIAN_POINT('',(16.,14.55,-10.5));
#3480 = VECTOR('',#3481,1.);
#3481 = DIRECTION('',(0.,0.,1.));
#3482 = PCURVE('',#933,#3483);
#3483 = DEFINITIONAL_REPRESENTATION('',(#3484),#3488);
#3484 = LINE('',#3485,#3486);
#3485 = CARTESIAN_POINT('',(0.,-29.1));
#3486 = VECTOR('',#3487,1.);
#3487 = DIRECTION('',(1.,0.));
#3488 = ( GEOMETRIC_REPRESENTATION_CONTEXT(2) 
PARAMETRIC_REPRESENTATION_CONTEXT() REPRESENTATION_CONTEXT('2D SPACE',''
  ) );
#3489 = PCURVE('',#3266,#3490);
#3490 = DEFINITIONAL_REPRESENTATION('',(#3491),#3495);
#3491 = LINE('',#3492,#3493);
#3492 = CARTESIAN_POINT('',(0.,8.));
#3493 = VECTOR('',#3494,1.);
#3494 = DIRECTION('',(1.,0.));
#3495 = ( GEOMETRIC_REPRESENTATION_CONTEXT(2) 
PARAMETRIC_REPRESENTATION_CONTEXT() REPRESENTATION_CONTEXT('2D SPACE',''
  ) );
#3496 = ORIENTED_EDGE('',*,*,#3497,.F.);
#3497 = EDGE_CURVE('',#3498,#3475,#3500,.T.);
#3498 = VERTEX_POINT('',#3499);
#3499 = CARTESIAN_POINT('',(16.,14.06,-4.29));
#3500 = SURFACE_CURVE('',#3501,(#3505,#3512),.PCURVE_S1.);
#3501 = LINE('',#3502,#3503);
#3502 = CARTESIAN_POINT('',(16.,-14.55,-4.29));
#3503 = VECTOR('',#3504,1.);
#3504 = DIRECTION('',(0.,1.,0.));
#3505 = PCURVE('',#933,#3506);
#3506 = DEFINITIONAL_REPRESENTATION('',(#3507),#3511);
#3507 = LINE('',#3508,#3509);
#3508 = CARTESIAN_POINT('',(6.21,0.));
#3509 = VECTOR('',#3510,1.);
#3510 = DIRECTION('',(0.,-1.));
#3511 = ( GEOMETRIC_REPRESENTATION_CONTEXT(2) 
PARAMETRIC_REPRESENTATION_CONTEXT() REPRESENTATION_CONTEXT('2D SPACE',''
  ) );
#3512 = PCURVE('',#3294,#3513);
#3513 = DEFINITIONAL_REPRESENTATION('',(#3514),#3518);
#3514 = LINE('',#3515,#3516);
#3515 = CARTESIAN_POINT('',(8.,0.));
#3516 = VECTOR('',#3517,1.);
#3517 = DIRECTION('',(0.,1.));
#3518 = ( GEOMETRIC_REPRESENTATION_CONTEXT(2) 
PARAMETRIC_REPRESENTATION_CONTEXT() REPRESENTATION_CONTEXT('2D SPACE',''
  ) );
#3519 = ORIENTED_EDGE('',*,*,#3520,.T.);
#3520 = EDGE_CURVE('',#3498,#3521,#3523,.T.);
#3521 = VERTEX_POINT('',#3522);
#3522 = CARTESIAN_POINT('',(16.,14.05,-4.3));
#3523 = SURFACE_CURVE('',#3524,(#3528,#3534),.PCURVE_S1.);
#3524 = LINE('',#3525,#3526);
#3525 = CARTESIAN_POINT('',(16.,5.475,-12.875));
#3526 = VECTOR('',#3527,1.);
#3527 = DIRECTION('',(0.,-0.707106781187,-0.707106781187));
#3528 = PCURVE('',#933,#3529);
#3529 = DEFINITIONAL_REPRESENTATION('',(#3530),#3533);
#3530 = B_SPLINE_CURVE_WITH_KNOTS('',1,(#3531,#3532),.UNSPECIFIED.,.F.,
  .F.,(2,2),(-12.14102343297,-12.12688129734),.PIECEWISE_BEZIER_KNOTS.);
#3531 = CARTESIAN_POINT('',(6.21,-28.61));
#3532 = CARTESIAN_POINT('',(6.2,-28.6));
#3533 = ( GEOMETRIC_REPRESENTATION_CONTEXT(2) 
PARAMETRIC_REPRESENTATION_CONTEXT() REPRESENTATION_CONTEXT('2D SPACE',''
  ) );
#3534 = PCURVE('',#3027,#3535);
#3535 = DEFINITIONAL_REPRESENTATION('',(#3536),#3539);
#3536 = B_SPLINE_CURVE_WITH_KNOTS('',1,(#3537,#3538),.UNSPECIFIED.,.F.,
  .F.,(2,2),(-12.14102343297,-12.12688129734),.PIECEWISE_BEZIER_KNOTS.);
#3537 = CARTESIAN_POINT('',(-16.,0.33941125497));
#3538 = CARTESIAN_POINT('',(-16.,0.353553390593));
#3539 = ( GEOMETRIC_REPRESENTATION_CONTEXT(2) 
PARAMETRIC_REPRESENTATION_CONTEXT() REPRESENTATION_CONTEXT('2D SPACE',''
  ) );
#3540 = ORIENTED_EDGE('',*,*,#3541,.F.);
#3541 = EDGE_CURVE('',#893,#3521,#3542,.T.);
#3542 = SURFACE_CURVE('',#3543,(#3547,#3553),.PCURVE_S1.);
#3543 = LINE('',#3544,#3545);
#3544 = CARTESIAN_POINT('',(16.,-14.55,-4.3));
#3545 = VECTOR('',#3546,1.);
#3546 = DIRECTION('',(0.,1.,0.));
#3547 = PCURVE('',#933,#3548);
#3548 = DEFINITIONAL_REPRESENTATION('',(#3549),#3552);
#3549 = B_SPLINE_CURVE_WITH_KNOTS('',1,(#3550,#3551),.UNSPECIFIED.,.F.,
  .F.,(2,2),(0.5,28.6),.PIECEWISE_BEZIER_KNOTS.);
#3550 = CARTESIAN_POINT('',(6.2,-0.5));
#3551 = CARTESIAN_POINT('',(6.2,-28.6));
#3552 = ( GEOMETRIC_REPRESENTATION_CONTEXT(2) 
PARAMETRIC_REPRESENTATION_CONTEXT() REPRESENTATION_CONTEXT('2D SPACE',''
  ) );
#3553 = PCURVE('',#907,#3554);
#3554 = DEFINITIONAL_REPRESENTATION('',(#3555),#3558);
#3555 = B_SPLINE_CURVE_WITH_KNOTS('',1,(#3556,#3557),.UNSPECIFIED.,.F.,
  .F.,(2,2),(0.5,28.6),.PIECEWISE_BEZIER_KNOTS.);
#3556 = CARTESIAN_POINT('',(16.,0.5));
#3557 = CARTESIAN_POINT('',(16.,28.6));
#3558 = ( GEOMETRIC_REPRESENTATION_CONTEXT(2) 
PARAMETRIC_REPRESENTATION_CONTEXT() REPRESENTATION_CONTEXT('2D SPACE',''
  ) );
#3559 = ADVANCED_FACE('',(#3560),#653,.F.);
#3560 = FACE_BOUND('',#3561,.F.);
#3561 = EDGE_LOOP('',(#3562,#3563,#3564,#3587));
#3562 = ORIENTED_EDGE('',*,*,#638,.F.);
#3563 = ORIENTED_EDGE('',*,*,#3450,.F.);
#3564 = ORIENTED_EDGE('',*,*,#3565,.T.);
#3565 = EDGE_CURVE('',#3426,#3566,#3568,.T.);
#3566 = VERTEX_POINT('',#3567);
#3567 = CARTESIAN_POINT('',(0.,10.25,3.9));
#3568 = SURFACE_CURVE('',#3569,(#3573,#3580),.PCURVE_S1.);
#3569 = LINE('',#3570,#3571);
#3570 = CARTESIAN_POINT('',(-0.61,10.25,4.51));
#3571 = VECTOR('',#3572,1.);
#3572 = DIRECTION('',(0.707106781187,0.,-0.707106781187));
#3573 = PCURVE('',#653,#3574);
#3574 = DEFINITIONAL_REPRESENTATION('',(#3575),#3579);
#3575 = LINE('',#3576,#3577);
#3576 = CARTESIAN_POINT('',(0.,-20.5));
#3577 = VECTOR('',#3578,1.);
#3578 = DIRECTION('',(1.,0.));
#3579 = ( GEOMETRIC_REPRESENTATION_CONTEXT(2) 
PARAMETRIC_REPRESENTATION_CONTEXT() REPRESENTATION_CONTEXT('2D SPACE',''
  ) );
#3580 = PCURVE('',#2831,#3581);
#3581 = DEFINITIONAL_REPRESENTATION('',(#3582),#3586);
#3582 = LINE('',#3583,#3584);
#3583 = CARTESIAN_POINT('',(-26.98,13.69));
#3584 = VECTOR('',#3585,1.);
#3585 = DIRECTION('',(-0.707106781187,0.707106781187));
#3586 = ( GEOMETRIC_REPRESENTATION_CONTEXT(2) 
PARAMETRIC_REPRESENTATION_CONTEXT() REPRESENTATION_CONTEXT('2D SPACE',''
  ) );
#3587 = ORIENTED_EDGE('',*,*,#3588,.T.);
#3588 = EDGE_CURVE('',#3566,#639,#3589,.T.);
#3589 = SURFACE_CURVE('',#3590,(#3594,#3600),.PCURVE_S1.);
#3590 = LINE('',#3591,#3592);
#3591 = CARTESIAN_POINT('',(0.,-11.4,3.9));
#3592 = VECTOR('',#3593,1.);
#3593 = DIRECTION('',(0.,-1.,0.));
#3594 = PCURVE('',#653,#3595);
#3595 = DEFINITIONAL_REPRESENTATION('',(#3596),#3599);
#3596 = B_SPLINE_CURVE_WITH_KNOTS('',1,(#3597,#3598),.UNSPECIFIED.,.F.,
  .F.,(2,2),(-21.65,-1.15),.PIECEWISE_BEZIER_KNOTS.);
#3597 = CARTESIAN_POINT('',(0.862670273048,-20.5));
#3598 = CARTESIAN_POINT('',(0.862670273048,0.));
#3599 = ( GEOMETRIC_REPRESENTATION_CONTEXT(2) 
PARAMETRIC_REPRESENTATION_CONTEXT() REPRESENTATION_CONTEXT('2D SPACE',''
  ) );
#3600 = PCURVE('',#679,#3601);
#3601 = DEFINITIONAL_REPRESENTATION('',(#3602),#3605);
#3602 = B_SPLINE_CURVE_WITH_KNOTS('',1,(#3603,#3604),.UNSPECIFIED.,.F.,
  .F.,(2,2),(-21.65,-1.15),.PIECEWISE_BEZIER_KNOTS.);
#3603 = CARTESIAN_POINT('',(6.2,-22.8));
#3604 = CARTESIAN_POINT('',(6.2,-2.3));
#3605 = ( GEOMETRIC_REPRESENTATION_CONTEXT(2) 
PARAMETRIC_REPRESENTATION_CONTEXT() REPRESENTATION_CONTEXT('2D SPACE',''
  ) );
#3606 = ADVANCED_FACE('',(#3607),#907,.F.);
#3607 = FACE_BOUND('',#3608,.F.);
#3608 = EDGE_LOOP('',(#3609,#3610,#3611,#3634));
#3609 = ORIENTED_EDGE('',*,*,#3541,.F.);
#3610 = ORIENTED_EDGE('',*,*,#892,.F.);
#3611 = ORIENTED_EDGE('',*,*,#3612,.T.);
#3612 = EDGE_CURVE('',#867,#3613,#3615,.T.);
#3613 = VERTEX_POINT('',#3614);
#3614 = CARTESIAN_POINT('',(27.5,14.05,-4.3));
#3615 = SURFACE_CURVE('',#3616,(#3620,#3627),.PCURVE_S1.);
#3616 = LINE('',#3617,#3618);
#3617 = CARTESIAN_POINT('',(27.5,-14.55,-4.3));
#3618 = VECTOR('',#3619,1.);
#3619 = DIRECTION('',(0.,1.,0.));
#3620 = PCURVE('',#907,#3621);
#3621 = DEFINITIONAL_REPRESENTATION('',(#3622),#3626);
#3622 = LINE('',#3623,#3624);
#3623 = CARTESIAN_POINT('',(27.5,0.));
#3624 = VECTOR('',#3625,1.);
#3625 = DIRECTION('',(0.,1.));
#3626 = ( GEOMETRIC_REPRESENTATION_CONTEXT(2) 
PARAMETRIC_REPRESENTATION_CONTEXT() REPRESENTATION_CONTEXT('2D SPACE',''
  ) );
#3627 = PCURVE('',#881,#3628);
#3628 = DEFINITIONAL_REPRESENTATION('',(#3629),#3633);
#3629 = LINE('',#3630,#3631);
#3630 = CARTESIAN_POINT('',(0.,0.353553390593));
#3631 = VECTOR('',#3632,1.);
#3632 = DIRECTION('',(1.,0.));
#3633 = ( GEOMETRIC_REPRESENTATION_CONTEXT(2) 
PARAMETRIC_REPRESENTATION_CONTEXT() REPRESENTATION_CONTEXT('2D SPACE',''
  ) );
#3634 = ORIENTED_EDGE('',*,*,#3635,.F.);
#3635 = EDGE_CURVE('',#3521,#3613,#3636,.T.);
#3636 = SURFACE_CURVE('',#3637,(#3641,#3648),.PCURVE_S1.);
#3637 = LINE('',#3638,#3639);
#3638 = CARTESIAN_POINT('',(0.,14.05,-4.3));
#3639 = VECTOR('',#3640,1.);
#3640 = DIRECTION('',(1.,0.,0.));
#3641 = PCURVE('',#907,#3642);
#3642 = DEFINITIONAL_REPRESENTATION('',(#3643),#3647);
#3643 = LINE('',#3644,#3645);
#3644 = CARTESIAN_POINT('',(0.,28.6));
#3645 = VECTOR('',#3646,1.);
#3646 = DIRECTION('',(1.,0.));
#3647 = ( GEOMETRIC_REPRESENTATION_CONTEXT(2) 
PARAMETRIC_REPRESENTATION_CONTEXT() REPRESENTATION_CONTEXT('2D SPACE',''
  ) );
#3648 = PCURVE('',#3027,#3649);
#3649 = DEFINITIONAL_REPRESENTATION('',(#3650),#3654);
#3650 = LINE('',#3651,#3652);
#3651 = CARTESIAN_POINT('',(-0.,0.353553390593));
#3652 = VECTOR('',#3653,1.);
#3653 = DIRECTION('',(-1.,0.));
#3654 = ( GEOMETRIC_REPRESENTATION_CONTEXT(2) 
PARAMETRIC_REPRESENTATION_CONTEXT() REPRESENTATION_CONTEXT('2D SPACE',''
  ) );
#3655 = ADVANCED_FACE('',(#3656),#679,.T.);
#3656 = FACE_BOUND('',#3657,.T.);
#3657 = EDGE_LOOP('',(#3658,#3659,#3682,#3708,#3709,#3730,#3756,#3775));
#3658 = ORIENTED_EDGE('',*,*,#664,.F.);
#3659 = ORIENTED_EDGE('',*,*,#3660,.T.);
#3660 = EDGE_CURVE('',#665,#3661,#3663,.T.);
#3661 = VERTEX_POINT('',#3662);
#3662 = CARTESIAN_POINT('',(0.,12.55,-2.3));
#3663 = SURFACE_CURVE('',#3664,(#3668,#3675),.PCURVE_S1.);
#3664 = LINE('',#3665,#3666);
#3665 = CARTESIAN_POINT('',(0.,-12.55,-2.3));
#3666 = VECTOR('',#3667,1.);
#3667 = DIRECTION('',(0.,1.,0.));
#3668 = PCURVE('',#679,#3669);
#3669 = DEFINITIONAL_REPRESENTATION('',(#3670),#3674);
#3670 = LINE('',#3671,#3672);
#3671 = CARTESIAN_POINT('',(0.,0.));
#3672 = VECTOR('',#3673,1.);
#3673 = DIRECTION('',(0.,-1.));
#3674 = ( GEOMETRIC_REPRESENTATION_CONTEXT(2) 
PARAMETRIC_REPRESENTATION_CONTEXT() REPRESENTATION_CONTEXT('2D SPACE',''
  ) );
#3675 = PCURVE('',#705,#3676);
#3676 = DEFINITIONAL_REPRESENTATION('',(#3677),#3681);
#3677 = LINE('',#3678,#3679);
#3678 = CARTESIAN_POINT('',(0.,0.));
#3679 = VECTOR('',#3680,1.);
#3680 = DIRECTION('',(0.,1.));
#3681 = ( GEOMETRIC_REPRESENTATION_CONTEXT(2) 
PARAMETRIC_REPRESENTATION_CONTEXT() REPRESENTATION_CONTEXT('2D SPACE',''
  ) );
#3682 = ORIENTED_EDGE('',*,*,#3683,.T.);
#3683 = EDGE_CURVE('',#3661,#2186,#3684,.T.);
#3684 = SURFACE_CURVE('',#3685,(#3689,#3696),.PCURVE_S1.);
#3685 = LINE('',#3686,#3687);
#3686 = CARTESIAN_POINT('',(0.,12.55,-2.3));
#3687 = VECTOR('',#3688,1.);
#3688 = DIRECTION('',(0.,0.,1.));
#3689 = PCURVE('',#679,#3690);
#3690 = DEFINITIONAL_REPRESENTATION('',(#3691),#3695);
#3691 = LINE('',#3692,#3693);
#3692 = CARTESIAN_POINT('',(0.,-25.1));
#3693 = VECTOR('',#3694,1.);
#3694 = DIRECTION('',(1.,0.));
#3695 = ( GEOMETRIC_REPRESENTATION_CONTEXT(2) 
PARAMETRIC_REPRESENTATION_CONTEXT() REPRESENTATION_CONTEXT('2D SPACE',''
  ) );
#3696 = PCURVE('',#3697,#3702);
#3697 = PLANE('',#3698);
#3698 = AXIS2_PLACEMENT_3D('',#3699,#3700,#3701);
#3699 = CARTESIAN_POINT('',(0.,12.55,-2.3));
#3700 = DIRECTION('',(0.,1.,0.));
#3701 = DIRECTION('',(0.,0.,1.));
#3702 = DEFINITIONAL_REPRESENTATION('',(#3703),#3707);
#3703 = LINE('',#3704,#3705);
#3704 = CARTESIAN_POINT('',(0.,0.));
#3705 = VECTOR('',#3706,1.);
#3706 = DIRECTION('',(1.,0.));
#3707 = ( GEOMETRIC_REPRESENTATION_CONTEXT(2) 
PARAMETRIC_REPRESENTATION_CONTEXT() REPRESENTATION_CONTEXT('2D SPACE',''
  ) );
#3708 = ORIENTED_EDGE('',*,*,#2185,.F.);
#3709 = ORIENTED_EDGE('',*,*,#3710,.F.);
#3710 = EDGE_CURVE('',#3711,#2158,#3713,.T.);
#3711 = VERTEX_POINT('',#3712);
#3712 = CARTESIAN_POINT('',(0.,0.,31.5));
#3713 = SURFACE_CURVE('',#3714,(#3718,#3724),.PCURVE_S1.);
#3714 = LINE('',#3715,#3716);
#3715 = CARTESIAN_POINT('',(0.,0.,-13.65));
#3716 = VECTOR('',#3717,1.);
#3717 = DIRECTION('',(0.,0.,1.));
#3718 = PCURVE('',#679,#3719);
#3719 = DEFINITIONAL_REPRESENTATION('',(#3720),#3723);
#3720 = B_SPLINE_CURVE_WITH_KNOTS('',1,(#3721,#3722),.UNSPECIFIED.,.F.,
  .F.,(2,2),(11.35,47.15),.PIECEWISE_BEZIER_KNOTS.);
#3721 = CARTESIAN_POINT('',(0.,-12.55));
#3722 = CARTESIAN_POINT('',(35.8,-12.55));
#3723 = ( GEOMETRIC_REPRESENTATION_CONTEXT(2) 
PARAMETRIC_REPRESENTATION_CONTEXT() REPRESENTATION_CONTEXT('2D SPACE',''
  ) );
#3724 = PCURVE('',#2174,#3725);
#3725 = DEFINITIONAL_REPRESENTATION('',(#3726),#3729);
#3726 = B_SPLINE_CURVE_WITH_KNOTS('',1,(#3727,#3728),.UNSPECIFIED.,.F.,
  .F.,(2,2),(11.35,47.15),.PIECEWISE_BEZIER_KNOTS.);
#3727 = CARTESIAN_POINT('',(22.7,58.));
#3728 = CARTESIAN_POINT('',(58.5,58.));
#3729 = ( GEOMETRIC_REPRESENTATION_CONTEXT(2) 
PARAMETRIC_REPRESENTATION_CONTEXT() REPRESENTATION_CONTEXT('2D SPACE',''
  ) );
#3730 = ORIENTED_EDGE('',*,*,#3731,.T.);
#3731 = EDGE_CURVE('',#3711,#3732,#3734,.T.);
#3732 = VERTEX_POINT('',#3733);
#3733 = CARTESIAN_POINT('',(0.,10.25,31.5));
#3734 = SURFACE_CURVE('',#3735,(#3739,#3745),.PCURVE_S1.);
#3735 = LINE('',#3736,#3737);
#3736 = CARTESIAN_POINT('',(0.,-11.4,31.5));
#3737 = VECTOR('',#3738,1.);
#3738 = DIRECTION('',(0.,1.,0.));
#3739 = PCURVE('',#679,#3740);
#3740 = DEFINITIONAL_REPRESENTATION('',(#3741),#3744);
#3741 = B_SPLINE_CURVE_WITH_KNOTS('',1,(#3742,#3743),.UNSPECIFIED.,.F.,
  .F.,(2,2),(1.15,21.65),.PIECEWISE_BEZIER_KNOTS.);
#3742 = CARTESIAN_POINT('',(33.8,-2.3));
#3743 = CARTESIAN_POINT('',(33.8,-22.8));
#3744 = ( GEOMETRIC_REPRESENTATION_CONTEXT(2) 
PARAMETRIC_REPRESENTATION_CONTEXT() REPRESENTATION_CONTEXT('2D SPACE',''
  ) );
#3745 = PCURVE('',#3746,#3751);
#3746 = PLANE('',#3747);
#3747 = AXIS2_PLACEMENT_3D('',#3748,#3749,#3750);
#3748 = CARTESIAN_POINT('',(-14.3,-10.25,31.5));
#3749 = DIRECTION('',(0.,0.,1.));
#3750 = DIRECTION('',(1.,0.,0.));
#3751 = DEFINITIONAL_REPRESENTATION('',(#3752),#3755);
#3752 = B_SPLINE_CURVE_WITH_KNOTS('',1,(#3753,#3754),.UNSPECIFIED.,.F.,
  .F.,(2,2),(1.15,21.65),.PIECEWISE_BEZIER_KNOTS.);
#3753 = CARTESIAN_POINT('',(14.3,0.));
#3754 = CARTESIAN_POINT('',(14.3,20.5));
#3755 = ( GEOMETRIC_REPRESENTATION_CONTEXT(2) 
PARAMETRIC_REPRESENTATION_CONTEXT() REPRESENTATION_CONTEXT('2D SPACE',''
  ) );
#3756 = ORIENTED_EDGE('',*,*,#3757,.T.);
#3757 = EDGE_CURVE('',#3732,#3566,#3758,.T.);
#3758 = SURFACE_CURVE('',#3759,(#3763,#3769),.PCURVE_S1.);
#3759 = LINE('',#3760,#3761);
#3760 = CARTESIAN_POINT('',(0.,10.25,14.595));
#3761 = VECTOR('',#3762,1.);
#3762 = DIRECTION('',(0.,0.,-1.));
#3763 = PCURVE('',#679,#3764);
#3764 = DEFINITIONAL_REPRESENTATION('',(#3765),#3768);
#3765 = B_SPLINE_CURVE_WITH_KNOTS('',1,(#3766,#3767),.UNSPECIFIED.,.F.,
  .F.,(2,2),(-18.605,16.895),.PIECEWISE_BEZIER_KNOTS.);
#3766 = CARTESIAN_POINT('',(35.5,-22.8));
#3767 = CARTESIAN_POINT('',(0.,-22.8));
#3768 = ( GEOMETRIC_REPRESENTATION_CONTEXT(2) 
PARAMETRIC_REPRESENTATION_CONTEXT() REPRESENTATION_CONTEXT('2D SPACE',''
  ) );
#3769 = PCURVE('',#2831,#3770);
#3770 = DEFINITIONAL_REPRESENTATION('',(#3771),#3774);
#3771 = B_SPLINE_CURVE_WITH_KNOTS('',1,(#3772,#3773),.UNSPECIFIED.,.F.,
  .F.,(2,2),(-18.605,16.895),.PIECEWISE_BEZIER_KNOTS.);
#3772 = CARTESIAN_POINT('',(1.71,14.3));
#3773 = CARTESIAN_POINT('',(-33.79,14.3));
#3774 = ( GEOMETRIC_REPRESENTATION_CONTEXT(2) 
PARAMETRIC_REPRESENTATION_CONTEXT() REPRESENTATION_CONTEXT('2D SPACE',''
  ) );
#3775 = ORIENTED_EDGE('',*,*,#3588,.T.);
#3776 = ADVANCED_FACE('',(#3777),#881,.F.);
#3777 = FACE_BOUND('',#3778,.F.);
#3778 = EDGE_LOOP('',(#3779,#3780,#3781,#3804));
#3779 = ORIENTED_EDGE('',*,*,#3612,.F.);
#3780 = ORIENTED_EDGE('',*,*,#866,.F.);
#3781 = ORIENTED_EDGE('',*,*,#3782,.T.);
#3782 = EDGE_CURVE('',#841,#3783,#3785,.T.);
#3783 = VERTEX_POINT('',#3784);
#3784 = CARTESIAN_POINT('',(28.,14.05,-3.8));
#3785 = SURFACE_CURVE('',#3786,(#3790,#3797),.PCURVE_S1.);
#3786 = LINE('',#3787,#3788);
#3787 = CARTESIAN_POINT('',(28.,-14.55,-3.8));
#3788 = VECTOR('',#3789,1.);
#3789 = DIRECTION('',(0.,1.,0.));
#3790 = PCURVE('',#881,#3791);
#3791 = DEFINITIONAL_REPRESENTATION('',(#3792),#3796);
#3792 = LINE('',#3793,#3794);
#3793 = CARTESIAN_POINT('',(0.,-0.353553390593));
#3794 = VECTOR('',#3795,1.);
#3795 = DIRECTION('',(1.,0.));
#3796 = ( GEOMETRIC_REPRESENTATION_CONTEXT(2) 
PARAMETRIC_REPRESENTATION_CONTEXT() REPRESENTATION_CONTEXT('2D SPACE',''
  ) );
#3797 = PCURVE('',#855,#3798);
#3798 = DEFINITIONAL_REPRESENTATION('',(#3799),#3803);
#3799 = LINE('',#3800,#3801);
#3800 = CARTESIAN_POINT('',(0.5,0.));
#3801 = VECTOR('',#3802,1.);
#3802 = DIRECTION('',(0.,-1.));
#3803 = ( GEOMETRIC_REPRESENTATION_CONTEXT(2) 
PARAMETRIC_REPRESENTATION_CONTEXT() REPRESENTATION_CONTEXT('2D SPACE',''
  ) );
#3804 = ORIENTED_EDGE('',*,*,#3805,.T.);
#3805 = EDGE_CURVE('',#3783,#3613,#3806,.T.);
#3806 = SURFACE_CURVE('',#3807,(#3811,#3818),.PCURVE_S1.);
#3807 = LINE('',#3808,#3809);
#3808 = CARTESIAN_POINT('',(27.875,14.05,-3.925));
#3809 = VECTOR('',#3810,1.);
#3810 = DIRECTION('',(-0.707106781187,-4.518962313001E-15,
    -0.707106781187));
#3811 = PCURVE('',#881,#3812);
#3812 = DEFINITIONAL_REPRESENTATION('',(#3813),#3817);
#3813 = LINE('',#3814,#3815);
#3814 = CARTESIAN_POINT('',(28.6,-0.176776695297));
#3815 = VECTOR('',#3816,1.);
#3816 = DIRECTION('',(-4.518962313001E-15,1.));
#3817 = ( GEOMETRIC_REPRESENTATION_CONTEXT(2) 
PARAMETRIC_REPRESENTATION_CONTEXT() REPRESENTATION_CONTEXT('2D SPACE',''
  ) );
#3818 = PCURVE('',#3819,#3824);
#3819 = PLANE('',#3820);
#3820 = AXIS2_PLACEMENT_3D('',#3821,#3822,#3823);
#3821 = CARTESIAN_POINT('',(28.,14.05,-3.8));
#3822 = DIRECTION('',(0.57735026919,0.57735026919,-0.57735026919));
#3823 = DIRECTION('',(-5.051514762044E-15,-0.707106781187,
    -0.707106781187));
#3824 = DEFINITIONAL_REPRESENTATION('',(#3825),#3829);
#3825 = LINE('',#3826,#3827);
#3826 = CARTESIAN_POINT('',(8.838834764836E-02,0.153093108924));
#3827 = VECTOR('',#3828,1.);
#3828 = DIRECTION('',(0.5,0.866025403784));
#3829 = ( GEOMETRIC_REPRESENTATION_CONTEXT(2) 
PARAMETRIC_REPRESENTATION_CONTEXT() REPRESENTATION_CONTEXT('2D SPACE',''
  ) );
#3830 = ADVANCED_FACE('',(#3831),#705,.T.);
#3831 = FACE_BOUND('',#3832,.T.);
#3832 = EDGE_LOOP('',(#3833,#3856,#3857,#3858,#3879,#3905,#3924,#3925));
#3833 = ORIENTED_EDGE('',*,*,#3834,.F.);
#3834 = EDGE_CURVE('',#3661,#3835,#3837,.T.);
#3835 = VERTEX_POINT('',#3836);
#3836 = CARTESIAN_POINT('',(27.5,12.55,-2.3));
#3837 = SURFACE_CURVE('',#3838,(#3842,#3849),.PCURVE_S1.);
#3838 = LINE('',#3839,#3840);
#3839 = CARTESIAN_POINT('',(0.,12.55,-2.3));
#3840 = VECTOR('',#3841,1.);
#3841 = DIRECTION('',(1.,0.,0.));
#3842 = PCURVE('',#705,#3843);
#3843 = DEFINITIONAL_REPRESENTATION('',(#3844),#3848);
#3844 = LINE('',#3845,#3846);
#3845 = CARTESIAN_POINT('',(0.,25.1));
#3846 = VECTOR('',#3847,1.);
#3847 = DIRECTION('',(1.,0.));
#3848 = ( GEOMETRIC_REPRESENTATION_CONTEXT(2) 
PARAMETRIC_REPRESENTATION_CONTEXT() REPRESENTATION_CONTEXT('2D SPACE',''
  ) );
#3849 = PCURVE('',#3697,#3850);
#3850 = DEFINITIONAL_REPRESENTATION('',(#3851),#3855);
#3851 = LINE('',#3852,#3853);
#3852 = CARTESIAN_POINT('',(0.,0.));
#3853 = VECTOR('',#3854,1.);
#3854 = DIRECTION('',(0.,1.));
#3855 = ( GEOMETRIC_REPRESENTATION_CONTEXT(2) 
PARAMETRIC_REPRESENTATION_CONTEXT() REPRESENTATION_CONTEXT('2D SPACE',''
  ) );
#3856 = ORIENTED_EDGE('',*,*,#3660,.F.);
#3857 = ORIENTED_EDGE('',*,*,#690,.F.);
#3858 = ORIENTED_EDGE('',*,*,#3859,.T.);
#3859 = EDGE_CURVE('',#691,#3860,#3862,.T.);
#3860 = VERTEX_POINT('',#3861);
#3861 = CARTESIAN_POINT('',(3.,8.2,-2.3));
#3862 = SURFACE_CURVE('',#3863,(#3867,#3873),.PCURVE_S1.);
#3863 = LINE('',#3864,#3865);
#3864 = CARTESIAN_POINT('',(3.,-10.375,-2.3));
#3865 = VECTOR('',#3866,1.);
#3866 = DIRECTION('',(0.,1.,0.));
#3867 = PCURVE('',#705,#3868);
#3868 = DEFINITIONAL_REPRESENTATION('',(#3869),#3872);
#3869 = B_SPLINE_CURVE_WITH_KNOTS('',1,(#3870,#3871),.UNSPECIFIED.,.F.,
  .F.,(2,2),(2.175,18.575),.PIECEWISE_BEZIER_KNOTS.);
#3870 = CARTESIAN_POINT('',(3.,4.35));
#3871 = CARTESIAN_POINT('',(3.,20.75));
#3872 = ( GEOMETRIC_REPRESENTATION_CONTEXT(2) 
PARAMETRIC_REPRESENTATION_CONTEXT() REPRESENTATION_CONTEXT('2D SPACE',''
  ) );
#3873 = PCURVE('',#731,#3874);
#3874 = DEFINITIONAL_REPRESENTATION('',(#3875),#3878);
#3875 = B_SPLINE_CURVE_WITH_KNOTS('',1,(#3876,#3877),.UNSPECIFIED.,.F.,
  .F.,(2,2),(2.175,18.575),.PIECEWISE_BEZIER_KNOTS.);
#3876 = CARTESIAN_POINT('',(0.5,0.));
#3877 = CARTESIAN_POINT('',(0.5,-16.4));
#3878 = ( GEOMETRIC_REPRESENTATION_CONTEXT(2) 
PARAMETRIC_REPRESENTATION_CONTEXT() REPRESENTATION_CONTEXT('2D SPACE',''
  ) );
#3879 = ORIENTED_EDGE('',*,*,#3880,.F.);
#3880 = EDGE_CURVE('',#3881,#3860,#3883,.T.);
#3881 = VERTEX_POINT('',#3882);
#3882 = CARTESIAN_POINT('',(7.,8.2,-2.3));
#3883 = SURFACE_CURVE('',#3884,(#3888,#3894),.PCURVE_S1.);
#3884 = LINE('',#3885,#3886);
#3885 = CARTESIAN_POINT('',(1.5,8.2,-2.3));
#3886 = VECTOR('',#3887,1.);
#3887 = DIRECTION('',(-1.,0.,0.));
#3888 = PCURVE('',#705,#3889);
#3889 = DEFINITIONAL_REPRESENTATION('',(#3890),#3893);
#3890 = B_SPLINE_CURVE_WITH_KNOTS('',1,(#3891,#3892),.UNSPECIFIED.,.F.,
  .F.,(2,2),(-5.5,-1.5),.PIECEWISE_BEZIER_KNOTS.);
#3891 = CARTESIAN_POINT('',(7.,20.75));
#3892 = CARTESIAN_POINT('',(3.,20.75));
#3893 = ( GEOMETRIC_REPRESENTATION_CONTEXT(2) 
PARAMETRIC_REPRESENTATION_CONTEXT() REPRESENTATION_CONTEXT('2D SPACE',''
  ) );
#3894 = PCURVE('',#3895,#3900);
#3895 = PLANE('',#3896);
#3896 = AXIS2_PLACEMENT_3D('',#3897,#3898,#3899);
#3897 = CARTESIAN_POINT('',(3.,8.2,-2.8));
#3898 = DIRECTION('',(0.,1.,0.));
#3899 = DIRECTION('',(0.,0.,1.));
#3900 = DEFINITIONAL_REPRESENTATION('',(#3901),#3904);
#3901 = B_SPLINE_CURVE_WITH_KNOTS('',1,(#3902,#3903),.UNSPECIFIED.,.F.,
  .F.,(2,2),(-5.5,-1.5),.PIECEWISE_BEZIER_KNOTS.);
#3902 = CARTESIAN_POINT('',(0.5,4.));
#3903 = CARTESIAN_POINT('',(0.5,0.));
#3904 = ( GEOMETRIC_REPRESENTATION_CONTEXT(2) 
PARAMETRIC_REPRESENTATION_CONTEXT() REPRESENTATION_CONTEXT('2D SPACE',''
  ) );
#3905 = ORIENTED_EDGE('',*,*,#3906,.F.);
#3906 = EDGE_CURVE('',#769,#3881,#3907,.T.);
#3907 = SURFACE_CURVE('',#3908,(#3912,#3918),.PCURVE_S1.);
#3908 = LINE('',#3909,#3910);
#3909 = CARTESIAN_POINT('',(7.,-10.375,-2.3));
#3910 = VECTOR('',#3911,1.);
#3911 = DIRECTION('',(0.,1.,0.));
#3912 = PCURVE('',#705,#3913);
#3913 = DEFINITIONAL_REPRESENTATION('',(#3914),#3917);
#3914 = B_SPLINE_CURVE_WITH_KNOTS('',1,(#3915,#3916),.UNSPECIFIED.,.F.,
  .F.,(2,2),(2.175,18.575),.PIECEWISE_BEZIER_KNOTS.);
#3915 = CARTESIAN_POINT('',(7.,4.35));
#3916 = CARTESIAN_POINT('',(7.,20.75));
#3917 = ( GEOMETRIC_REPRESENTATION_CONTEXT(2) 
PARAMETRIC_REPRESENTATION_CONTEXT() REPRESENTATION_CONTEXT('2D SPACE',''
  ) );
#3918 = PCURVE('',#783,#3919);
#3919 = DEFINITIONAL_REPRESENTATION('',(#3920),#3923);
#3920 = B_SPLINE_CURVE_WITH_KNOTS('',1,(#3921,#3922),.UNSPECIFIED.,.F.,
  .F.,(2,2),(2.175,18.575),.PIECEWISE_BEZIER_KNOTS.);
#3921 = CARTESIAN_POINT('',(0.5,0.));
#3922 = CARTESIAN_POINT('',(0.5,-16.4));
#3923 = ( GEOMETRIC_REPRESENTATION_CONTEXT(2) 
PARAMETRIC_REPRESENTATION_CONTEXT() REPRESENTATION_CONTEXT('2D SPACE',''
  ) );
#3924 = ORIENTED_EDGE('',*,*,#794,.F.);
#3925 = ORIENTED_EDGE('',*,*,#3926,.T.);
#3926 = EDGE_CURVE('',#795,#3835,#3927,.T.);
#3927 = SURFACE_CURVE('',#3928,(#3932,#3939),.PCURVE_S1.);
#3928 = LINE('',#3929,#3930);
#3929 = CARTESIAN_POINT('',(27.5,-12.55,-2.3));
#3930 = VECTOR('',#3931,1.);
#3931 = DIRECTION('',(0.,1.,0.));
#3932 = PCURVE('',#705,#3933);
#3933 = DEFINITIONAL_REPRESENTATION('',(#3934),#3938);
#3934 = LINE('',#3935,#3936);
#3935 = CARTESIAN_POINT('',(27.5,0.));
#3936 = VECTOR('',#3937,1.);
#3937 = DIRECTION('',(0.,1.));
#3938 = ( GEOMETRIC_REPRESENTATION_CONTEXT(2) 
PARAMETRIC_REPRESENTATION_CONTEXT() REPRESENTATION_CONTEXT('2D SPACE',''
  ) );
#3939 = PCURVE('',#829,#3940);
#3940 = DEFINITIONAL_REPRESENTATION('',(#3941),#3944);
#3941 = B_SPLINE_CURVE_WITH_KNOTS('',1,(#3942,#3943),.UNSPECIFIED.,.F.,
  .F.,(2,2),(0.,25.1),.PIECEWISE_BEZIER_KNOTS.);
#3942 = CARTESIAN_POINT('',(0.,0.));
#3943 = CARTESIAN_POINT('',(26.12,0.));
#3944 = ( GEOMETRIC_REPRESENTATION_CONTEXT(2) 
PARAMETRIC_REPRESENTATION_CONTEXT() REPRESENTATION_CONTEXT('2D SPACE',''
  ) );
#3945 = ADVANCED_FACE('',(#3946),#855,.T.);
#3946 = FACE_BOUND('',#3947,.T.);
#3947 = EDGE_LOOP('',(#3948,#3949,#3950,#3978,#4006,#4032,#4057,#4082));
#3948 = ORIENTED_EDGE('',*,*,#840,.F.);
#3949 = ORIENTED_EDGE('',*,*,#3782,.T.);
#3950 = ORIENTED_EDGE('',*,*,#3951,.T.);
#3951 = EDGE_CURVE('',#3783,#3952,#3954,.T.);
#3952 = VERTEX_POINT('',#3953);
#3953 = CARTESIAN_POINT('',(28.,14.05,35.3));
#3954 = SURFACE_CURVE('',#3955,(#3959,#3966),.PCURVE_S1.);
#3955 = LINE('',#3956,#3957);
#3956 = CARTESIAN_POINT('',(28.,14.05,-4.3));
#3957 = VECTOR('',#3958,1.);
#3958 = DIRECTION('',(0.,0.,1.));
#3959 = PCURVE('',#855,#3960);
#3960 = DEFINITIONAL_REPRESENTATION('',(#3961),#3965);
#3961 = LINE('',#3962,#3963);
#3962 = CARTESIAN_POINT('',(0.,-28.6));
#3963 = VECTOR('',#3964,1.);
#3964 = DIRECTION('',(1.,0.));
#3965 = ( GEOMETRIC_REPRESENTATION_CONTEXT(2) 
PARAMETRIC_REPRESENTATION_CONTEXT() REPRESENTATION_CONTEXT('2D SPACE',''
  ) );
#3966 = PCURVE('',#3967,#3972);
#3967 = PLANE('',#3968);
#3968 = AXIS2_PLACEMENT_3D('',#3969,#3970,#3971);
#3969 = CARTESIAN_POINT('',(27.75,14.3,-4.3));
#3970 = DIRECTION('',(0.707106781187,0.707106781187,0.));
#3971 = DIRECTION('',(-0.,0.,-1.));
#3972 = DEFINITIONAL_REPRESENTATION('',(#3973),#3977);
#3973 = LINE('',#3974,#3975);
#3974 = CARTESIAN_POINT('',(-0.,-0.353553390593));
#3975 = VECTOR('',#3976,1.);
#3976 = DIRECTION('',(-1.,0.));
#3977 = ( GEOMETRIC_REPRESENTATION_CONTEXT(2) 
PARAMETRIC_REPRESENTATION_CONTEXT() REPRESENTATION_CONTEXT('2D SPACE',''
  ) );
#3978 = ORIENTED_EDGE('',*,*,#3979,.F.);
#3979 = EDGE_CURVE('',#3980,#3952,#3982,.T.);
#3980 = VERTEX_POINT('',#3981);
#3981 = CARTESIAN_POINT('',(28.,10.8,35.3));
#3982 = SURFACE_CURVE('',#3983,(#3987,#3994),.PCURVE_S1.);
#3983 = LINE('',#3984,#3985);
#3984 = CARTESIAN_POINT('',(28.,-14.55,35.3));
#3985 = VECTOR('',#3986,1.);
#3986 = DIRECTION('',(0.,1.,0.));
#3987 = PCURVE('',#855,#3988);
#3988 = DEFINITIONAL_REPRESENTATION('',(#3989),#3993);
#3989 = LINE('',#3990,#3991);
#3990 = CARTESIAN_POINT('',(39.6,0.));
#3991 = VECTOR('',#3992,1.);
#3992 = DIRECTION('',(0.,-1.));
#3993 = ( GEOMETRIC_REPRESENTATION_CONTEXT(2) 
PARAMETRIC_REPRESENTATION_CONTEXT() REPRESENTATION_CONTEXT('2D SPACE',''
  ) );
#3994 = PCURVE('',#3995,#4000);
#3995 = PLANE('',#3996);
#3996 = AXIS2_PLACEMENT_3D('',#3997,#3998,#3999);
#3997 = CARTESIAN_POINT('',(27.75,-14.55,35.55));
#3998 = DIRECTION('',(0.707106781187,0.,0.707106781187));
#3999 = DIRECTION('',(-0.,1.,0.));
#4000 = DEFINITIONAL_REPRESENTATION('',(#4001),#4005);
#4001 = LINE('',#4002,#4003);
#4002 = CARTESIAN_POINT('',(0.,-0.353553390593));
#4003 = VECTOR('',#4004,1.);
#4004 = DIRECTION('',(1.,0.));
#4005 = ( GEOMETRIC_REPRESENTATION_CONTEXT(2) 
PARAMETRIC_REPRESENTATION_CONTEXT() REPRESENTATION_CONTEXT('2D SPACE',''
  ) );
#4006 = ORIENTED_EDGE('',*,*,#4007,.F.);
#4007 = EDGE_CURVE('',#4008,#3980,#4010,.T.);
#4008 = VERTEX_POINT('',#4009);
#4009 = CARTESIAN_POINT('',(28.,10.8,34.3));
#4010 = SURFACE_CURVE('',#4011,(#4015,#4021),.PCURVE_S1.);
#4011 = LINE('',#4012,#4013);
#4012 = CARTESIAN_POINT('',(28.,10.8,14.745));
#4013 = VECTOR('',#4014,1.);
#4014 = DIRECTION('',(0.,0.,1.));
#4015 = PCURVE('',#855,#4016);
#4016 = DEFINITIONAL_REPRESENTATION('',(#4017),#4020);
#4017 = B_SPLINE_CURVE_WITH_KNOTS('',1,(#4018,#4019),.UNSPECIFIED.,.F.,
  .F.,(2,2),(19.045,20.555),.PIECEWISE_BEZIER_KNOTS.);
#4018 = CARTESIAN_POINT('',(38.09,-25.35));
#4019 = CARTESIAN_POINT('',(39.6,-25.35));
#4020 = ( GEOMETRIC_REPRESENTATION_CONTEXT(2) 
PARAMETRIC_REPRESENTATION_CONTEXT() REPRESENTATION_CONTEXT('2D SPACE',''
  ) );
#4021 = PCURVE('',#4022,#4027);
#4022 = PLANE('',#4023);
#4023 = AXIS2_PLACEMENT_3D('',#4024,#4025,#4026);
#4024 = CARTESIAN_POINT('',(1.2,10.8,33.79));
#4025 = DIRECTION('',(0.,1.,0.));
#4026 = DIRECTION('',(0.,0.,1.));
#4027 = DEFINITIONAL_REPRESENTATION('',(#4028),#4031);
#4028 = B_SPLINE_CURVE_WITH_KNOTS('',1,(#4029,#4030),.UNSPECIFIED.,.F.,
  .F.,(2,2),(19.045,20.555),.PIECEWISE_BEZIER_KNOTS.);
#4029 = CARTESIAN_POINT('',(0.,26.8));
#4030 = CARTESIAN_POINT('',(1.51,26.8));
#4031 = ( GEOMETRIC_REPRESENTATION_CONTEXT(2) 
PARAMETRIC_REPRESENTATION_CONTEXT() REPRESENTATION_CONTEXT('2D SPACE',''
  ) );
#4032 = ORIENTED_EDGE('',*,*,#4033,.T.);
#4033 = EDGE_CURVE('',#4008,#4034,#4036,.T.);
#4034 = VERTEX_POINT('',#4035);
#4035 = CARTESIAN_POINT('',(28.,13.05,34.3));
#4036 = SURFACE_CURVE('',#4037,(#4040,#4046),.PCURVE_S1.);
#4037 = B_SPLINE_CURVE_WITH_KNOTS('',1,(#4038,#4039),.UNSPECIFIED.,.F.,
  .F.,(2,2),(0.,1.),.PIECEWISE_BEZIER_KNOTS.);
#4038 = CARTESIAN_POINT('',(28.,-13.05,34.3));
#4039 = CARTESIAN_POINT('',(28.,13.05,34.3));
#4040 = PCURVE('',#855,#4041);
#4041 = DEFINITIONAL_REPRESENTATION('',(#4042),#4045);
#4042 = B_SPLINE_CURVE_WITH_KNOTS('',1,(#4043,#4044),.UNSPECIFIED.,.F.,
  .F.,(2,2),(0.,1.),.PIECEWISE_BEZIER_KNOTS.);
#4043 = CARTESIAN_POINT('',(38.6,-1.5));
#4044 = CARTESIAN_POINT('',(38.6,-27.6));
#4045 = ( GEOMETRIC_REPRESENTATION_CONTEXT(2) 
PARAMETRIC_REPRESENTATION_CONTEXT() REPRESENTATION_CONTEXT('2D SPACE',''
  ) );
#4046 = PCURVE('',#4047,#4052);
#4047 = B_SPLINE_SURFACE_WITH_KNOTS('',1,1,(
    (#4048,#4049)
    ,(#4050,#4051
    )),.UNSPECIFIED.,.F.,.F.,.F.,(2,2),(2,2),(0.,26.12),(0.,1.),
  .PIECEWISE_BEZIER_KNOTS.);
#4048 = CARTESIAN_POINT('',(27.5,12.55,33.8));
#4049 = CARTESIAN_POINT('',(28.01,13.06,34.31));
#4050 = CARTESIAN_POINT('',(27.5,-12.55,33.8));
#4051 = CARTESIAN_POINT('',(28.01,-13.06,34.31));
#4052 = DEFINITIONAL_REPRESENTATION('',(#4053),#4056);
#4053 = B_SPLINE_CURVE_WITH_KNOTS('',1,(#4054,#4055),.UNSPECIFIED.,.F.,
  .F.,(2,2),(0.,1.),.PIECEWISE_BEZIER_KNOTS.);
#4054 = CARTESIAN_POINT('',(26.12,0.980392156863));
#4055 = CARTESIAN_POINT('',(0.,0.980392156863));
#4056 = ( GEOMETRIC_REPRESENTATION_CONTEXT(2) 
PARAMETRIC_REPRESENTATION_CONTEXT() REPRESENTATION_CONTEXT('2D SPACE',''
  ) );
#4057 = ORIENTED_EDGE('',*,*,#4058,.T.);
#4058 = EDGE_CURVE('',#4034,#4059,#4061,.T.);
#4059 = VERTEX_POINT('',#4060);
#4060 = CARTESIAN_POINT('',(28.,13.05,-2.8));
#4061 = SURFACE_CURVE('',#4062,(#4065,#4071),.PCURVE_S1.);
#4062 = B_SPLINE_CURVE_WITH_KNOTS('',1,(#4063,#4064),.UNSPECIFIED.,.F.,
  .F.,(2,2),(0.,1.),.PIECEWISE_BEZIER_KNOTS.);
#4063 = CARTESIAN_POINT('',(28.,13.05,34.3));
#4064 = CARTESIAN_POINT('',(28.,13.05,-2.8));
#4065 = PCURVE('',#855,#4066);
#4066 = DEFINITIONAL_REPRESENTATION('',(#4067),#4070);
#4067 = B_SPLINE_CURVE_WITH_KNOTS('',1,(#4068,#4069),.UNSPECIFIED.,.F.,
  .F.,(2,2),(0.,1.),.PIECEWISE_BEZIER_KNOTS.);
#4068 = CARTESIAN_POINT('',(38.6,-27.6));
#4069 = CARTESIAN_POINT('',(1.5,-27.6));
#4070 = ( GEOMETRIC_REPRESENTATION_CONTEXT(2) 
PARAMETRIC_REPRESENTATION_CONTEXT() REPRESENTATION_CONTEXT('2D SPACE',''
  ) );
#4071 = PCURVE('',#4072,#4077);
#4072 = B_SPLINE_SURFACE_WITH_KNOTS('',1,1,(
    (#4073,#4074)
    ,(#4075,#4076
    )),.UNSPECIFIED.,.F.,.F.,.F.,(2,2),(2,2),(0.,37.12),(0.,1.),
  .PIECEWISE_BEZIER_KNOTS.);
#4073 = CARTESIAN_POINT('',(27.5,12.55,-2.3));
#4074 = CARTESIAN_POINT('',(28.01,13.06,-2.81));
#4075 = CARTESIAN_POINT('',(27.5,12.55,33.8));
#4076 = CARTESIAN_POINT('',(28.01,13.06,34.31));
#4077 = DEFINITIONAL_REPRESENTATION('',(#4078),#4081);
#4078 = B_SPLINE_CURVE_WITH_KNOTS('',1,(#4079,#4080),.UNSPECIFIED.,.F.,
  .F.,(2,2),(0.,1.),.PIECEWISE_BEZIER_KNOTS.);
#4079 = CARTESIAN_POINT('',(37.12,0.980392156863));
#4080 = CARTESIAN_POINT('',(0.,0.980392156863));
#4081 = ( GEOMETRIC_REPRESENTATION_CONTEXT(2) 
PARAMETRIC_REPRESENTATION_CONTEXT() REPRESENTATION_CONTEXT('2D SPACE',''
  ) );
#4082 = ORIENTED_EDGE('',*,*,#4083,.T.);
#4083 = EDGE_CURVE('',#4059,#816,#4084,.T.);
#4084 = SURFACE_CURVE('',#4085,(#4088,#4094),.PCURVE_S1.);
#4085 = B_SPLINE_CURVE_WITH_KNOTS('',1,(#4086,#4087),.UNSPECIFIED.,.F.,
  .F.,(2,2),(0.,1.),.PIECEWISE_BEZIER_KNOTS.);
#4086 = CARTESIAN_POINT('',(28.,13.05,-2.8));
#4087 = CARTESIAN_POINT('',(28.,-13.05,-2.8));
#4088 = PCURVE('',#855,#4089);
#4089 = DEFINITIONAL_REPRESENTATION('',(#4090),#4093);
#4090 = B_SPLINE_CURVE_WITH_KNOTS('',1,(#4091,#4092),.UNSPECIFIED.,.F.,
  .F.,(2,2),(0.,1.),.PIECEWISE_BEZIER_KNOTS.);
#4091 = CARTESIAN_POINT('',(1.5,-27.6));
#4092 = CARTESIAN_POINT('',(1.5,-1.5));
#4093 = ( GEOMETRIC_REPRESENTATION_CONTEXT(2) 
PARAMETRIC_REPRESENTATION_CONTEXT() REPRESENTATION_CONTEXT('2D SPACE',''
  ) );
#4094 = PCURVE('',#829,#4095);
#4095 = DEFINITIONAL_REPRESENTATION('',(#4096),#4099);
#4096 = B_SPLINE_CURVE_WITH_KNOTS('',1,(#4097,#4098),.UNSPECIFIED.,.F.,
  .F.,(2,2),(0.,1.),.PIECEWISE_BEZIER_KNOTS.);
#4097 = CARTESIAN_POINT('',(26.12,0.980392156863));
#4098 = CARTESIAN_POINT('',(0.,0.980392156863));
#4099 = ( GEOMETRIC_REPRESENTATION_CONTEXT(2) 
PARAMETRIC_REPRESENTATION_CONTEXT() REPRESENTATION_CONTEXT('2D SPACE',''
  ) );
#4100 = ADVANCED_FACE('',(#4101),#731,.T.);
#4101 = FACE_BOUND('',#4102,.T.);
#4102 = EDGE_LOOP('',(#4103,#4104,#4127,#4148));
#4103 = ORIENTED_EDGE('',*,*,#716,.F.);
#4104 = ORIENTED_EDGE('',*,*,#4105,.T.);
#4105 = EDGE_CURVE('',#717,#4106,#4108,.T.);
#4106 = VERTEX_POINT('',#4107);
#4107 = CARTESIAN_POINT('',(3.,8.2,-2.8));
#4108 = SURFACE_CURVE('',#4109,(#4113,#4120),.PCURVE_S1.);
#4109 = LINE('',#4110,#4111);
#4110 = CARTESIAN_POINT('',(3.,-8.2,-2.8));
#4111 = VECTOR('',#4112,1.);
#4112 = DIRECTION('',(0.,1.,0.));
#4113 = PCURVE('',#731,#4114);
#4114 = DEFINITIONAL_REPRESENTATION('',(#4115),#4119);
#4115 = LINE('',#4116,#4117);
#4116 = CARTESIAN_POINT('',(0.,0.));
#4117 = VECTOR('',#4118,1.);
#4118 = DIRECTION('',(0.,-1.));
#4119 = ( GEOMETRIC_REPRESENTATION_CONTEXT(2) 
PARAMETRIC_REPRESENTATION_CONTEXT() REPRESENTATION_CONTEXT('2D SPACE',''
  ) );
#4120 = PCURVE('',#757,#4121);
#4121 = DEFINITIONAL_REPRESENTATION('',(#4122),#4126);
#4122 = LINE('',#4123,#4124);
#4123 = CARTESIAN_POINT('',(0.,0.));
#4124 = VECTOR('',#4125,1.);
#4125 = DIRECTION('',(0.,1.));
#4126 = ( GEOMETRIC_REPRESENTATION_CONTEXT(2) 
PARAMETRIC_REPRESENTATION_CONTEXT() REPRESENTATION_CONTEXT('2D SPACE',''
  ) );
#4127 = ORIENTED_EDGE('',*,*,#4128,.T.);
#4128 = EDGE_CURVE('',#4106,#3860,#4129,.T.);
#4129 = SURFACE_CURVE('',#4130,(#4134,#4141),.PCURVE_S1.);
#4130 = LINE('',#4131,#4132);
#4131 = CARTESIAN_POINT('',(3.,8.2,-2.8));
#4132 = VECTOR('',#4133,1.);
#4133 = DIRECTION('',(0.,0.,1.));
#4134 = PCURVE('',#731,#4135);
#4135 = DEFINITIONAL_REPRESENTATION('',(#4136),#4140);
#4136 = LINE('',#4137,#4138);
#4137 = CARTESIAN_POINT('',(0.,-16.4));
#4138 = VECTOR('',#4139,1.);
#4139 = DIRECTION('',(1.,0.));
#4140 = ( GEOMETRIC_REPRESENTATION_CONTEXT(2) 
PARAMETRIC_REPRESENTATION_CONTEXT() REPRESENTATION_CONTEXT('2D SPACE',''
  ) );
#4141 = PCURVE('',#3895,#4142);
#4142 = DEFINITIONAL_REPRESENTATION('',(#4143),#4147);
#4143 = LINE('',#4144,#4145);
#4144 = CARTESIAN_POINT('',(0.,0.));
#4145 = VECTOR('',#4146,1.);
#4146 = DIRECTION('',(1.,0.));
#4147 = ( GEOMETRIC_REPRESENTATION_CONTEXT(2) 
PARAMETRIC_REPRESENTATION_CONTEXT() REPRESENTATION_CONTEXT('2D SPACE',''
  ) );
#4148 = ORIENTED_EDGE('',*,*,#3859,.F.);
#4149 = ADVANCED_FACE('',(#4150),#829,.F.);
#4150 = FACE_BOUND('',#4151,.F.);
#4151 = EDGE_LOOP('',(#4152,#4153,#4154,#4174));
#4152 = ORIENTED_EDGE('',*,*,#815,.F.);
#4153 = ORIENTED_EDGE('',*,*,#3926,.T.);
#4154 = ORIENTED_EDGE('',*,*,#4155,.T.);
#4155 = EDGE_CURVE('',#3835,#4059,#4156,.T.);
#4156 = SURFACE_CURVE('',#4157,(#4160,#4167),.PCURVE_S1.);
#4157 = B_SPLINE_CURVE_WITH_KNOTS('',1,(#4158,#4159),.UNSPECIFIED.,.F.,
  .F.,(2,2),(0.,1.),.PIECEWISE_BEZIER_KNOTS.);
#4158 = CARTESIAN_POINT('',(27.5,12.55,-2.3));
#4159 = CARTESIAN_POINT('',(28.01,13.06,-2.81));
#4160 = PCURVE('',#829,#4161);
#4161 = DEFINITIONAL_REPRESENTATION('',(#4162),#4166);
#4162 = LINE('',#4163,#4164);
#4163 = CARTESIAN_POINT('',(26.12,0.));
#4164 = VECTOR('',#4165,1.);
#4165 = DIRECTION('',(0.,1.));
#4166 = ( GEOMETRIC_REPRESENTATION_CONTEXT(2) 
PARAMETRIC_REPRESENTATION_CONTEXT() REPRESENTATION_CONTEXT('2D SPACE',''
  ) );
#4167 = PCURVE('',#4072,#4168);
#4168 = DEFINITIONAL_REPRESENTATION('',(#4169),#4173);
#4169 = LINE('',#4170,#4171);
#4170 = CARTESIAN_POINT('',(0.,0.));
#4171 = VECTOR('',#4172,1.);
#4172 = DIRECTION('',(0.,1.));
#4173 = ( GEOMETRIC_REPRESENTATION_CONTEXT(2) 
PARAMETRIC_REPRESENTATION_CONTEXT() REPRESENTATION_CONTEXT('2D SPACE',''
  ) );
#4174 = ORIENTED_EDGE('',*,*,#4083,.T.);
#4175 = ADVANCED_FACE('',(#4176),#757,.T.);
#4176 = FACE_BOUND('',#4177,.T.);
#4177 = EDGE_LOOP('',(#4178,#4179,#4180,#4203));
#4178 = ORIENTED_EDGE('',*,*,#4105,.F.);
#4179 = ORIENTED_EDGE('',*,*,#742,.F.);
#4180 = ORIENTED_EDGE('',*,*,#4181,.T.);
#4181 = EDGE_CURVE('',#743,#4182,#4184,.T.);
#4182 = VERTEX_POINT('',#4183);
#4183 = CARTESIAN_POINT('',(7.,8.2,-2.8));
#4184 = SURFACE_CURVE('',#4185,(#4189,#4196),.PCURVE_S1.);
#4185 = LINE('',#4186,#4187);
#4186 = CARTESIAN_POINT('',(7.,-8.2,-2.8));
#4187 = VECTOR('',#4188,1.);
#4188 = DIRECTION('',(0.,1.,0.));
#4189 = PCURVE('',#757,#4190);
#4190 = DEFINITIONAL_REPRESENTATION('',(#4191),#4195);
#4191 = LINE('',#4192,#4193);
#4192 = CARTESIAN_POINT('',(4.,0.));
#4193 = VECTOR('',#4194,1.);
#4194 = DIRECTION('',(0.,1.));
#4195 = ( GEOMETRIC_REPRESENTATION_CONTEXT(2) 
PARAMETRIC_REPRESENTATION_CONTEXT() REPRESENTATION_CONTEXT('2D SPACE',''
  ) );
#4196 = PCURVE('',#783,#4197);
#4197 = DEFINITIONAL_REPRESENTATION('',(#4198),#4202);
#4198 = LINE('',#4199,#4200);
#4199 = CARTESIAN_POINT('',(0.,0.));
#4200 = VECTOR('',#4201,1.);
#4201 = DIRECTION('',(0.,-1.));
#4202 = ( GEOMETRIC_REPRESENTATION_CONTEXT(2) 
PARAMETRIC_REPRESENTATION_CONTEXT() REPRESENTATION_CONTEXT('2D SPACE',''
  ) );
#4203 = ORIENTED_EDGE('',*,*,#4204,.F.);
#4204 = EDGE_CURVE('',#4106,#4182,#4205,.T.);
#4205 = SURFACE_CURVE('',#4206,(#4210,#4217),.PCURVE_S1.);
#4206 = LINE('',#4207,#4208);
#4207 = CARTESIAN_POINT('',(3.,8.2,-2.8));
#4208 = VECTOR('',#4209,1.);
#4209 = DIRECTION('',(1.,0.,0.));
#4210 = PCURVE('',#757,#4211);
#4211 = DEFINITIONAL_REPRESENTATION('',(#4212),#4216);
#4212 = LINE('',#4213,#4214);
#4213 = CARTESIAN_POINT('',(0.,16.4));
#4214 = VECTOR('',#4215,1.);
#4215 = DIRECTION('',(1.,0.));
#4216 = ( GEOMETRIC_REPRESENTATION_CONTEXT(2) 
PARAMETRIC_REPRESENTATION_CONTEXT() REPRESENTATION_CONTEXT('2D SPACE',''
  ) );
#4217 = PCURVE('',#3895,#4218);
#4218 = DEFINITIONAL_REPRESENTATION('',(#4219),#4223);
#4219 = LINE('',#4220,#4221);
#4220 = CARTESIAN_POINT('',(0.,0.));
#4221 = VECTOR('',#4222,1.);
#4222 = DIRECTION('',(0.,1.));
#4223 = ( GEOMETRIC_REPRESENTATION_CONTEXT(2) 
PARAMETRIC_REPRESENTATION_CONTEXT() REPRESENTATION_CONTEXT('2D SPACE',''
  ) );
#4224 = ADVANCED_FACE('',(#4225),#783,.F.);
#4225 = FACE_BOUND('',#4226,.F.);
#4226 = EDGE_LOOP('',(#4227,#4228,#4229,#4250));
#4227 = ORIENTED_EDGE('',*,*,#768,.F.);
#4228 = ORIENTED_EDGE('',*,*,#4181,.T.);
#4229 = ORIENTED_EDGE('',*,*,#4230,.T.);
#4230 = EDGE_CURVE('',#4182,#3881,#4231,.T.);
#4231 = SURFACE_CURVE('',#4232,(#4236,#4243),.PCURVE_S1.);
#4232 = LINE('',#4233,#4234);
#4233 = CARTESIAN_POINT('',(7.,8.2,-2.8));
#4234 = VECTOR('',#4235,1.);
#4235 = DIRECTION('',(0.,0.,1.));
#4236 = PCURVE('',#783,#4237);
#4237 = DEFINITIONAL_REPRESENTATION('',(#4238),#4242);
#4238 = LINE('',#4239,#4240);
#4239 = CARTESIAN_POINT('',(0.,-16.4));
#4240 = VECTOR('',#4241,1.);
#4241 = DIRECTION('',(1.,0.));
#4242 = ( GEOMETRIC_REPRESENTATION_CONTEXT(2) 
PARAMETRIC_REPRESENTATION_CONTEXT() REPRESENTATION_CONTEXT('2D SPACE',''
  ) );
#4243 = PCURVE('',#3895,#4244);
#4244 = DEFINITIONAL_REPRESENTATION('',(#4245),#4249);
#4245 = LINE('',#4246,#4247);
#4246 = CARTESIAN_POINT('',(0.,4.));
#4247 = VECTOR('',#4248,1.);
#4248 = DIRECTION('',(1.,0.));
#4249 = ( GEOMETRIC_REPRESENTATION_CONTEXT(2) 
PARAMETRIC_REPRESENTATION_CONTEXT() REPRESENTATION_CONTEXT('2D SPACE',''
  ) );
#4250 = ORIENTED_EDGE('',*,*,#3906,.F.);
#4251 = ADVANCED_FACE('',(#4252),#1257,.F.);
#4252 = FACE_BOUND('',#4253,.F.);
#4253 = EDGE_LOOP('',(#4254,#4255,#4278,#4305));
#4254 = ORIENTED_EDGE('',*,*,#1236,.F.);
#4255 = ORIENTED_EDGE('',*,*,#4256,.T.);
#4256 = EDGE_CURVE('',#1237,#4257,#4259,.T.);
#4257 = VERTEX_POINT('',#4258);
#4258 = CARTESIAN_POINT('',(-44.95,5.3,18.));
#4259 = SEAM_CURVE('',#4260,(#4264,#4271),.PCURVE_S1.);
#4260 = LINE('',#4261,#4262);
#4261 = CARTESIAN_POINT('',(-44.95,-1.E-02,18.));
#4262 = VECTOR('',#4263,1.);
#4263 = DIRECTION('',(-0.,1.,-0.));
#4264 = PCURVE('',#1257,#4265);
#4265 = DEFINITIONAL_REPRESENTATION('',(#4266),#4270);
#4266 = LINE('',#4267,#4268);
#4267 = CARTESIAN_POINT('',(6.28318530718,0.));
#4268 = VECTOR('',#4269,1.);
#4269 = DIRECTION('',(0.,-1.));
#4270 = ( GEOMETRIC_REPRESENTATION_CONTEXT(2) 
PARAMETRIC_REPRESENTATION_CONTEXT() REPRESENTATION_CONTEXT('2D SPACE',''
  ) );
#4271 = PCURVE('',#1257,#4272);
#4272 = DEFINITIONAL_REPRESENTATION('',(#4273),#4277);
#4273 = LINE('',#4274,#4275);
#4274 = CARTESIAN_POINT('',(0.,0.));
#4275 = VECTOR('',#4276,1.);
#4276 = DIRECTION('',(0.,-1.));
#4277 = ( GEOMETRIC_REPRESENTATION_CONTEXT(2) 
PARAMETRIC_REPRESENTATION_CONTEXT() REPRESENTATION_CONTEXT('2D SPACE',''
  ) );
#4278 = ORIENTED_EDGE('',*,*,#4279,.T.);
#4279 = EDGE_CURVE('',#4257,#4257,#4280,.T.);
#4280 = SURFACE_CURVE('',#4281,(#4286,#4293),.PCURVE_S1.);
#4281 = CIRCLE('',#4282,1.05);
#4282 = AXIS2_PLACEMENT_3D('',#4283,#4284,#4285);
#4283 = CARTESIAN_POINT('',(-46.,5.3,18.));
#4284 = DIRECTION('',(0.,-1.,0.));
#4285 = DIRECTION('',(1.,0.,0.));
#4286 = PCURVE('',#1257,#4287);
#4287 = DEFINITIONAL_REPRESENTATION('',(#4288),#4292);
#4288 = LINE('',#4289,#4290);
#4289 = CARTESIAN_POINT('',(0.,-5.31));
#4290 = VECTOR('',#4291,1.);
#4291 = DIRECTION('',(1.,0.));
#4292 = ( GEOMETRIC_REPRESENTATION_CONTEXT(2) 
PARAMETRIC_REPRESENTATION_CONTEXT() REPRESENTATION_CONTEXT('2D SPACE',''
  ) );
#4293 = PCURVE('',#4294,#4299);
#4294 = PLANE('',#4295);
#4295 = AXIS2_PLACEMENT_3D('',#4296,#4297,#4298);
#4296 = CARTESIAN_POINT('',(-46.,5.3,18.));
#4297 = DIRECTION('',(-0.,-1.,-0.));
#4298 = DIRECTION('',(0.,0.,-1.));
#4299 = DEFINITIONAL_REPRESENTATION('',(#4300),#4304);
#4300 = CIRCLE('',#4301,1.05);
#4301 = AXIS2_PLACEMENT_2D('',#4302,#4303);
#4302 = CARTESIAN_POINT('',(0.,7.105427357601E-15));
#4303 = DIRECTION('',(0.,1.));
#4304 = ( GEOMETRIC_REPRESENTATION_CONTEXT(2) 
PARAMETRIC_REPRESENTATION_CONTEXT() REPRESENTATION_CONTEXT('2D SPACE',''
  ) );
#4305 = ORIENTED_EDGE('',*,*,#4256,.F.);
#4306 = ADVANCED_FACE('',(#4307),#1292,.F.);
#4307 = FACE_BOUND('',#4308,.F.);
#4308 = EDGE_LOOP('',(#4309,#4332,#4333,#4334));
#4309 = ORIENTED_EDGE('',*,*,#4310,.F.);
#4310 = EDGE_CURVE('',#1272,#4311,#4313,.T.);
#4311 = VERTEX_POINT('',#4312);
#4312 = CARTESIAN_POINT('',(-44.65,7.95,24.));
#4313 = SEAM_CURVE('',#4314,(#4318,#4325),.PCURVE_S1.);
#4314 = LINE('',#4315,#4316);
#4315 = CARTESIAN_POINT('',(-44.65,-15.55,24.));
#4316 = VECTOR('',#4317,1.);
#4317 = DIRECTION('',(-0.,1.,-0.));
#4318 = PCURVE('',#1292,#4319);
#4319 = DEFINITIONAL_REPRESENTATION('',(#4320),#4324);
#4320 = LINE('',#4321,#4322);
#4321 = CARTESIAN_POINT('',(6.28318530718,0.));
#4322 = VECTOR('',#4323,1.);
#4323 = DIRECTION('',(0.,-1.));
#4324 = ( GEOMETRIC_REPRESENTATION_CONTEXT(2) 
PARAMETRIC_REPRESENTATION_CONTEXT() REPRESENTATION_CONTEXT('2D SPACE',''
  ) );
#4325 = PCURVE('',#1292,#4326);
#4326 = DEFINITIONAL_REPRESENTATION('',(#4327),#4331);
#4327 = LINE('',#4328,#4329);
#4328 = CARTESIAN_POINT('',(0.,0.));
#4329 = VECTOR('',#4330,1.);
#4330 = DIRECTION('',(0.,-1.));
#4331 = ( GEOMETRIC_REPRESENTATION_CONTEXT(2) 
PARAMETRIC_REPRESENTATION_CONTEXT() REPRESENTATION_CONTEXT('2D SPACE',''
  ) );
#4332 = ORIENTED_EDGE('',*,*,#1271,.F.);
#4333 = ORIENTED_EDGE('',*,*,#4310,.T.);
#4334 = ORIENTED_EDGE('',*,*,#4335,.T.);
#4335 = EDGE_CURVE('',#4311,#4311,#4336,.T.);
#4336 = SURFACE_CURVE('',#4337,(#4342,#4349),.PCURVE_S1.);
#4337 = CIRCLE('',#4338,1.15);
#4338 = AXIS2_PLACEMENT_3D('',#4339,#4340,#4341);
#4339 = CARTESIAN_POINT('',(-45.8,7.95,24.));
#4340 = DIRECTION('',(0.,-1.,0.));
#4341 = DIRECTION('',(1.,0.,0.));
#4342 = PCURVE('',#1292,#4343);
#4343 = DEFINITIONAL_REPRESENTATION('',(#4344),#4348);
#4344 = LINE('',#4345,#4346);
#4345 = CARTESIAN_POINT('',(0.,-23.5));
#4346 = VECTOR('',#4347,1.);
#4347 = DIRECTION('',(1.,0.));
#4348 = ( GEOMETRIC_REPRESENTATION_CONTEXT(2) 
PARAMETRIC_REPRESENTATION_CONTEXT() REPRESENTATION_CONTEXT('2D SPACE',''
  ) );
#4349 = PCURVE('',#4350,#4355);
#4350 = PLANE('',#4351);
#4351 = AXIS2_PLACEMENT_3D('',#4352,#4353,#4354);
#4352 = CARTESIAN_POINT('',(-45.8,7.95,24.));
#4353 = DIRECTION('',(-0.,-1.,-0.));
#4354 = DIRECTION('',(0.,0.,-1.));
#4355 = DEFINITIONAL_REPRESENTATION('',(#4356),#4360);
#4356 = CIRCLE('',#4357,1.15);
#4357 = AXIS2_PLACEMENT_2D('',#4358,#4359);
#4358 = CARTESIAN_POINT('',(-3.552713678801E-15,-7.105427357601E-15));
#4359 = DIRECTION('',(0.,1.));
#4360 = ( GEOMETRIC_REPRESENTATION_CONTEXT(2) 
PARAMETRIC_REPRESENTATION_CONTEXT() REPRESENTATION_CONTEXT('2D SPACE',''
  ) );
#4361 = ADVANCED_FACE('',(#4362),#1327,.F.);
#4362 = FACE_BOUND('',#4363,.F.);
#4363 = EDGE_LOOP('',(#4364,#4365,#4388,#4415));
#4364 = ORIENTED_EDGE('',*,*,#1306,.F.);
#4365 = ORIENTED_EDGE('',*,*,#4366,.T.);
#4366 = EDGE_CURVE('',#1307,#4367,#4369,.T.);
#4367 = VERTEX_POINT('',#4368);
#4368 = CARTESIAN_POINT('',(-1.55,5.3,-17.75));
#4369 = SEAM_CURVE('',#4370,(#4374,#4381),.PCURVE_S1.);
#4370 = LINE('',#4371,#4372);
#4371 = CARTESIAN_POINT('',(-1.55,-1.E-02,-17.75));
#4372 = VECTOR('',#4373,1.);
#4373 = DIRECTION('',(-0.,1.,-0.));
#4374 = PCURVE('',#1327,#4375);
#4375 = DEFINITIONAL_REPRESENTATION('',(#4376),#4380);
#4376 = LINE('',#4377,#4378);
#4377 = CARTESIAN_POINT('',(6.28318530718,0.));
#4378 = VECTOR('',#4379,1.);
#4379 = DIRECTION('',(0.,-1.));
#4380 = ( GEOMETRIC_REPRESENTATION_CONTEXT(2) 
PARAMETRIC_REPRESENTATION_CONTEXT() REPRESENTATION_CONTEXT('2D SPACE',''
  ) );
#4381 = PCURVE('',#1327,#4382);
#4382 = DEFINITIONAL_REPRESENTATION('',(#4383),#4387);
#4383 = LINE('',#4384,#4385);
#4384 = CARTESIAN_POINT('',(0.,0.));
#4385 = VECTOR('',#4386,1.);
#4386 = DIRECTION('',(0.,-1.));
#4387 = ( GEOMETRIC_REPRESENTATION_CONTEXT(2) 
PARAMETRIC_REPRESENTATION_CONTEXT() REPRESENTATION_CONTEXT('2D SPACE',''
  ) );
#4388 = ORIENTED_EDGE('',*,*,#4389,.T.);
#4389 = EDGE_CURVE('',#4367,#4367,#4390,.T.);
#4390 = SURFACE_CURVE('',#4391,(#4396,#4403),.PCURVE_S1.);
#4391 = CIRCLE('',#4392,1.05);
#4392 = AXIS2_PLACEMENT_3D('',#4393,#4394,#4395);
#4393 = CARTESIAN_POINT('',(-2.6,5.3,-17.75));
#4394 = DIRECTION('',(0.,-1.,0.));
#4395 = DIRECTION('',(1.,0.,0.));
#4396 = PCURVE('',#1327,#4397);
#4397 = DEFINITIONAL_REPRESENTATION('',(#4398),#4402);
#4398 = LINE('',#4399,#4400);
#4399 = CARTESIAN_POINT('',(0.,-5.31));
#4400 = VECTOR('',#4401,1.);
#4401 = DIRECTION('',(1.,0.));
#4402 = ( GEOMETRIC_REPRESENTATION_CONTEXT(2) 
PARAMETRIC_REPRESENTATION_CONTEXT() REPRESENTATION_CONTEXT('2D SPACE',''
  ) );
#4403 = PCURVE('',#4404,#4409);
#4404 = PLANE('',#4405);
#4405 = AXIS2_PLACEMENT_3D('',#4406,#4407,#4408);
#4406 = CARTESIAN_POINT('',(-2.6,5.3,-17.75));
#4407 = DIRECTION('',(-0.,-1.,-0.));
#4408 = DIRECTION('',(0.,0.,-1.));
#4409 = DEFINITIONAL_REPRESENTATION('',(#4410),#4414);
#4410 = CIRCLE('',#4411,1.05);
#4411 = AXIS2_PLACEMENT_2D('',#4412,#4413);
#4412 = CARTESIAN_POINT('',(0.,0.));
#4413 = DIRECTION('',(0.,1.));
#4414 = ( GEOMETRIC_REPRESENTATION_CONTEXT(2) 
PARAMETRIC_REPRESENTATION_CONTEXT() REPRESENTATION_CONTEXT('2D SPACE',''
  ) );
#4415 = ORIENTED_EDGE('',*,*,#4366,.F.);
#4416 = ADVANCED_FACE('',(#4417),#1362,.F.);
#4417 = FACE_BOUND('',#4418,.F.);
#4418 = EDGE_LOOP('',(#4419,#4442,#4443,#4444));
#4419 = ORIENTED_EDGE('',*,*,#4420,.F.);
#4420 = EDGE_CURVE('',#1342,#4421,#4423,.T.);
#4421 = VERTEX_POINT('',#4422);
#4422 = CARTESIAN_POINT('',(13.15,7.95,-7.2));
#4423 = SEAM_CURVE('',#4424,(#4428,#4435),.PCURVE_S1.);
#4424 = LINE('',#4425,#4426);
#4425 = CARTESIAN_POINT('',(13.15,-15.55,-7.2));
#4426 = VECTOR('',#4427,1.);
#4427 = DIRECTION('',(-0.,1.,-0.));
#4428 = PCURVE('',#1362,#4429);
#4429 = DEFINITIONAL_REPRESENTATION('',(#4430),#4434);
#4430 = LINE('',#4431,#4432);
#4431 = CARTESIAN_POINT('',(6.28318530718,0.));
#4432 = VECTOR('',#4433,1.);
#4433 = DIRECTION('',(0.,-1.));
#4434 = ( GEOMETRIC_REPRESENTATION_CONTEXT(2) 
PARAMETRIC_REPRESENTATION_CONTEXT() REPRESENTATION_CONTEXT('2D SPACE',''
  ) );
#4435 = PCURVE('',#1362,#4436);
#4436 = DEFINITIONAL_REPRESENTATION('',(#4437),#4441);
#4437 = LINE('',#4438,#4439);
#4438 = CARTESIAN_POINT('',(0.,0.));
#4439 = VECTOR('',#4440,1.);
#4440 = DIRECTION('',(0.,-1.));
#4441 = ( GEOMETRIC_REPRESENTATION_CONTEXT(2) 
PARAMETRIC_REPRESENTATION_CONTEXT() REPRESENTATION_CONTEXT('2D SPACE',''
  ) );
#4442 = ORIENTED_EDGE('',*,*,#1341,.F.);
#4443 = ORIENTED_EDGE('',*,*,#4420,.T.);
#4444 = ORIENTED_EDGE('',*,*,#4445,.T.);
#4445 = EDGE_CURVE('',#4421,#4421,#4446,.T.);
#4446 = SURFACE_CURVE('',#4447,(#4452,#4459),.PCURVE_S1.);
#4447 = CIRCLE('',#4448,1.15);
#4448 = AXIS2_PLACEMENT_3D('',#4449,#4450,#4451);
#4449 = CARTESIAN_POINT('',(12.,7.95,-7.2));
#4450 = DIRECTION('',(0.,-1.,0.));
#4451 = DIRECTION('',(1.,0.,0.));
#4452 = PCURVE('',#1362,#4453);
#4453 = DEFINITIONAL_REPRESENTATION('',(#4454),#4458);
#4454 = LINE('',#4455,#4456);
#4455 = CARTESIAN_POINT('',(0.,-23.5));
#4456 = VECTOR('',#4457,1.);
#4457 = DIRECTION('',(1.,0.));
#4458 = ( GEOMETRIC_REPRESENTATION_CONTEXT(2) 
PARAMETRIC_REPRESENTATION_CONTEXT() REPRESENTATION_CONTEXT('2D SPACE',''
  ) );
#4459 = PCURVE('',#4460,#4465);
#4460 = PLANE('',#4461);
#4461 = AXIS2_PLACEMENT_3D('',#4462,#4463,#4464);
#4462 = CARTESIAN_POINT('',(12.,7.95,-7.2));
#4463 = DIRECTION('',(-0.,-1.,-0.));
#4464 = DIRECTION('',(0.,0.,-1.));
#4465 = DEFINITIONAL_REPRESENTATION('',(#4466),#4470);
#4466 = CIRCLE('',#4467,1.15);
#4467 = AXIS2_PLACEMENT_2D('',#4468,#4469);
#4468 = CARTESIAN_POINT('',(0.,0.));
#4469 = DIRECTION('',(0.,1.));
#4470 = ( GEOMETRIC_REPRESENTATION_CONTEXT(2) 
PARAMETRIC_REPRESENTATION_CONTEXT() REPRESENTATION_CONTEXT('2D SPACE',''
  ) );
#4471 = ADVANCED_FACE('',(#4472),#1416,.T.);
#4472 = FACE_BOUND('',#4473,.T.);
#4473 = EDGE_LOOP('',(#4474,#4475,#4476));
#4474 = ORIENTED_EDGE('',*,*,#1432,.F.);
#4475 = ORIENTED_EDGE('',*,*,#1402,.T.);
#4476 = ORIENTED_EDGE('',*,*,#4477,.F.);
#4477 = EDGE_CURVE('',#1433,#1378,#4478,.T.);
#4478 = SURFACE_CURVE('',#4479,(#4483,#4490),.PCURVE_S1.);
#4479 = LINE('',#4480,#4481);
#4480 = CARTESIAN_POINT('',(-52.5,14.3,33.25));
#4481 = VECTOR('',#4482,1.);
#4482 = DIRECTION('',(-0.,-0.707106781187,0.707106781187));
#4483 = PCURVE('',#1416,#4484);
#4484 = DEFINITIONAL_REPRESENTATION('',(#4485),#4489);
#4485 = LINE('',#4486,#4487);
#4486 = CARTESIAN_POINT('',(0.,0.612372435696));
#4487 = VECTOR('',#4488,1.);
#4488 = DIRECTION('',(1.,0.));
#4489 = ( GEOMETRIC_REPRESENTATION_CONTEXT(2) 
PARAMETRIC_REPRESENTATION_CONTEXT() REPRESENTATION_CONTEXT('2D SPACE',''
  ) );
#4490 = PCURVE('',#2250,#4491);
#4491 = DEFINITIONAL_REPRESENTATION('',(#4492),#4496);
#4492 = LINE('',#4493,#4494);
#4493 = CARTESIAN_POINT('',(-0.5,0.));
#4494 = VECTOR('',#4495,1.);
#4495 = DIRECTION('',(0.,1.));
#4496 = ( GEOMETRIC_REPRESENTATION_CONTEXT(2) 
PARAMETRIC_REPRESENTATION_CONTEXT() REPRESENTATION_CONTEXT('2D SPACE',''
  ) );
#4497 = ADVANCED_FACE('',(#4498,#4641,#4676,#4711),#1471,.T.);
#4498 = FACE_BOUND('',#4499,.T.);
#4499 = EDGE_LOOP('',(#4500,#4501,#4522,#4523,#4546,#4569,#4597,#4620));
#4500 = ORIENTED_EDGE('',*,*,#2988,.F.);
#4501 = ORIENTED_EDGE('',*,*,#4502,.F.);
#4502 = EDGE_CURVE('',#1456,#2966,#4503,.T.);
#4503 = SURFACE_CURVE('',#4504,(#4508,#4515),.PCURVE_S1.);
#4504 = LINE('',#4505,#4506);
#4505 = CARTESIAN_POINT('',(-53.,14.55,-19.5));
#4506 = VECTOR('',#4507,1.);
#4507 = DIRECTION('',(1.,0.,0.));
#4508 = PCURVE('',#1471,#4509);
#4509 = DEFINITIONAL_REPRESENTATION('',(#4510),#4514);
#4510 = LINE('',#4511,#4512);
#4511 = CARTESIAN_POINT('',(0.5,0.));
#4512 = VECTOR('',#4513,1.);
#4513 = DIRECTION('',(0.,1.));
#4514 = ( GEOMETRIC_REPRESENTATION_CONTEXT(2) 
PARAMETRIC_REPRESENTATION_CONTEXT() REPRESENTATION_CONTEXT('2D SPACE',''
  ) );
#4515 = PCURVE('',#1545,#4516);
#4516 = DEFINITIONAL_REPRESENTATION('',(#4517),#4521);
#4517 = LINE('',#4518,#4519);
#4518 = CARTESIAN_POINT('',(-0.,-0.353553390593));
#4519 = VECTOR('',#4520,1.);
#4520 = DIRECTION('',(-1.,0.));
#4521 = ( GEOMETRIC_REPRESENTATION_CONTEXT(2) 
PARAMETRIC_REPRESENTATION_CONTEXT() REPRESENTATION_CONTEXT('2D SPACE',''
  ) );
#4522 = ORIENTED_EDGE('',*,*,#1455,.T.);
#4523 = ORIENTED_EDGE('',*,*,#4524,.T.);
#4524 = EDGE_CURVE('',#1433,#4525,#4527,.T.);
#4525 = VERTEX_POINT('',#4526);
#4526 = CARTESIAN_POINT('',(0.,14.55,33.));
#4527 = SURFACE_CURVE('',#4528,(#4532,#4539),.PCURVE_S1.);
#4528 = LINE('',#4529,#4530);
#4529 = CARTESIAN_POINT('',(-53.,14.55,33.));
#4530 = VECTOR('',#4531,1.);
#4531 = DIRECTION('',(1.,0.,0.));
#4532 = PCURVE('',#1471,#4533);
#4533 = DEFINITIONAL_REPRESENTATION('',(#4534),#4538);
#4534 = LINE('',#4535,#4536);
#4535 = CARTESIAN_POINT('',(53.,0.));
#4536 = VECTOR('',#4537,1.);
#4537 = DIRECTION('',(0.,1.));
#4538 = ( GEOMETRIC_REPRESENTATION_CONTEXT(2) 
PARAMETRIC_REPRESENTATION_CONTEXT() REPRESENTATION_CONTEXT('2D SPACE',''
  ) );
#4539 = PCURVE('',#2250,#4540);
#4540 = DEFINITIONAL_REPRESENTATION('',(#4541),#4545);
#4541 = LINE('',#4542,#4543);
#4542 = CARTESIAN_POINT('',(-0.,-0.353553390593));
#4543 = VECTOR('',#4544,1.);
#4544 = DIRECTION('',(-1.,0.));
#4545 = ( GEOMETRIC_REPRESENTATION_CONTEXT(2) 
PARAMETRIC_REPRESENTATION_CONTEXT() REPRESENTATION_CONTEXT('2D SPACE',''
  ) );
#4546 = ORIENTED_EDGE('',*,*,#4547,.T.);
#4547 = EDGE_CURVE('',#4525,#4548,#4550,.T.);
#4548 = VERTEX_POINT('',#4549);
#4549 = CARTESIAN_POINT('',(0.,14.55,35.3));
#4550 = SURFACE_CURVE('',#4551,(#4555,#4562),.PCURVE_S1.);
#4551 = LINE('',#4552,#4553);
#4552 = CARTESIAN_POINT('',(0.,14.55,-4.3));
#4553 = VECTOR('',#4554,1.);
#4554 = DIRECTION('',(0.,0.,1.));
#4555 = PCURVE('',#1471,#4556);
#4556 = DEFINITIONAL_REPRESENTATION('',(#4557),#4561);
#4557 = LINE('',#4558,#4559);
#4558 = CARTESIAN_POINT('',(15.7,53.));
#4559 = VECTOR('',#4560,1.);
#4560 = DIRECTION('',(1.,0.));
#4561 = ( GEOMETRIC_REPRESENTATION_CONTEXT(2) 
PARAMETRIC_REPRESENTATION_CONTEXT() REPRESENTATION_CONTEXT('2D SPACE',''
  ) );
#4562 = PCURVE('',#2224,#4563);
#4563 = DEFINITIONAL_REPRESENTATION('',(#4564),#4568);
#4564 = LINE('',#4565,#4566);
#4565 = CARTESIAN_POINT('',(0.,-29.1));
#4566 = VECTOR('',#4567,1.);
#4567 = DIRECTION('',(1.,0.));
#4568 = ( GEOMETRIC_REPRESENTATION_CONTEXT(2) 
PARAMETRIC_REPRESENTATION_CONTEXT() REPRESENTATION_CONTEXT('2D SPACE',''
  ) );
#4569 = ORIENTED_EDGE('',*,*,#4570,.T.);
#4570 = EDGE_CURVE('',#4548,#4571,#4573,.T.);
#4571 = VERTEX_POINT('',#4572);
#4572 = CARTESIAN_POINT('',(27.5,14.55,35.3));
#4573 = SURFACE_CURVE('',#4574,(#4578,#4585),.PCURVE_S1.);
#4574 = LINE('',#4575,#4576);
#4575 = CARTESIAN_POINT('',(0.,14.55,35.3));
#4576 = VECTOR('',#4577,1.);
#4577 = DIRECTION('',(1.,0.,0.));
#4578 = PCURVE('',#1471,#4579);
#4579 = DEFINITIONAL_REPRESENTATION('',(#4580),#4584);
#4580 = LINE('',#4581,#4582);
#4581 = CARTESIAN_POINT('',(55.3,53.));
#4582 = VECTOR('',#4583,1.);
#4583 = DIRECTION('',(0.,1.));
#4584 = ( GEOMETRIC_REPRESENTATION_CONTEXT(2) 
PARAMETRIC_REPRESENTATION_CONTEXT() REPRESENTATION_CONTEXT('2D SPACE',''
  ) );
#4585 = PCURVE('',#4586,#4591);
#4586 = PLANE('',#4587);
#4587 = AXIS2_PLACEMENT_3D('',#4588,#4589,#4590);
#4588 = CARTESIAN_POINT('',(0.,14.3,35.55));
#4589 = DIRECTION('',(0.,0.707106781187,0.707106781187));
#4590 = DIRECTION('',(-1.,-0.,0.));
#4591 = DEFINITIONAL_REPRESENTATION('',(#4592),#4596);
#4592 = LINE('',#4593,#4594);
#4593 = CARTESIAN_POINT('',(-0.,-0.353553390593));
#4594 = VECTOR('',#4595,1.);
#4595 = DIRECTION('',(-1.,0.));
#4596 = ( GEOMETRIC_REPRESENTATION_CONTEXT(2) 
PARAMETRIC_REPRESENTATION_CONTEXT() REPRESENTATION_CONTEXT('2D SPACE',''
  ) );
#4597 = ORIENTED_EDGE('',*,*,#4598,.F.);
#4598 = EDGE_CURVE('',#4599,#4571,#4601,.T.);
#4599 = VERTEX_POINT('',#4600);
#4600 = CARTESIAN_POINT('',(27.5,14.55,-3.8));
#4601 = SURFACE_CURVE('',#4602,(#4606,#4613),.PCURVE_S1.);
#4602 = LINE('',#4603,#4604);
#4603 = CARTESIAN_POINT('',(27.5,14.55,-4.3));
#4604 = VECTOR('',#4605,1.);
#4605 = DIRECTION('',(0.,0.,1.));
#4606 = PCURVE('',#1471,#4607);
#4607 = DEFINITIONAL_REPRESENTATION('',(#4608),#4612);
#4608 = LINE('',#4609,#4610);
#4609 = CARTESIAN_POINT('',(15.7,80.5));
#4610 = VECTOR('',#4611,1.);
#4611 = DIRECTION('',(1.,0.));
#4612 = ( GEOMETRIC_REPRESENTATION_CONTEXT(2) 
PARAMETRIC_REPRESENTATION_CONTEXT() REPRESENTATION_CONTEXT('2D SPACE',''
  ) );
#4613 = PCURVE('',#3967,#4614);
#4614 = DEFINITIONAL_REPRESENTATION('',(#4615),#4619);
#4615 = LINE('',#4616,#4617);
#4616 = CARTESIAN_POINT('',(-0.,0.353553390593));
#4617 = VECTOR('',#4618,1.);
#4618 = DIRECTION('',(-1.,0.));
#4619 = ( GEOMETRIC_REPRESENTATION_CONTEXT(2) 
PARAMETRIC_REPRESENTATION_CONTEXT() REPRESENTATION_CONTEXT('2D SPACE',''
  ) );
#4620 = ORIENTED_EDGE('',*,*,#4621,.F.);
#4621 = EDGE_CURVE('',#2989,#4599,#4622,.T.);
#4622 = SURFACE_CURVE('',#4623,(#4627,#4634),.PCURVE_S1.);
#4623 = LINE('',#4624,#4625);
#4624 = CARTESIAN_POINT('',(0.,14.55,-3.8));
#4625 = VECTOR('',#4626,1.);
#4626 = DIRECTION('',(1.,0.,0.));
#4627 = PCURVE('',#1471,#4628);
#4628 = DEFINITIONAL_REPRESENTATION('',(#4629),#4633);
#4629 = LINE('',#4630,#4631);
#4630 = CARTESIAN_POINT('',(16.2,53.));
#4631 = VECTOR('',#4632,1.);
#4632 = DIRECTION('',(0.,1.));
#4633 = ( GEOMETRIC_REPRESENTATION_CONTEXT(2) 
PARAMETRIC_REPRESENTATION_CONTEXT() REPRESENTATION_CONTEXT('2D SPACE',''
  ) );
#4634 = PCURVE('',#3027,#4635);
#4635 = DEFINITIONAL_REPRESENTATION('',(#4636),#4640);
#4636 = LINE('',#4637,#4638);
#4637 = CARTESIAN_POINT('',(-0.,-0.353553390593));
#4638 = VECTOR('',#4639,1.);
#4639 = DIRECTION('',(-1.,0.));
#4640 = ( GEOMETRIC_REPRESENTATION_CONTEXT(2) 
PARAMETRIC_REPRESENTATION_CONTEXT() REPRESENTATION_CONTEXT('2D SPACE',''
  ) );
#4641 = FACE_BOUND('',#4642,.T.);
#4642 = EDGE_LOOP('',(#4643));
#4643 = ORIENTED_EDGE('',*,*,#4644,.T.);
#4644 = EDGE_CURVE('',#4645,#4645,#4647,.T.);
#4645 = VERTEX_POINT('',#4646);
#4646 = CARTESIAN_POINT('',(-43.7,14.55,24.));
#4647 = SURFACE_CURVE('',#4648,(#4653,#4664),.PCURVE_S1.);
#4648 = CIRCLE('',#4649,2.1);
#4649 = AXIS2_PLACEMENT_3D('',#4650,#4651,#4652);
#4650 = CARTESIAN_POINT('',(-45.8,14.55,24.));
#4651 = DIRECTION('',(0.,-1.,0.));
#4652 = DIRECTION('',(1.,0.,0.));
#4653 = PCURVE('',#1471,#4654);
#4654 = DEFINITIONAL_REPRESENTATION('',(#4655),#4663);
#4655 = ( BOUNDED_CURVE() B_SPLINE_CURVE(2,(#4656,#4657,#4658,#4659,
#4660,#4661,#4662),.UNSPECIFIED.,.T.,.F.) B_SPLINE_CURVE_WITH_KNOTS((1,2
    ,2,2,2,1),(-2.094395102393,0.,2.094395102393,4.188790204786,
6.28318530718,8.377580409573),.UNSPECIFIED.) CURVE() 
GEOMETRIC_REPRESENTATION_ITEM() RATIONAL_B_SPLINE_CURVE((1.,0.5,1.,0.5,
1.,0.5,1.)) REPRESENTATION_ITEM('') );
#4656 = CARTESIAN_POINT('',(44.,9.3));
#4657 = CARTESIAN_POINT('',(47.637306695895,9.3));
#4658 = CARTESIAN_POINT('',(45.818653347947,6.15));
#4659 = CARTESIAN_POINT('',(44.,3.));
#4660 = CARTESIAN_POINT('',(42.181346652053,6.15));
#4661 = CARTESIAN_POINT('',(40.362693304105,9.3));
#4662 = CARTESIAN_POINT('',(44.,9.3));
#4663 = ( GEOMETRIC_REPRESENTATION_CONTEXT(2) 
PARAMETRIC_REPRESENTATION_CONTEXT() REPRESENTATION_CONTEXT('2D SPACE',''
  ) );
#4664 = PCURVE('',#4665,#4670);
#4665 = CYLINDRICAL_SURFACE('',#4666,2.1);
#4666 = AXIS2_PLACEMENT_3D('',#4667,#4668,#4669);
#4667 = CARTESIAN_POINT('',(-45.8,7.95,24.));
#4668 = DIRECTION('',(0.,-1.,0.));
#4669 = DIRECTION('',(1.,0.,0.));
#4670 = DEFINITIONAL_REPRESENTATION('',(#4671),#4675);
#4671 = LINE('',#4672,#4673);
#4672 = CARTESIAN_POINT('',(0.,-6.6));
#4673 = VECTOR('',#4674,1.);
#4674 = DIRECTION('',(1.,0.));
#4675 = ( GEOMETRIC_REPRESENTATION_CONTEXT(2) 
PARAMETRIC_REPRESENTATION_CONTEXT() REPRESENTATION_CONTEXT('2D SPACE',''
  ) );
#4676 = FACE_BOUND('',#4677,.T.);
#4677 = EDGE_LOOP('',(#4678));
#4678 = ORIENTED_EDGE('',*,*,#4679,.T.);
#4679 = EDGE_CURVE('',#4680,#4680,#4682,.T.);
#4680 = VERTEX_POINT('',#4681);
#4681 = CARTESIAN_POINT('',(-21.5,14.55,12.));
#4682 = SURFACE_CURVE('',#4683,(#4688,#4699),.PCURVE_S1.);
#4683 = CIRCLE('',#4684,2.1);
#4684 = AXIS2_PLACEMENT_3D('',#4685,#4686,#4687);
#4685 = CARTESIAN_POINT('',(-23.6,14.55,12.));
#4686 = DIRECTION('',(0.,-1.,0.));
#4687 = DIRECTION('',(1.,0.,0.));
#4688 = PCURVE('',#1471,#4689);
#4689 = DEFINITIONAL_REPRESENTATION('',(#4690),#4698);
#4690 = ( BOUNDED_CURVE() B_SPLINE_CURVE(2,(#4691,#4692,#4693,#4694,
#4695,#4696,#4697),.UNSPECIFIED.,.T.,.F.) B_SPLINE_CURVE_WITH_KNOTS((1,2
    ,2,2,2,1),(-2.094395102393,0.,2.094395102393,4.188790204786,
6.28318530718,8.377580409573),.UNSPECIFIED.) CURVE() 
GEOMETRIC_REPRESENTATION_ITEM() RATIONAL_B_SPLINE_CURVE((1.,0.5,1.,0.5,
1.,0.5,1.)) REPRESENTATION_ITEM('') );
#4691 = CARTESIAN_POINT('',(32.,31.5));
#4692 = CARTESIAN_POINT('',(35.637306695895,31.5));
#4693 = CARTESIAN_POINT('',(33.818653347947,28.35));
#4694 = CARTESIAN_POINT('',(32.,25.2));
#4695 = CARTESIAN_POINT('',(30.181346652053,28.35));
#4696 = CARTESIAN_POINT('',(28.362693304105,31.5));
#4697 = CARTESIAN_POINT('',(32.,31.5));
#4698 = ( GEOMETRIC_REPRESENTATION_CONTEXT(2) 
PARAMETRIC_REPRESENTATION_CONTEXT() REPRESENTATION_CONTEXT('2D SPACE',''
  ) );
#4699 = PCURVE('',#4700,#4705);
#4700 = CYLINDRICAL_SURFACE('',#4701,2.1);
#4701 = AXIS2_PLACEMENT_3D('',#4702,#4703,#4704);
#4702 = CARTESIAN_POINT('',(-23.6,7.95,12.));
#4703 = DIRECTION('',(0.,-1.,0.));
#4704 = DIRECTION('',(1.,0.,0.));
#4705 = DEFINITIONAL_REPRESENTATION('',(#4706),#4710);
#4706 = LINE('',#4707,#4708);
#4707 = CARTESIAN_POINT('',(0.,-6.6));
#4708 = VECTOR('',#4709,1.);
#4709 = DIRECTION('',(1.,0.));
#4710 = ( GEOMETRIC_REPRESENTATION_CONTEXT(2) 
PARAMETRIC_REPRESENTATION_CONTEXT() REPRESENTATION_CONTEXT('2D SPACE',''
  ) );
#4711 = FACE_BOUND('',#4712,.T.);
#4712 = EDGE_LOOP('',(#4713));
#4713 = ORIENTED_EDGE('',*,*,#4714,.T.);
#4714 = EDGE_CURVE('',#4715,#4715,#4717,.T.);
#4715 = VERTEX_POINT('',#4716);
#4716 = CARTESIAN_POINT('',(-21.5,14.55,26.));
#4717 = SURFACE_CURVE('',#4718,(#4723,#4734),.PCURVE_S1.);
#4718 = CIRCLE('',#4719,2.1);
#4719 = AXIS2_PLACEMENT_3D('',#4720,#4721,#4722);
#4720 = CARTESIAN_POINT('',(-23.6,14.55,26.));
#4721 = DIRECTION('',(0.,-1.,0.));
#4722 = DIRECTION('',(1.,0.,0.));
#4723 = PCURVE('',#1471,#4724);
#4724 = DEFINITIONAL_REPRESENTATION('',(#4725),#4733);
#4725 = ( BOUNDED_CURVE() B_SPLINE_CURVE(2,(#4726,#4727,#4728,#4729,
#4730,#4731,#4732),.UNSPECIFIED.,.T.,.F.) B_SPLINE_CURVE_WITH_KNOTS((1,2
    ,2,2,2,1),(-2.094395102393,0.,2.094395102393,4.188790204786,
6.28318530718,8.377580409573),.UNSPECIFIED.) CURVE() 
GEOMETRIC_REPRESENTATION_ITEM() RATIONAL_B_SPLINE_CURVE((1.,0.5,1.,0.5,
1.,0.5,1.)) REPRESENTATION_ITEM('') );
#4726 = CARTESIAN_POINT('',(46.,31.5));
#4727 = CARTESIAN_POINT('',(49.637306695895,31.5));
#4728 = CARTESIAN_POINT('',(47.818653347947,28.35));
#4729 = CARTESIAN_POINT('',(46.,25.2));
#4730 = CARTESIAN_POINT('',(44.181346652053,28.35));
#4731 = CARTESIAN_POINT('',(42.362693304105,31.5));
#4732 = CARTESIAN_POINT('',(46.,31.5));
#4733 = ( GEOMETRIC_REPRESENTATION_CONTEXT(2) 
PARAMETRIC_REPRESENTATION_CONTEXT() REPRESENTATION_CONTEXT('2D SPACE',''
  ) );
#4734 = PCURVE('',#4735,#4740);
#4735 = CYLINDRICAL_SURFACE('',#4736,2.1);
#4736 = AXIS2_PLACEMENT_3D('',#4737,#4738,#4739);
#4737 = CARTESIAN_POINT('',(-23.6,7.95,26.));
#4738 = DIRECTION('',(0.,-1.,0.));
#4739 = DIRECTION('',(1.,0.,0.));
#4740 = DEFINITIONAL_REPRESENTATION('',(#4741),#4745);
#4741 = LINE('',#4742,#4743);
#4742 = CARTESIAN_POINT('',(0.,-6.6));
#4743 = VECTOR('',#4744,1.);
#4744 = DIRECTION('',(1.,0.));
#4745 = ( GEOMETRIC_REPRESENTATION_CONTEXT(2) 
PARAMETRIC_REPRESENTATION_CONTEXT() REPRESENTATION_CONTEXT('2D SPACE',''
  ) );
#4746 = ADVANCED_FACE('',(#4747),#1545,.F.);
#4747 = FACE_BOUND('',#4748,.T.);
#4748 = EDGE_LOOP('',(#4749,#4750,#4751,#4752));
#4749 = ORIENTED_EDGE('',*,*,#1562,.T.);
#4750 = ORIENTED_EDGE('',*,*,#4502,.T.);
#4751 = ORIENTED_EDGE('',*,*,#2965,.T.);
#4752 = ORIENTED_EDGE('',*,*,#1531,.F.);
#4753 = ADVANCED_FACE('',(#4754),#1663,.F.);
#4754 = FACE_BOUND('',#4755,.F.);
#4755 = EDGE_LOOP('',(#4756,#4757,#4758,#4759,#4760,#4761,#4762,#4763));
#4756 = ORIENTED_EDGE('',*,*,#1917,.F.);
#4757 = ORIENTED_EDGE('',*,*,#1844,.F.);
#4758 = ORIENTED_EDGE('',*,*,#1745,.T.);
#4759 = ORIENTED_EDGE('',*,*,#1645,.F.);
#4760 = ORIENTED_EDGE('',*,*,#1795,.T.);
#4761 = ORIENTED_EDGE('',*,*,#1868,.T.);
#4762 = ORIENTED_EDGE('',*,*,#2063,.T.);
#4763 = ORIENTED_EDGE('',*,*,#2265,.F.);
#4764 = ADVANCED_FACE('',(#4765,#4791),#2028,.F.);
#4765 = FACE_BOUND('',#4766,.F.);
#4766 = EDGE_LOOP('',(#4767,#4768,#4769,#4790));
#4767 = ORIENTED_EDGE('',*,*,#2108,.F.);
#4768 = ORIENTED_EDGE('',*,*,#2013,.F.);
#4769 = ORIENTED_EDGE('',*,*,#4770,.T.);
#4770 = EDGE_CURVE('',#1988,#2439,#4771,.T.);
#4771 = SURFACE_CURVE('',#4772,(#4776,#4783),.PCURVE_S1.);
#4772 = LINE('',#4773,#4774);
#4773 = CARTESIAN_POINT('',(-41.,3.6,5.));
#4774 = VECTOR('',#4775,1.);
#4775 = DIRECTION('',(1.,0.,0.));
#4776 = PCURVE('',#2028,#4777);
#4777 = DEFINITIONAL_REPRESENTATION('',(#4778),#4782);
#4778 = LINE('',#4779,#4780);
#4779 = CARTESIAN_POINT('',(21.,0.));
#4780 = VECTOR('',#4781,1.);
#4781 = DIRECTION('',(0.,1.));
#4782 = ( GEOMETRIC_REPRESENTATION_CONTEXT(2) 
PARAMETRIC_REPRESENTATION_CONTEXT() REPRESENTATION_CONTEXT('2D SPACE',''
  ) );
#4783 = PCURVE('',#2002,#4784);
#4784 = DEFINITIONAL_REPRESENTATION('',(#4785),#4789);
#4785 = LINE('',#4786,#4787);
#4786 = CARTESIAN_POINT('',(0.,7.2));
#4787 = VECTOR('',#4788,1.);
#4788 = DIRECTION('',(1.,0.));
#4789 = ( GEOMETRIC_REPRESENTATION_CONTEXT(2) 
PARAMETRIC_REPRESENTATION_CONTEXT() REPRESENTATION_CONTEXT('2D SPACE',''
  ) );
#4790 = ORIENTED_EDGE('',*,*,#2555,.F.);
#4791 = FACE_BOUND('',#4792,.F.);
#4792 = EDGE_LOOP('',(#4793));
#4793 = ORIENTED_EDGE('',*,*,#4794,.T.);
#4794 = EDGE_CURVE('',#4795,#4795,#4797,.T.);
#4795 = VERTEX_POINT('',#4796);
#4796 = CARTESIAN_POINT('',(-21.15,3.6,-5.5));
#4797 = SURFACE_CURVE('',#4798,(#4803,#4814),.PCURVE_S1.);
#4798 = CIRCLE('',#4799,1.05);
#4799 = AXIS2_PLACEMENT_3D('',#4800,#4801,#4802);
#4800 = CARTESIAN_POINT('',(-22.2,3.6,-5.5));
#4801 = DIRECTION('',(0.,-1.,0.));
#4802 = DIRECTION('',(1.,0.,0.));
#4803 = PCURVE('',#2028,#4804);
#4804 = DEFINITIONAL_REPRESENTATION('',(#4805),#4813);
#4805 = ( BOUNDED_CURVE() B_SPLINE_CURVE(2,(#4806,#4807,#4808,#4809,
#4810,#4811,#4812),.UNSPECIFIED.,.T.,.F.) B_SPLINE_CURVE_WITH_KNOTS((1,2
    ,2,2,2,1),(-2.094395102393,0.,2.094395102393,4.188790204786,
6.28318530718,8.377580409573),.UNSPECIFIED.) CURVE() 
GEOMETRIC_REPRESENTATION_ITEM() RATIONAL_B_SPLINE_CURVE((1.,0.5,1.,0.5,
1.,0.5,1.)) REPRESENTATION_ITEM('') );
#4806 = CARTESIAN_POINT('',(10.5,19.85));
#4807 = CARTESIAN_POINT('',(12.318653347947,19.85));
#4808 = CARTESIAN_POINT('',(11.409326673974,18.275));
#4809 = CARTESIAN_POINT('',(10.5,16.7));
#4810 = CARTESIAN_POINT('',(9.590673326026,18.275));
#4811 = CARTESIAN_POINT('',(8.681346652053,19.85));
#4812 = CARTESIAN_POINT('',(10.5,19.85));
#4813 = ( GEOMETRIC_REPRESENTATION_CONTEXT(2) 
PARAMETRIC_REPRESENTATION_CONTEXT() REPRESENTATION_CONTEXT('2D SPACE',''
  ) );
#4814 = PCURVE('',#4815,#4820);
#4815 = CYLINDRICAL_SURFACE('',#4816,1.05);
#4816 = AXIS2_PLACEMENT_3D('',#4817,#4818,#4819);
#4817 = CARTESIAN_POINT('',(-22.2,-13.55,-5.5));
#4818 = DIRECTION('',(0.,-1.,0.));
#4819 = DIRECTION('',(1.,0.,0.));
#4820 = DEFINITIONAL_REPRESENTATION('',(#4821),#4825);
#4821 = LINE('',#4822,#4823);
#4822 = CARTESIAN_POINT('',(0.,-17.15));
#4823 = VECTOR('',#4824,1.);
#4824 = DIRECTION('',(1.,0.));
#4825 = ( GEOMETRIC_REPRESENTATION_CONTEXT(2) 
PARAMETRIC_REPRESENTATION_CONTEXT() REPRESENTATION_CONTEXT('2D SPACE',''
  ) );
#4826 = ADVANCED_FACE('',(#4827),#2002,.F.);
#4827 = FACE_BOUND('',#4828,.F.);
#4828 = EDGE_LOOP('',(#4829,#4830,#4831,#4850));
#4829 = ORIENTED_EDGE('',*,*,#4770,.F.);
#4830 = ORIENTED_EDGE('',*,*,#1987,.F.);
#4831 = ORIENTED_EDGE('',*,*,#4832,.F.);
#4832 = EDGE_CURVE('',#2437,#1962,#4833,.T.);
#4833 = SURFACE_CURVE('',#4834,(#4838,#4844),.PCURVE_S1.);
#4834 = LINE('',#4835,#4836);
#4835 = CARTESIAN_POINT('',(-49.5,0.,5.));
#4836 = VECTOR('',#4837,1.);
#4837 = DIRECTION('',(-1.,0.,0.));
#4838 = PCURVE('',#2002,#4839);
#4839 = DEFINITIONAL_REPRESENTATION('',(#4840),#4843);
#4840 = B_SPLINE_CURVE_WITH_KNOTS('',1,(#4841,#4842),.UNSPECIFIED.,.F.,
  .F.,(2,2),(-33.21,-18.6),.PIECEWISE_BEZIER_KNOTS.);
#4841 = CARTESIAN_POINT('',(24.71,3.6));
#4842 = CARTESIAN_POINT('',(10.1,3.6));
#4843 = ( GEOMETRIC_REPRESENTATION_CONTEXT(2) 
PARAMETRIC_REPRESENTATION_CONTEXT() REPRESENTATION_CONTEXT('2D SPACE',''
  ) );
#4844 = PCURVE('',#1976,#4845);
#4845 = DEFINITIONAL_REPRESENTATION('',(#4846),#4849);
#4846 = B_SPLINE_CURVE_WITH_KNOTS('',1,(#4847,#4848),.UNSPECIFIED.,.F.,
  .F.,(2,2),(-33.21,-18.6),.PIECEWISE_BEZIER_KNOTS.);
#4847 = CARTESIAN_POINT('',(30.,41.71));
#4848 = CARTESIAN_POINT('',(30.,27.1));
#4849 = ( GEOMETRIC_REPRESENTATION_CONTEXT(2) 
PARAMETRIC_REPRESENTATION_CONTEXT() REPRESENTATION_CONTEXT('2D SPACE',''
  ) );
#4850 = ORIENTED_EDGE('',*,*,#2436,.T.);
#4851 = ADVANCED_FACE('',(#4852,#4970,#5005,#5040),#1976,.F.);
#4852 = FACE_BOUND('',#4853,.F.);
#4853 = EDGE_LOOP('',(#4854,#4855,#4874,#4875,#4876,#4877,#4878,#4899,
    #4925,#4951));
#4854 = ORIENTED_EDGE('',*,*,#2678,.F.);
#4855 = ORIENTED_EDGE('',*,*,#4856,.T.);
#4856 = EDGE_CURVE('',#2679,#2462,#4857,.T.);
#4857 = SURFACE_CURVE('',#4858,(#4862,#4868),.PCURVE_S1.);
#4858 = LINE('',#4859,#4860);
#4859 = CARTESIAN_POINT('',(-37.155,0.,3.));
#4860 = VECTOR('',#4861,1.);
#4861 = DIRECTION('',(-1.,0.,0.));
#4862 = PCURVE('',#1976,#4863);
#4863 = DEFINITIONAL_REPRESENTATION('',(#4864),#4867);
#4864 = B_SPLINE_CURVE_WITH_KNOTS('',1,(#4865,#4866),.UNSPECIFIED.,.F.,
  .F.,(2,2),(-22.855,-20.865),.PIECEWISE_BEZIER_KNOTS.);
#4865 = CARTESIAN_POINT('',(28.,43.7));
#4866 = CARTESIAN_POINT('',(28.,41.71));
#4867 = ( GEOMETRIC_REPRESENTATION_CONTEXT(2) 
PARAMETRIC_REPRESENTATION_CONTEXT() REPRESENTATION_CONTEXT('2D SPACE',''
  ) );
#4868 = PCURVE('',#2497,#4869);
#4869 = DEFINITIONAL_REPRESENTATION('',(#4870),#4873);
#4870 = B_SPLINE_CURVE_WITH_KNOTS('',1,(#4871,#4872),.UNSPECIFIED.,.F.,
  .F.,(2,2),(-22.855,-20.865),.PIECEWISE_BEZIER_KNOTS.);
#4871 = CARTESIAN_POINT('',(2.01,3.5));
#4872 = CARTESIAN_POINT('',(2.E-02,3.5));
#4873 = ( GEOMETRIC_REPRESENTATION_CONTEXT(2) 
PARAMETRIC_REPRESENTATION_CONTEXT() REPRESENTATION_CONTEXT('2D SPACE',''
  ) );
#4874 = ORIENTED_EDGE('',*,*,#2461,.T.);
#4875 = ORIENTED_EDGE('',*,*,#4832,.T.);
#4876 = ORIENTED_EDGE('',*,*,#1961,.T.);
#4877 = ORIENTED_EDGE('',*,*,#2286,.F.);
#4878 = ORIENTED_EDGE('',*,*,#4879,.T.);
#4879 = EDGE_CURVE('',#2287,#4880,#4882,.T.);
#4880 = VERTEX_POINT('',#4881);
#4881 = CARTESIAN_POINT('',(-16.3,0.,36.));
#4882 = SURFACE_CURVE('',#4883,(#4887,#4893),.PCURVE_S1.);
#4883 = LINE('',#4884,#4885);
#4884 = CARTESIAN_POINT('',(-16.3,0.,4.245));
#4885 = VECTOR('',#4886,1.);
#4886 = DIRECTION('',(0.,0.,1.));
#4887 = PCURVE('',#1976,#4888);
#4888 = DEFINITIONAL_REPRESENTATION('',(#4889),#4892);
#4889 = B_SPLINE_CURVE_WITH_KNOTS('',1,(#4890,#4891),.UNSPECIFIED.,.F.,
  .F.,(2,2),(29.255,31.755),.PIECEWISE_BEZIER_KNOTS.);
#4890 = CARTESIAN_POINT('',(58.5,41.7));
#4891 = CARTESIAN_POINT('',(61.,41.7));
#4892 = ( GEOMETRIC_REPRESENTATION_CONTEXT(2) 
PARAMETRIC_REPRESENTATION_CONTEXT() REPRESENTATION_CONTEXT('2D SPACE',''
  ) );
#4893 = PCURVE('',#2322,#4894);
#4894 = DEFINITIONAL_REPRESENTATION('',(#4895),#4898);
#4895 = B_SPLINE_CURVE_WITH_KNOTS('',1,(#4896,#4897),.UNSPECIFIED.,.F.,
  .F.,(2,2),(29.255,31.755),.PIECEWISE_BEZIER_KNOTS.);
#4896 = CARTESIAN_POINT('',(9.999999999998E-03,-10.25));
#4897 = CARTESIAN_POINT('',(2.51,-10.25));
#4898 = ( GEOMETRIC_REPRESENTATION_CONTEXT(2) 
PARAMETRIC_REPRESENTATION_CONTEXT() REPRESENTATION_CONTEXT('2D SPACE',''
  ) );
#4899 = ORIENTED_EDGE('',*,*,#4900,.T.);
#4900 = EDGE_CURVE('',#4880,#4901,#4903,.T.);
#4901 = VERTEX_POINT('',#4902);
#4902 = CARTESIAN_POINT('',(-15.8,0.,36.5));
#4903 = SURFACE_CURVE('',#4904,(#4908,#4914),.PCURVE_S1.);
#4904 = LINE('',#4905,#4906);
#4905 = CARTESIAN_POINT('',(-41.85,-8.881784197001E-16,10.45));
#4906 = VECTOR('',#4907,1.);
#4907 = DIRECTION('',(0.707106781187,-0.,0.707106781187));
#4908 = PCURVE('',#1976,#4909);
#4909 = DEFINITIONAL_REPRESENTATION('',(#4910),#4913);
#4910 = B_SPLINE_CURVE_WITH_KNOTS('',1,(#4911,#4912),.UNSPECIFIED.,.F.,
  .F.,(2,2),(36.133156518633,36.840263299819),.PIECEWISE_BEZIER_KNOTS.);
#4911 = CARTESIAN_POINT('',(61.,41.7));
#4912 = CARTESIAN_POINT('',(61.5,42.2));
#4913 = ( GEOMETRIC_REPRESENTATION_CONTEXT(2) 
PARAMETRIC_REPRESENTATION_CONTEXT() REPRESENTATION_CONTEXT('2D SPACE',''
  ) );
#4914 = PCURVE('',#4915,#4920);
#4915 = PLANE('',#4916);
#4916 = AXIS2_PLACEMENT_3D('',#4917,#4918,#4919);
#4917 = CARTESIAN_POINT('',(-16.05,-10.25,36.25));
#4918 = DIRECTION('',(0.707106781187,0.,-0.707106781187));
#4919 = DIRECTION('',(0.,1.,0.));
#4920 = DEFINITIONAL_REPRESENTATION('',(#4921),#4924);
#4921 = B_SPLINE_CURVE_WITH_KNOTS('',1,(#4922,#4923),.UNSPECIFIED.,.F.,
  .F.,(2,2),(36.133156518633,36.840263299819),.PIECEWISE_BEZIER_KNOTS.);
#4922 = CARTESIAN_POINT('',(10.25,-0.353553390593));
#4923 = CARTESIAN_POINT('',(10.25,0.353553390593));
#4924 = ( GEOMETRIC_REPRESENTATION_CONTEXT(2) 
PARAMETRIC_REPRESENTATION_CONTEXT() REPRESENTATION_CONTEXT('2D SPACE',''
  ) );
#4925 = ORIENTED_EDGE('',*,*,#4926,.F.);
#4926 = EDGE_CURVE('',#4927,#4901,#4929,.T.);
#4927 = VERTEX_POINT('',#4928);
#4928 = CARTESIAN_POINT('',(-14.8,0.,36.5));
#4929 = SURFACE_CURVE('',#4930,(#4934,#4940),.PCURVE_S1.);
#4930 = LINE('',#4931,#4932);
#4931 = CARTESIAN_POINT('',(-37.15,0.,36.5));
#4932 = VECTOR('',#4933,1.);
#4933 = DIRECTION('',(-1.,0.,0.));
#4934 = PCURVE('',#1976,#4935);
#4935 = DEFINITIONAL_REPRESENTATION('',(#4936),#4939);
#4936 = B_SPLINE_CURVE_WITH_KNOTS('',1,(#4937,#4938),.UNSPECIFIED.,.F.,
  .F.,(2,2),(-22.35,-21.35),.PIECEWISE_BEZIER_KNOTS.);
#4937 = CARTESIAN_POINT('',(61.5,43.2));
#4938 = CARTESIAN_POINT('',(61.5,42.2));
#4939 = ( GEOMETRIC_REPRESENTATION_CONTEXT(2) 
PARAMETRIC_REPRESENTATION_CONTEXT() REPRESENTATION_CONTEXT('2D SPACE',''
  ) );
#4940 = PCURVE('',#4941,#4946);
#4941 = PLANE('',#4942);
#4942 = AXIS2_PLACEMENT_3D('',#4943,#4944,#4945);
#4943 = CARTESIAN_POINT('',(-16.3,-10.25,36.5));
#4944 = DIRECTION('',(0.,0.,1.));
#4945 = DIRECTION('',(1.,0.,0.));
#4946 = DEFINITIONAL_REPRESENTATION('',(#4947),#4950);
#4947 = B_SPLINE_CURVE_WITH_KNOTS('',1,(#4948,#4949),.UNSPECIFIED.,.F.,
  .F.,(2,2),(-22.35,-21.35),.PIECEWISE_BEZIER_KNOTS.);
#4948 = CARTESIAN_POINT('',(1.5,10.25));
#4949 = CARTESIAN_POINT('',(0.5,10.25));
#4950 = ( GEOMETRIC_REPRESENTATION_CONTEXT(2) 
PARAMETRIC_REPRESENTATION_CONTEXT() REPRESENTATION_CONTEXT('2D SPACE',''
  ) );
#4951 = ORIENTED_EDGE('',*,*,#4952,.F.);
#4952 = EDGE_CURVE('',#2651,#4927,#4953,.T.);
#4953 = SURFACE_CURVE('',#4954,(#4958,#4964),.PCURVE_S1.);
#4954 = LINE('',#4955,#4956);
#4955 = CARTESIAN_POINT('',(-10.1,-8.881784197001E-16,31.8));
#4956 = VECTOR('',#4957,1.);
#4957 = DIRECTION('',(-0.707106781187,0.,0.707106781187));
#4958 = PCURVE('',#1976,#4959);
#4959 = DEFINITIONAL_REPRESENTATION('',(#4960),#4963);
#4960 = B_SPLINE_CURVE_WITH_KNOTS('',1,(#4961,#4962),.UNSPECIFIED.,.F.,
  .F.,(2,2),(5.939696961967,6.646803743154),.PIECEWISE_BEZIER_KNOTS.);
#4961 = CARTESIAN_POINT('',(61.,43.7));
#4962 = CARTESIAN_POINT('',(61.5,43.2));
#4963 = ( GEOMETRIC_REPRESENTATION_CONTEXT(2) 
PARAMETRIC_REPRESENTATION_CONTEXT() REPRESENTATION_CONTEXT('2D SPACE',''
  ) );
#4964 = PCURVE('',#2666,#4965);
#4965 = DEFINITIONAL_REPRESENTATION('',(#4966),#4969);
#4966 = B_SPLINE_CURVE_WITH_KNOTS('',1,(#4967,#4968),.UNSPECIFIED.,.F.,
  .F.,(2,2),(5.939696961967,6.646803743154),.PIECEWISE_BEZIER_KNOTS.);
#4967 = CARTESIAN_POINT('',(10.25,-0.353553390593));
#4968 = CARTESIAN_POINT('',(10.25,0.353553390593));
#4969 = ( GEOMETRIC_REPRESENTATION_CONTEXT(2) 
PARAMETRIC_REPRESENTATION_CONTEXT() REPRESENTATION_CONTEXT('2D SPACE',''
  ) );
#4970 = FACE_BOUND('',#4971,.F.);
#4971 = EDGE_LOOP('',(#4972));
#4972 = ORIENTED_EDGE('',*,*,#4973,.T.);
#4973 = EDGE_CURVE('',#4974,#4974,#4976,.T.);
#4974 = VERTEX_POINT('',#4975);
#4975 = CARTESIAN_POINT('',(-26.45,0.,19.));
#4976 = SURFACE_CURVE('',#4977,(#4982,#4993),.PCURVE_S1.);
#4977 = CIRCLE('',#4978,1.05);
#4978 = AXIS2_PLACEMENT_3D('',#4979,#4980,#4981);
#4979 = CARTESIAN_POINT('',(-27.5,0.,19.));
#4980 = DIRECTION('',(0.,-1.,0.));
#4981 = DIRECTION('',(1.,0.,0.));
#4982 = PCURVE('',#1976,#4983);
#4983 = DEFINITIONAL_REPRESENTATION('',(#4984),#4992);
#4984 = ( BOUNDED_CURVE() B_SPLINE_CURVE(2,(#4985,#4986,#4987,#4988,
#4989,#4990,#4991),.UNSPECIFIED.,.T.,.F.) B_SPLINE_CURVE_WITH_KNOTS((1,2
    ,2,2,2,1),(-2.094395102393,0.,2.094395102393,4.188790204786,
6.28318530718,8.377580409573),.UNSPECIFIED.) CURVE() 
GEOMETRIC_REPRESENTATION_ITEM() RATIONAL_B_SPLINE_CURVE((1.,0.5,1.,0.5,
1.,0.5,1.)) REPRESENTATION_ITEM('') );
#4985 = CARTESIAN_POINT('',(44.,31.55));
#4986 = CARTESIAN_POINT('',(45.818653347947,31.55));
#4987 = CARTESIAN_POINT('',(44.909326673974,29.975));
#4988 = CARTESIAN_POINT('',(44.,28.4));
#4989 = CARTESIAN_POINT('',(43.090673326026,29.975));
#4990 = CARTESIAN_POINT('',(42.181346652053,31.55));
#4991 = CARTESIAN_POINT('',(44.,31.55));
#4992 = ( GEOMETRIC_REPRESENTATION_CONTEXT(2) 
PARAMETRIC_REPRESENTATION_CONTEXT() REPRESENTATION_CONTEXT('2D SPACE',''
  ) );
#4993 = PCURVE('',#4994,#4999);
#4994 = CYLINDRICAL_SURFACE('',#4995,1.05);
#4995 = AXIS2_PLACEMENT_3D('',#4996,#4997,#4998);
#4996 = CARTESIAN_POINT('',(-27.5,-1.E-02,19.));
#4997 = DIRECTION('',(0.,-1.,0.));
#4998 = DIRECTION('',(1.,0.,0.));
#4999 = DEFINITIONAL_REPRESENTATION('',(#5000),#5004);
#5000 = LINE('',#5001,#5002);
#5001 = CARTESIAN_POINT('',(0.,-1.E-02));
#5002 = VECTOR('',#5003,1.);
#5003 = DIRECTION('',(1.,0.));
#5004 = ( GEOMETRIC_REPRESENTATION_CONTEXT(2) 
PARAMETRIC_REPRESENTATION_CONTEXT() REPRESENTATION_CONTEXT('2D SPACE',''
  ) );
#5005 = FACE_BOUND('',#5006,.F.);
#5006 = EDGE_LOOP('',(#5007));
#5007 = ORIENTED_EDGE('',*,*,#5008,.T.);
#5008 = EDGE_CURVE('',#5009,#5009,#5011,.T.);
#5009 = VERTEX_POINT('',#5010);
#5010 = CARTESIAN_POINT('',(-22.45,0.,12.));
#5011 = SURFACE_CURVE('',#5012,(#5017,#5028),.PCURVE_S1.);
#5012 = CIRCLE('',#5013,1.15);
#5013 = AXIS2_PLACEMENT_3D('',#5014,#5015,#5016);
#5014 = CARTESIAN_POINT('',(-23.6,0.,12.));
#5015 = DIRECTION('',(0.,-1.,0.));
#5016 = DIRECTION('',(1.,0.,0.));
#5017 = PCURVE('',#1976,#5018);
#5018 = DEFINITIONAL_REPRESENTATION('',(#5019),#5027);
#5019 = ( BOUNDED_CURVE() B_SPLINE_CURVE(2,(#5020,#5021,#5022,#5023,
#5024,#5025,#5026),.UNSPECIFIED.,.T.,.F.) B_SPLINE_CURVE_WITH_KNOTS((1,2
    ,2,2,2,1),(-2.094395102393,0.,2.094395102393,4.188790204786,
6.28318530718,8.377580409573),.UNSPECIFIED.) CURVE() 
GEOMETRIC_REPRESENTATION_ITEM() RATIONAL_B_SPLINE_CURVE((1.,0.5,1.,0.5,
1.,0.5,1.)) REPRESENTATION_ITEM('') );
#5020 = CARTESIAN_POINT('',(37.,35.55));
#5021 = CARTESIAN_POINT('',(38.991858428704,35.55));
#5022 = CARTESIAN_POINT('',(37.995929214352,33.825));
#5023 = CARTESIAN_POINT('',(37.,32.1));
#5024 = CARTESIAN_POINT('',(36.004070785648,33.825));
#5025 = CARTESIAN_POINT('',(35.008141571296,35.55));
#5026 = CARTESIAN_POINT('',(37.,35.55));
#5027 = ( GEOMETRIC_REPRESENTATION_CONTEXT(2) 
PARAMETRIC_REPRESENTATION_CONTEXT() REPRESENTATION_CONTEXT('2D SPACE',''
  ) );
#5028 = PCURVE('',#5029,#5034);
#5029 = CYLINDRICAL_SURFACE('',#5030,1.15);
#5030 = AXIS2_PLACEMENT_3D('',#5031,#5032,#5033);
#5031 = CARTESIAN_POINT('',(-23.6,-15.55,12.));
#5032 = DIRECTION('',(0.,-1.,0.));
#5033 = DIRECTION('',(1.,0.,0.));
#5034 = DEFINITIONAL_REPRESENTATION('',(#5035),#5039);
#5035 = LINE('',#5036,#5037);
#5036 = CARTESIAN_POINT('',(0.,-15.55));
#5037 = VECTOR('',#5038,1.);
#5038 = DIRECTION('',(1.,0.));
#5039 = ( GEOMETRIC_REPRESENTATION_CONTEXT(2) 
PARAMETRIC_REPRESENTATION_CONTEXT() REPRESENTATION_CONTEXT('2D SPACE',''
  ) );
#5040 = FACE_BOUND('',#5041,.F.);
#5041 = EDGE_LOOP('',(#5042));
#5042 = ORIENTED_EDGE('',*,*,#5043,.T.);
#5043 = EDGE_CURVE('',#5044,#5044,#5046,.T.);
#5044 = VERTEX_POINT('',#5045);
#5045 = CARTESIAN_POINT('',(-22.45,0.,26.));
#5046 = SURFACE_CURVE('',#5047,(#5052,#5063),.PCURVE_S1.);
#5047 = CIRCLE('',#5048,1.15);
#5048 = AXIS2_PLACEMENT_3D('',#5049,#5050,#5051);
#5049 = CARTESIAN_POINT('',(-23.6,0.,26.));
#5050 = DIRECTION('',(0.,-1.,0.));
#5051 = DIRECTION('',(1.,0.,0.));
#5052 = PCURVE('',#1976,#5053);
#5053 = DEFINITIONAL_REPRESENTATION('',(#5054),#5062);
#5054 = ( BOUNDED_CURVE() B_SPLINE_CURVE(2,(#5055,#5056,#5057,#5058,
#5059,#5060,#5061),.UNSPECIFIED.,.T.,.F.) B_SPLINE_CURVE_WITH_KNOTS((1,2
    ,2,2,2,1),(-2.094395102393,0.,2.094395102393,4.188790204786,
6.28318530718,8.377580409573),.UNSPECIFIED.) CURVE() 
GEOMETRIC_REPRESENTATION_ITEM() RATIONAL_B_SPLINE_CURVE((1.,0.5,1.,0.5,
1.,0.5,1.)) REPRESENTATION_ITEM('') );
#5055 = CARTESIAN_POINT('',(51.,35.55));
#5056 = CARTESIAN_POINT('',(52.991858428704,35.55));
#5057 = CARTESIAN_POINT('',(51.995929214352,33.825));
#5058 = CARTESIAN_POINT('',(51.,32.1));
#5059 = CARTESIAN_POINT('',(50.004070785648,33.825));
#5060 = CARTESIAN_POINT('',(49.008141571296,35.55));
#5061 = CARTESIAN_POINT('',(51.,35.55));
#5062 = ( GEOMETRIC_REPRESENTATION_CONTEXT(2) 
PARAMETRIC_REPRESENTATION_CONTEXT() REPRESENTATION_CONTEXT('2D SPACE',''
  ) );
#5063 = PCURVE('',#5064,#5069);
#5064 = CYLINDRICAL_SURFACE('',#5065,1.15);
#5065 = AXIS2_PLACEMENT_3D('',#5066,#5067,#5068);
#5066 = CARTESIAN_POINT('',(-23.6,-15.55,26.));
#5067 = DIRECTION('',(0.,-1.,0.));
#5068 = DIRECTION('',(1.,0.,0.));
#5069 = DEFINITIONAL_REPRESENTATION('',(#5070),#5074);
#5070 = LINE('',#5071,#5072);
#5071 = CARTESIAN_POINT('',(0.,-15.55));
#5072 = VECTOR('',#5073,1.);
#5073 = DIRECTION('',(1.,0.));
#5074 = ( GEOMETRIC_REPRESENTATION_CONTEXT(2) 
PARAMETRIC_REPRESENTATION_CONTEXT() REPRESENTATION_CONTEXT('2D SPACE',''
  ) );
#5075 = ADVANCED_FACE('',(#5076),#2174,.F.);
#5076 = FACE_BOUND('',#5077,.F.);
#5077 = EDGE_LOOP('',(#5078,#5079,#5100,#5119));
#5078 = ORIENTED_EDGE('',*,*,#3710,.F.);
#5079 = ORIENTED_EDGE('',*,*,#5080,.T.);
#5080 = EDGE_CURVE('',#3711,#5081,#5083,.T.);
#5081 = VERTEX_POINT('',#5082);
#5082 = CARTESIAN_POINT('',(-0.8,0.,31.5));
#5083 = SURFACE_CURVE('',#5084,(#5088,#5094),.PCURVE_S1.);
#5084 = LINE('',#5085,#5086);
#5085 = CARTESIAN_POINT('',(-36.15,0.,31.5));
#5086 = VECTOR('',#5087,1.);
#5087 = DIRECTION('',(-1.,0.,0.));
#5088 = PCURVE('',#2174,#5089);
#5089 = DEFINITIONAL_REPRESENTATION('',(#5090),#5093);
#5090 = B_SPLINE_CURVE_WITH_KNOTS('',1,(#5091,#5092),.UNSPECIFIED.,.F.,
  .F.,(2,2),(-36.15,-35.35),.PIECEWISE_BEZIER_KNOTS.);
#5091 = CARTESIAN_POINT('',(56.5,58.));
#5092 = CARTESIAN_POINT('',(56.5,57.2));
#5093 = ( GEOMETRIC_REPRESENTATION_CONTEXT(2) 
PARAMETRIC_REPRESENTATION_CONTEXT() REPRESENTATION_CONTEXT('2D SPACE',''
  ) );
#5094 = PCURVE('',#3746,#5095);
#5095 = DEFINITIONAL_REPRESENTATION('',(#5096),#5099);
#5096 = B_SPLINE_CURVE_WITH_KNOTS('',1,(#5097,#5098),.UNSPECIFIED.,.F.,
  .F.,(2,2),(-36.15,-35.35),.PIECEWISE_BEZIER_KNOTS.);
#5097 = CARTESIAN_POINT('',(14.3,10.25));
#5098 = CARTESIAN_POINT('',(13.5,10.25));
#5099 = ( GEOMETRIC_REPRESENTATION_CONTEXT(2) 
PARAMETRIC_REPRESENTATION_CONTEXT() REPRESENTATION_CONTEXT('2D SPACE',''
  ) );
#5100 = ORIENTED_EDGE('',*,*,#5101,.F.);
#5101 = EDGE_CURVE('',#2160,#5081,#5102,.T.);
#5102 = SURFACE_CURVE('',#5103,(#5107,#5113),.PCURVE_S1.);
#5103 = LINE('',#5104,#5105);
#5104 = CARTESIAN_POINT('',(-0.8,0.,4.198431457505));
#5105 = VECTOR('',#5106,1.);
#5106 = DIRECTION('',(0.,0.,-1.));
#5107 = PCURVE('',#2174,#5108);
#5108 = DEFINITIONAL_REPRESENTATION('',(#5109),#5112);
#5109 = B_SPLINE_CURVE_WITH_KNOTS('',1,(#5110,#5111),.UNSPECIFIED.,.F.,
  .F.,(2,2),(-29.30156854249,-27.30156854249),.PIECEWISE_BEZIER_KNOTS.);
#5110 = CARTESIAN_POINT('',(58.5,57.2));
#5111 = CARTESIAN_POINT('',(56.5,57.2));
#5112 = ( GEOMETRIC_REPRESENTATION_CONTEXT(2) 
PARAMETRIC_REPRESENTATION_CONTEXT() REPRESENTATION_CONTEXT('2D SPACE',''
  ) );
#5113 = PCURVE('',#2421,#5114);
#5114 = DEFINITIONAL_REPRESENTATION('',(#5115),#5118);
#5115 = B_SPLINE_CURVE_WITH_KNOTS('',1,(#5116,#5117),.UNSPECIFIED.,.F.,
  .F.,(2,2),(-29.30156854249,-27.30156854249),.PIECEWISE_BEZIER_KNOTS.);
#5116 = CARTESIAN_POINT('',(-0.10313708499,-10.35313708499));
#5117 = CARTESIAN_POINT('',(1.89686291501,-10.35313708499));
#5118 = ( GEOMETRIC_REPRESENTATION_CONTEXT(2) 
PARAMETRIC_REPRESENTATION_CONTEXT() REPRESENTATION_CONTEXT('2D SPACE',''
  ) );
#5119 = ORIENTED_EDGE('',*,*,#2157,.F.);
#5120 = ADVANCED_FACE('',(#5121),#2421,.T.);
#5121 = FACE_BOUND('',#5122,.T.);
#5122 = EDGE_LOOP('',(#5123,#5124,#5147,#5170,#5190));
#5123 = ORIENTED_EDGE('',*,*,#2407,.F.);
#5124 = ORIENTED_EDGE('',*,*,#5125,.F.);
#5125 = EDGE_CURVE('',#5126,#2382,#5128,.T.);
#5126 = VERTEX_POINT('',#5127);
#5127 = CARTESIAN_POINT('',(-0.8,10.25,33.2));
#5128 = SURFACE_CURVE('',#5129,(#5133,#5140),.PCURVE_S1.);
#5129 = LINE('',#5130,#5131);
#5130 = CARTESIAN_POINT('',(-0.8,10.24,33.19));
#5131 = VECTOR('',#5132,1.);
#5132 = DIRECTION('',(0.,0.707106781187,0.707106781187));
#5133 = PCURVE('',#2421,#5134);
#5134 = DEFINITIONAL_REPRESENTATION('',(#5135),#5139);
#5135 = LINE('',#5136,#5137);
#5136 = CARTESIAN_POINT('',(0.20686291501,-20.59313708499));
#5137 = VECTOR('',#5138,1.);
#5138 = DIRECTION('',(-0.707106781187,-0.707106781187));
#5139 = ( GEOMETRIC_REPRESENTATION_CONTEXT(2) 
PARAMETRIC_REPRESENTATION_CONTEXT() REPRESENTATION_CONTEXT('2D SPACE',''
  ) );
#5140 = PCURVE('',#2396,#5141);
#5141 = DEFINITIONAL_REPRESENTATION('',(#5142),#5146);
#5142 = LINE('',#5143,#5144);
#5143 = CARTESIAN_POINT('',(0.,-13.5));
#5144 = VECTOR('',#5145,1.);
#5145 = DIRECTION('',(1.,0.));
#5146 = ( GEOMETRIC_REPRESENTATION_CONTEXT(2) 
PARAMETRIC_REPRESENTATION_CONTEXT() REPRESENTATION_CONTEXT('2D SPACE',''
  ) );
#5147 = ORIENTED_EDGE('',*,*,#5148,.F.);
#5148 = EDGE_CURVE('',#5149,#5126,#5151,.T.);
#5149 = VERTEX_POINT('',#5150);
#5150 = CARTESIAN_POINT('',(-0.8,10.25,31.5));
#5151 = SURFACE_CURVE('',#5152,(#5156,#5163),.PCURVE_S1.);
#5152 = LINE('',#5153,#5154);
#5153 = CARTESIAN_POINT('',(-0.8,10.25,31.49));
#5154 = VECTOR('',#5155,1.);
#5155 = DIRECTION('',(0.,0.,1.));
#5156 = PCURVE('',#2421,#5157);
#5157 = DEFINITIONAL_REPRESENTATION('',(#5158),#5162);
#5158 = LINE('',#5159,#5160);
#5159 = CARTESIAN_POINT('',(1.90686291501,-20.60313708499));
#5160 = VECTOR('',#5161,1.);
#5161 = DIRECTION('',(-1.,0.));
#5162 = ( GEOMETRIC_REPRESENTATION_CONTEXT(2) 
PARAMETRIC_REPRESENTATION_CONTEXT() REPRESENTATION_CONTEXT('2D SPACE',''
  ) );
#5163 = PCURVE('',#2831,#5164);
#5164 = DEFINITIONAL_REPRESENTATION('',(#5165),#5169);
#5165 = LINE('',#5166,#5167);
#5166 = CARTESIAN_POINT('',(0.,13.5));
#5167 = VECTOR('',#5168,1.);
#5168 = DIRECTION('',(1.,0.));
#5169 = ( GEOMETRIC_REPRESENTATION_CONTEXT(2) 
PARAMETRIC_REPRESENTATION_CONTEXT() REPRESENTATION_CONTEXT('2D SPACE',''
  ) );
#5170 = ORIENTED_EDGE('',*,*,#5171,.F.);
#5171 = EDGE_CURVE('',#5081,#5149,#5172,.T.);
#5172 = SURFACE_CURVE('',#5173,(#5177,#5184),.PCURVE_S1.);
#5173 = LINE('',#5174,#5175);
#5174 = CARTESIAN_POINT('',(-0.8,-10.25,31.5));
#5175 = VECTOR('',#5176,1.);
#5176 = DIRECTION('',(0.,1.,0.));
#5177 = PCURVE('',#2421,#5178);
#5178 = DEFINITIONAL_REPRESENTATION('',(#5179),#5183);
#5179 = LINE('',#5180,#5181);
#5180 = CARTESIAN_POINT('',(1.89686291501,-0.10313708499));
#5181 = VECTOR('',#5182,1.);
#5182 = DIRECTION('',(0.,-1.));
#5183 = ( GEOMETRIC_REPRESENTATION_CONTEXT(2) 
PARAMETRIC_REPRESENTATION_CONTEXT() REPRESENTATION_CONTEXT('2D SPACE',''
  ) );
#5184 = PCURVE('',#3746,#5185);
#5185 = DEFINITIONAL_REPRESENTATION('',(#5186),#5189);
#5186 = B_SPLINE_CURVE_WITH_KNOTS('',1,(#5187,#5188),.UNSPECIFIED.,.F.,
  .F.,(2,2),(0.,20.5),.PIECEWISE_BEZIER_KNOTS.);
#5187 = CARTESIAN_POINT('',(13.5,0.));
#5188 = CARTESIAN_POINT('',(13.5,20.5));
#5189 = ( GEOMETRIC_REPRESENTATION_CONTEXT(2) 
PARAMETRIC_REPRESENTATION_CONTEXT() REPRESENTATION_CONTEXT('2D SPACE',''
  ) );
#5190 = ORIENTED_EDGE('',*,*,#5101,.F.);
#5191 = ADVANCED_FACE('',(#5192),#2396,.T.);
#5192 = FACE_BOUND('',#5193,.T.);
#5193 = EDGE_LOOP('',(#5194,#5195,#5214,#5215));
#5194 = ORIENTED_EDGE('',*,*,#2843,.F.);
#5195 = ORIENTED_EDGE('',*,*,#5196,.T.);
#5196 = EDGE_CURVE('',#2816,#5126,#5197,.T.);
#5197 = SURFACE_CURVE('',#5198,(#5202,#5208),.PCURVE_S1.);
#5198 = LINE('',#5199,#5200);
#5199 = CARTESIAN_POINT('',(-14.3,10.25,33.2));
#5200 = VECTOR('',#5201,1.);
#5201 = DIRECTION('',(1.,0.,-0.));
#5202 = PCURVE('',#2396,#5203);
#5203 = DEFINITIONAL_REPRESENTATION('',(#5204),#5207);
#5204 = B_SPLINE_CURVE_WITH_KNOTS('',1,(#5205,#5206),.UNSPECIFIED.,.F.,
  .F.,(2,2),(0.,13.5),.PIECEWISE_BEZIER_KNOTS.);
#5205 = CARTESIAN_POINT('',(1.414213562373E-02,0.));
#5206 = CARTESIAN_POINT('',(1.414213562373E-02,-13.5));
#5207 = ( GEOMETRIC_REPRESENTATION_CONTEXT(2) 
PARAMETRIC_REPRESENTATION_CONTEXT() REPRESENTATION_CONTEXT('2D SPACE',''
  ) );
#5208 = PCURVE('',#2831,#5209);
#5209 = DEFINITIONAL_REPRESENTATION('',(#5210),#5213);
#5210 = B_SPLINE_CURVE_WITH_KNOTS('',1,(#5211,#5212),.UNSPECIFIED.,.F.,
  .F.,(2,2),(0.,13.5),.PIECEWISE_BEZIER_KNOTS.);
#5211 = CARTESIAN_POINT('',(1.71,0.));
#5212 = CARTESIAN_POINT('',(1.71,13.5));
#5213 = ( GEOMETRIC_REPRESENTATION_CONTEXT(2) 
PARAMETRIC_REPRESENTATION_CONTEXT() REPRESENTATION_CONTEXT('2D SPACE',''
  ) );
#5214 = ORIENTED_EDGE('',*,*,#5125,.T.);
#5215 = ORIENTED_EDGE('',*,*,#2381,.F.);
#5216 = ADVANCED_FACE('',(#5217),#2348,.T.);
#5217 = FACE_BOUND('',#5218,.T.);
#5218 = EDGE_LOOP('',(#5219,#5220,#5221,#5244));
#5219 = ORIENTED_EDGE('',*,*,#2627,.F.);
#5220 = ORIENTED_EDGE('',*,*,#2333,.T.);
#5221 = ORIENTED_EDGE('',*,*,#5222,.T.);
#5222 = EDGE_CURVE('',#2308,#5223,#5225,.T.);
#5223 = VERTEX_POINT('',#5224);
#5224 = CARTESIAN_POINT('',(-16.3,10.25,36.));
#5225 = SURFACE_CURVE('',#5226,(#5230,#5237),.PCURVE_S1.);
#5226 = LINE('',#5227,#5228);
#5227 = CARTESIAN_POINT('',(-16.3,10.25,33.49));
#5228 = VECTOR('',#5229,1.);
#5229 = DIRECTION('',(0.,0.,1.));
#5230 = PCURVE('',#2348,#5231);
#5231 = DEFINITIONAL_REPRESENTATION('',(#5232),#5236);
#5232 = LINE('',#5233,#5234);
#5233 = CARTESIAN_POINT('',(0.,0.));
#5234 = VECTOR('',#5235,1.);
#5235 = DIRECTION('',(1.,0.));
#5236 = ( GEOMETRIC_REPRESENTATION_CONTEXT(2) 
PARAMETRIC_REPRESENTATION_CONTEXT() REPRESENTATION_CONTEXT('2D SPACE',''
  ) );
#5237 = PCURVE('',#2322,#5238);
#5238 = DEFINITIONAL_REPRESENTATION('',(#5239),#5243);
#5239 = LINE('',#5240,#5241);
#5240 = CARTESIAN_POINT('',(0.,-20.5));
#5241 = VECTOR('',#5242,1.);
#5242 = DIRECTION('',(1.,0.));
#5243 = ( GEOMETRIC_REPRESENTATION_CONTEXT(2) 
PARAMETRIC_REPRESENTATION_CONTEXT() REPRESENTATION_CONTEXT('2D SPACE',''
  ) );
#5244 = ORIENTED_EDGE('',*,*,#5245,.T.);
#5245 = EDGE_CURVE('',#5223,#2628,#5246,.T.);
#5246 = SURFACE_CURVE('',#5247,(#5251,#5258),.PCURVE_S1.);
#5247 = LINE('',#5248,#5249);
#5248 = CARTESIAN_POINT('',(-16.3,10.25,36.));
#5249 = VECTOR('',#5250,1.);
#5250 = DIRECTION('',(1.,0.,0.));
#5251 = PCURVE('',#2348,#5252);
#5252 = DEFINITIONAL_REPRESENTATION('',(#5253),#5257);
#5253 = LINE('',#5254,#5255);
#5254 = CARTESIAN_POINT('',(2.51,0.));
#5255 = VECTOR('',#5256,1.);
#5256 = DIRECTION('',(0.,1.));
#5257 = ( GEOMETRIC_REPRESENTATION_CONTEXT(2) 
PARAMETRIC_REPRESENTATION_CONTEXT() REPRESENTATION_CONTEXT('2D SPACE',''
  ) );
#5258 = PCURVE('',#5259,#5264);
#5259 = PLANE('',#5260);
#5260 = AXIS2_PLACEMENT_3D('',#5261,#5262,#5263);
#5261 = CARTESIAN_POINT('',(-16.3,10.,36.25));
#5262 = DIRECTION('',(0.,0.707106781187,0.707106781187));
#5263 = DIRECTION('',(-1.,-0.,0.));
#5264 = DEFINITIONAL_REPRESENTATION('',(#5265),#5269);
#5265 = LINE('',#5266,#5267);
#5266 = CARTESIAN_POINT('',(-0.,-0.353553390593));
#5267 = VECTOR('',#5268,1.);
#5268 = DIRECTION('',(-1.,0.));
#5269 = ( GEOMETRIC_REPRESENTATION_CONTEXT(2) 
PARAMETRIC_REPRESENTATION_CONTEXT() REPRESENTATION_CONTEXT('2D SPACE',''
  ) );
#5270 = ADVANCED_FACE('',(#5271),#2322,.F.);
#5271 = FACE_BOUND('',#5272,.F.);
#5272 = EDGE_LOOP('',(#5273,#5274,#5275,#5276));
#5273 = ORIENTED_EDGE('',*,*,#4879,.F.);
#5274 = ORIENTED_EDGE('',*,*,#2307,.T.);
#5275 = ORIENTED_EDGE('',*,*,#5222,.T.);
#5276 = ORIENTED_EDGE('',*,*,#5277,.F.);
#5277 = EDGE_CURVE('',#4880,#5223,#5278,.T.);
#5278 = SURFACE_CURVE('',#5279,(#5283,#5290),.PCURVE_S1.);
#5279 = LINE('',#5280,#5281);
#5280 = CARTESIAN_POINT('',(-16.3,-10.25,36.));
#5281 = VECTOR('',#5282,1.);
#5282 = DIRECTION('',(0.,1.,0.));
#5283 = PCURVE('',#2322,#5284);
#5284 = DEFINITIONAL_REPRESENTATION('',(#5285),#5289);
#5285 = LINE('',#5286,#5287);
#5286 = CARTESIAN_POINT('',(2.51,0.));
#5287 = VECTOR('',#5288,1.);
#5288 = DIRECTION('',(0.,-1.));
#5289 = ( GEOMETRIC_REPRESENTATION_CONTEXT(2) 
PARAMETRIC_REPRESENTATION_CONTEXT() REPRESENTATION_CONTEXT('2D SPACE',''
  ) );
#5290 = PCURVE('',#4915,#5291);
#5291 = DEFINITIONAL_REPRESENTATION('',(#5292),#5296);
#5292 = LINE('',#5293,#5294);
#5293 = CARTESIAN_POINT('',(0.,-0.353553390593));
#5294 = VECTOR('',#5295,1.);
#5295 = DIRECTION('',(1.,0.));
#5296 = ( GEOMETRIC_REPRESENTATION_CONTEXT(2) 
PARAMETRIC_REPRESENTATION_CONTEXT() REPRESENTATION_CONTEXT('2D SPACE',''
  ) );
#5297 = ADVANCED_FACE('',(#5298),#2250,.T.);
#5298 = FACE_BOUND('',#5299,.F.);
#5299 = EDGE_LOOP('',(#5300,#5301,#5322,#5323));
#5300 = ORIENTED_EDGE('',*,*,#4524,.T.);
#5301 = ORIENTED_EDGE('',*,*,#5302,.T.);
#5302 = EDGE_CURVE('',#4525,#2209,#5303,.T.);
#5303 = SURFACE_CURVE('',#5304,(#5308,#5315),.PCURVE_S1.);
#5304 = LINE('',#5305,#5306);
#5305 = CARTESIAN_POINT('',(-7.105427357601E-15,20.4,27.15));
#5306 = VECTOR('',#5307,1.);
#5307 = DIRECTION('',(0.,-0.707106781187,0.707106781187));
#5308 = PCURVE('',#2250,#5309);
#5309 = DEFINITIONAL_REPRESENTATION('',(#5310),#5314);
#5310 = LINE('',#5311,#5312);
#5311 = CARTESIAN_POINT('',(-53.,-8.626702730476));
#5312 = VECTOR('',#5313,1.);
#5313 = DIRECTION('',(-0.,1.));
#5314 = ( GEOMETRIC_REPRESENTATION_CONTEXT(2) 
PARAMETRIC_REPRESENTATION_CONTEXT() REPRESENTATION_CONTEXT('2D SPACE',''
  ) );
#5315 = PCURVE('',#2224,#5316);
#5316 = DEFINITIONAL_REPRESENTATION('',(#5317),#5321);
#5317 = LINE('',#5318,#5319);
#5318 = CARTESIAN_POINT('',(31.45,-34.95));
#5319 = VECTOR('',#5320,1.);
#5320 = DIRECTION('',(0.707106781187,0.707106781187));
#5321 = ( GEOMETRIC_REPRESENTATION_CONTEXT(2) 
PARAMETRIC_REPRESENTATION_CONTEXT() REPRESENTATION_CONTEXT('2D SPACE',''
  ) );
#5322 = ORIENTED_EDGE('',*,*,#2236,.F.);
#5323 = ORIENTED_EDGE('',*,*,#4477,.F.);
#5324 = ADVANCED_FACE('',(#5325),#2224,.F.);
#5325 = FACE_BOUND('',#5326,.F.);
#5326 = EDGE_LOOP('',(#5327,#5357,#5383,#5411,#5432,#5433,#5434,#5435));
#5327 = ORIENTED_EDGE('',*,*,#5328,.F.);
#5328 = EDGE_CURVE('',#5329,#5331,#5333,.T.);
#5329 = VERTEX_POINT('',#5330);
#5330 = CARTESIAN_POINT('',(0.,0.,35.8));
#5331 = VERTEX_POINT('',#5332);
#5332 = CARTESIAN_POINT('',(0.,14.05,35.8));
#5333 = SURFACE_CURVE('',#5334,(#5338,#5345),.PCURVE_S1.);
#5334 = LINE('',#5335,#5336);
#5335 = CARTESIAN_POINT('',(0.,-14.55,35.8));
#5336 = VECTOR('',#5337,1.);
#5337 = DIRECTION('',(0.,1.,0.));
#5338 = PCURVE('',#2224,#5339);
#5339 = DEFINITIONAL_REPRESENTATION('',(#5340),#5344);
#5340 = LINE('',#5341,#5342);
#5341 = CARTESIAN_POINT('',(40.1,0.));
#5342 = VECTOR('',#5343,1.);
#5343 = DIRECTION('',(0.,-1.));
#5344 = ( GEOMETRIC_REPRESENTATION_CONTEXT(2) 
PARAMETRIC_REPRESENTATION_CONTEXT() REPRESENTATION_CONTEXT('2D SPACE',''
  ) );
#5345 = PCURVE('',#5346,#5351);
#5346 = PLANE('',#5347);
#5347 = AXIS2_PLACEMENT_3D('',#5348,#5349,#5350);
#5348 = CARTESIAN_POINT('',(0.,-14.55,35.8));
#5349 = DIRECTION('',(0.,0.,1.));
#5350 = DIRECTION('',(1.,0.,0.));
#5351 = DEFINITIONAL_REPRESENTATION('',(#5352),#5356);
#5352 = LINE('',#5353,#5354);
#5353 = CARTESIAN_POINT('',(0.,0.));
#5354 = VECTOR('',#5355,1.);
#5355 = DIRECTION('',(0.,1.));
#5356 = ( GEOMETRIC_REPRESENTATION_CONTEXT(2) 
PARAMETRIC_REPRESENTATION_CONTEXT() REPRESENTATION_CONTEXT('2D SPACE',''
  ) );
#5357 = ORIENTED_EDGE('',*,*,#5358,.F.);
#5358 = EDGE_CURVE('',#5359,#5329,#5361,.T.);
#5359 = VERTEX_POINT('',#5360);
#5360 = CARTESIAN_POINT('',(0.,0.,33.8));
#5361 = SURFACE_CURVE('',#5362,(#5366,#5372),.PCURVE_S1.);
#5362 = LINE('',#5363,#5364);
#5363 = CARTESIAN_POINT('',(0.,0.,-14.65));
#5364 = VECTOR('',#5365,1.);
#5365 = DIRECTION('',(0.,0.,1.));
#5366 = PCURVE('',#2224,#5367);
#5367 = DEFINITIONAL_REPRESENTATION('',(#5368),#5371);
#5368 = B_SPLINE_CURVE_WITH_KNOTS('',1,(#5369,#5370),.UNSPECIFIED.,.F.,
  .F.,(2,2),(47.65,50.45),.PIECEWISE_BEZIER_KNOTS.);
#5369 = CARTESIAN_POINT('',(37.3,-14.55));
#5370 = CARTESIAN_POINT('',(40.1,-14.55));
#5371 = ( GEOMETRIC_REPRESENTATION_CONTEXT(2) 
PARAMETRIC_REPRESENTATION_CONTEXT() REPRESENTATION_CONTEXT('2D SPACE',''
  ) );
#5372 = PCURVE('',#5373,#5378);
#5373 = PLANE('',#5374);
#5374 = AXIS2_PLACEMENT_3D('',#5375,#5376,#5377);
#5375 = CARTESIAN_POINT('',(-58.,0.,-25.));
#5376 = DIRECTION('',(0.,1.,0.));
#5377 = DIRECTION('',(0.,0.,1.));
#5378 = DEFINITIONAL_REPRESENTATION('',(#5379),#5382);
#5379 = B_SPLINE_CURVE_WITH_KNOTS('',1,(#5380,#5381),.UNSPECIFIED.,.F.,
  .F.,(2,2),(47.65,50.45),.PIECEWISE_BEZIER_KNOTS.);
#5380 = CARTESIAN_POINT('',(58.,58.));
#5381 = CARTESIAN_POINT('',(60.8,58.));
#5382 = ( GEOMETRIC_REPRESENTATION_CONTEXT(2) 
PARAMETRIC_REPRESENTATION_CONTEXT() REPRESENTATION_CONTEXT('2D SPACE',''
  ) );
#5383 = ORIENTED_EDGE('',*,*,#5384,.T.);
#5384 = EDGE_CURVE('',#5359,#5385,#5387,.T.);
#5385 = VERTEX_POINT('',#5386);
#5386 = CARTESIAN_POINT('',(0.,12.55,33.8));
#5387 = SURFACE_CURVE('',#5388,(#5392,#5399),.PCURVE_S1.);
#5388 = LINE('',#5389,#5390);
#5389 = CARTESIAN_POINT('',(0.,-12.55,33.8));
#5390 = VECTOR('',#5391,1.);
#5391 = DIRECTION('',(0.,1.,0.));
#5392 = PCURVE('',#2224,#5393);
#5393 = DEFINITIONAL_REPRESENTATION('',(#5394),#5398);
#5394 = LINE('',#5395,#5396);
#5395 = CARTESIAN_POINT('',(38.1,-2.));
#5396 = VECTOR('',#5397,1.);
#5397 = DIRECTION('',(0.,-1.));
#5398 = ( GEOMETRIC_REPRESENTATION_CONTEXT(2) 
PARAMETRIC_REPRESENTATION_CONTEXT() REPRESENTATION_CONTEXT('2D SPACE',''
  ) );
#5399 = PCURVE('',#5400,#5405);
#5400 = PLANE('',#5401);
#5401 = AXIS2_PLACEMENT_3D('',#5402,#5403,#5404);
#5402 = CARTESIAN_POINT('',(0.,-12.55,33.8));
#5403 = DIRECTION('',(0.,0.,1.));
#5404 = DIRECTION('',(1.,0.,0.));
#5405 = DEFINITIONAL_REPRESENTATION('',(#5406),#5410);
#5406 = LINE('',#5407,#5408);
#5407 = CARTESIAN_POINT('',(0.,0.));
#5408 = VECTOR('',#5409,1.);
#5409 = DIRECTION('',(0.,1.));
#5410 = ( GEOMETRIC_REPRESENTATION_CONTEXT(2) 
PARAMETRIC_REPRESENTATION_CONTEXT() REPRESENTATION_CONTEXT('2D SPACE',''
  ) );
#5411 = ORIENTED_EDGE('',*,*,#5412,.F.);
#5412 = EDGE_CURVE('',#2186,#5385,#5413,.T.);
#5413 = SURFACE_CURVE('',#5414,(#5418,#5425),.PCURVE_S1.);
#5414 = LINE('',#5415,#5416);
#5415 = CARTESIAN_POINT('',(0.,12.55,-2.3));
#5416 = VECTOR('',#5417,1.);
#5417 = DIRECTION('',(0.,0.,1.));
#5418 = PCURVE('',#2224,#5419);
#5419 = DEFINITIONAL_REPRESENTATION('',(#5420),#5424);
#5420 = LINE('',#5421,#5422);
#5421 = CARTESIAN_POINT('',(2.,-27.1));
#5422 = VECTOR('',#5423,1.);
#5423 = DIRECTION('',(1.,0.));
#5424 = ( GEOMETRIC_REPRESENTATION_CONTEXT(2) 
PARAMETRIC_REPRESENTATION_CONTEXT() REPRESENTATION_CONTEXT('2D SPACE',''
  ) );
#5425 = PCURVE('',#3697,#5426);
#5426 = DEFINITIONAL_REPRESENTATION('',(#5427),#5431);
#5427 = LINE('',#5428,#5429);
#5428 = CARTESIAN_POINT('',(0.,0.));
#5429 = VECTOR('',#5430,1.);
#5430 = DIRECTION('',(1.,0.));
#5431 = ( GEOMETRIC_REPRESENTATION_CONTEXT(2) 
PARAMETRIC_REPRESENTATION_CONTEXT() REPRESENTATION_CONTEXT('2D SPACE',''
  ) );
#5432 = ORIENTED_EDGE('',*,*,#2208,.T.);
#5433 = ORIENTED_EDGE('',*,*,#5302,.F.);
#5434 = ORIENTED_EDGE('',*,*,#4547,.T.);
#5435 = ORIENTED_EDGE('',*,*,#5436,.T.);
#5436 = EDGE_CURVE('',#4548,#5331,#5437,.T.);
#5437 = SURFACE_CURVE('',#5438,(#5442,#5449),.PCURVE_S1.);
#5438 = LINE('',#5439,#5440);
#5439 = CARTESIAN_POINT('',(0.,17.05,32.8));
#5440 = VECTOR('',#5441,1.);
#5441 = DIRECTION('',(0.,-0.707106781187,0.707106781187));
#5442 = PCURVE('',#2224,#5443);
#5443 = DEFINITIONAL_REPRESENTATION('',(#5444),#5448);
#5444 = LINE('',#5445,#5446);
#5445 = CARTESIAN_POINT('',(37.1,-31.6));
#5446 = VECTOR('',#5447,1.);
#5447 = DIRECTION('',(0.707106781187,0.707106781187));
#5448 = ( GEOMETRIC_REPRESENTATION_CONTEXT(2) 
PARAMETRIC_REPRESENTATION_CONTEXT() REPRESENTATION_CONTEXT('2D SPACE',''
  ) );
#5449 = PCURVE('',#4586,#5450);
#5450 = DEFINITIONAL_REPRESENTATION('',(#5451),#5455);
#5451 = LINE('',#5452,#5453);
#5452 = CARTESIAN_POINT('',(-0.,-3.889087296526));
#5453 = VECTOR('',#5454,1.);
#5454 = DIRECTION('',(-0.,1.));
#5455 = ( GEOMETRIC_REPRESENTATION_CONTEXT(2) 
PARAMETRIC_REPRESENTATION_CONTEXT() REPRESENTATION_CONTEXT('2D SPACE',''
  ) );
#5456 = ADVANCED_FACE('',(#5457),#2523,.F.);
#5457 = FACE_BOUND('',#5458,.F.);
#5458 = EDGE_LOOP('',(#5459,#5460,#5461,#5482));
#5459 = ORIENTED_EDGE('',*,*,#2579,.F.);
#5460 = ORIENTED_EDGE('',*,*,#2508,.F.);
#5461 = ORIENTED_EDGE('',*,*,#5462,.T.);
#5462 = EDGE_CURVE('',#2483,#2700,#5463,.T.);
#5463 = SURFACE_CURVE('',#5464,(#5468,#5475),.PCURVE_S1.);
#5464 = LINE('',#5465,#5466);
#5465 = CARTESIAN_POINT('',(-16.31,3.5,3.));
#5466 = VECTOR('',#5467,1.);
#5467 = DIRECTION('',(1.,0.,0.));
#5468 = PCURVE('',#2523,#5469);
#5469 = DEFINITIONAL_REPRESENTATION('',(#5470),#5474);
#5470 = LINE('',#5471,#5472);
#5471 = CARTESIAN_POINT('',(17.,0.));
#5472 = VECTOR('',#5473,1.);
#5473 = DIRECTION('',(0.,1.));
#5474 = ( GEOMETRIC_REPRESENTATION_CONTEXT(2) 
PARAMETRIC_REPRESENTATION_CONTEXT() REPRESENTATION_CONTEXT('2D SPACE',''
  ) );
#5475 = PCURVE('',#2497,#5476);
#5476 = DEFINITIONAL_REPRESENTATION('',(#5477),#5481);
#5477 = LINE('',#5478,#5479);
#5478 = CARTESIAN_POINT('',(0.,7.));
#5479 = VECTOR('',#5480,1.);
#5480 = DIRECTION('',(1.,0.));
#5481 = ( GEOMETRIC_REPRESENTATION_CONTEXT(2) 
PARAMETRIC_REPRESENTATION_CONTEXT() REPRESENTATION_CONTEXT('2D SPACE',''
  ) );
#5482 = ORIENTED_EDGE('',*,*,#2720,.F.);
#5483 = ADVANCED_FACE('',(#5484),#2497,.F.);
#5484 = FACE_BOUND('',#5485,.F.);
#5485 = EDGE_LOOP('',(#5486,#5487,#5488,#5489));
#5486 = ORIENTED_EDGE('',*,*,#5462,.F.);
#5487 = ORIENTED_EDGE('',*,*,#2482,.F.);
#5488 = ORIENTED_EDGE('',*,*,#4856,.F.);
#5489 = ORIENTED_EDGE('',*,*,#2699,.F.);
#5490 = ADVANCED_FACE('',(#5491),#2831,.F.);
#5491 = FACE_BOUND('',#5492,.F.);
#5492 = EDGE_LOOP('',(#5493,#5494,#5515,#5516,#5517,#5518,#5519,#5520,
    #5521,#5522));
#5493 = ORIENTED_EDGE('',*,*,#5148,.F.);
#5494 = ORIENTED_EDGE('',*,*,#5495,.T.);
#5495 = EDGE_CURVE('',#5149,#3732,#5496,.T.);
#5496 = SURFACE_CURVE('',#5497,(#5501,#5508),.PCURVE_S1.);
#5497 = LINE('',#5498,#5499);
#5498 = CARTESIAN_POINT('',(-14.3,10.25,31.5));
#5499 = VECTOR('',#5500,1.);
#5500 = DIRECTION('',(1.,0.,0.));
#5501 = PCURVE('',#2831,#5502);
#5502 = DEFINITIONAL_REPRESENTATION('',(#5503),#5507);
#5503 = LINE('',#5504,#5505);
#5504 = CARTESIAN_POINT('',(1.E-02,0.));
#5505 = VECTOR('',#5506,1.);
#5506 = DIRECTION('',(0.,1.));
#5507 = ( GEOMETRIC_REPRESENTATION_CONTEXT(2) 
PARAMETRIC_REPRESENTATION_CONTEXT() REPRESENTATION_CONTEXT('2D SPACE',''
  ) );
#5508 = PCURVE('',#3746,#5509);
#5509 = DEFINITIONAL_REPRESENTATION('',(#5510),#5514);
#5510 = LINE('',#5511,#5512);
#5511 = CARTESIAN_POINT('',(0.,20.5));
#5512 = VECTOR('',#5513,1.);
#5513 = DIRECTION('',(1.,0.));
#5514 = ( GEOMETRIC_REPRESENTATION_CONTEXT(2) 
PARAMETRIC_REPRESENTATION_CONTEXT() REPRESENTATION_CONTEXT('2D SPACE',''
  ) );
#5515 = ORIENTED_EDGE('',*,*,#3757,.T.);
#5516 = ORIENTED_EDGE('',*,*,#3565,.F.);
#5517 = ORIENTED_EDGE('',*,*,#3425,.F.);
#5518 = ORIENTED_EDGE('',*,*,#3351,.T.);
#5519 = ORIENTED_EDGE('',*,*,#3181,.F.);
#5520 = ORIENTED_EDGE('',*,*,#3087,.F.);
#5521 = ORIENTED_EDGE('',*,*,#2815,.F.);
#5522 = ORIENTED_EDGE('',*,*,#5196,.T.);
#5523 = ADVANCED_FACE('',(#5524),#2780,.F.);
#5524 = FACE_BOUND('',#5525,.F.);
#5525 = EDGE_LOOP('',(#5526,#5527,#5528,#5529));
#5526 = ORIENTED_EDGE('',*,*,#2918,.F.);
#5527 = ORIENTED_EDGE('',*,*,#2892,.F.);
#5528 = ORIENTED_EDGE('',*,*,#2764,.T.);
#5529 = ORIENTED_EDGE('',*,*,#3109,.F.);
#5530 = ADVANCED_FACE('',(#5531),#2666,.T.);
#5531 = FACE_BOUND('',#5532,.T.);
#5532 = EDGE_LOOP('',(#5533,#5534,#5535,#5558));
#5533 = ORIENTED_EDGE('',*,*,#4952,.F.);
#5534 = ORIENTED_EDGE('',*,*,#2650,.T.);
#5535 = ORIENTED_EDGE('',*,*,#5536,.T.);
#5536 = EDGE_CURVE('',#2628,#5537,#5539,.T.);
#5537 = VERTEX_POINT('',#5538);
#5538 = CARTESIAN_POINT('',(-14.8,9.75,36.5));
#5539 = SURFACE_CURVE('',#5540,(#5544,#5551),.PCURVE_S1.);
#5540 = LINE('',#5541,#5542);
#5541 = CARTESIAN_POINT('',(-18.21666666666,6.333333333333,
    39.916666666667));
#5542 = VECTOR('',#5543,1.);
#5543 = DIRECTION('',(-0.57735026919,-0.57735026919,0.57735026919));
#5544 = PCURVE('',#2666,#5545);
#5545 = DEFINITIONAL_REPRESENTATION('',(#5546),#5550);
#5546 = LINE('',#5547,#5548);
#5547 = CARTESIAN_POINT('',(16.583333333333,5.185449728701));
#5548 = VECTOR('',#5549,1.);
#5549 = DIRECTION('',(-0.57735026919,0.816496580928));
#5550 = ( GEOMETRIC_REPRESENTATION_CONTEXT(2) 
PARAMETRIC_REPRESENTATION_CONTEXT() REPRESENTATION_CONTEXT('2D SPACE',''
  ) );
#5551 = PCURVE('',#5259,#5552);
#5552 = DEFINITIONAL_REPRESENTATION('',(#5553),#5557);
#5553 = LINE('',#5554,#5555);
#5554 = CARTESIAN_POINT('',(1.916666666667,5.185449728701));
#5555 = VECTOR('',#5556,1.);
#5556 = DIRECTION('',(0.57735026919,0.816496580928));
#5557 = ( GEOMETRIC_REPRESENTATION_CONTEXT(2) 
PARAMETRIC_REPRESENTATION_CONTEXT() REPRESENTATION_CONTEXT('2D SPACE',''
  ) );
#5558 = ORIENTED_EDGE('',*,*,#5559,.F.);
#5559 = EDGE_CURVE('',#4927,#5537,#5560,.T.);
#5560 = SURFACE_CURVE('',#5561,(#5565,#5572),.PCURVE_S1.);
#5561 = LINE('',#5562,#5563);
#5562 = CARTESIAN_POINT('',(-14.8,-10.25,36.5));
#5563 = VECTOR('',#5564,1.);
#5564 = DIRECTION('',(0.,1.,0.));
#5565 = PCURVE('',#2666,#5566);
#5566 = DEFINITIONAL_REPRESENTATION('',(#5567),#5571);
#5567 = LINE('',#5568,#5569);
#5568 = CARTESIAN_POINT('',(0.,0.353553390593));
#5569 = VECTOR('',#5570,1.);
#5570 = DIRECTION('',(1.,0.));
#5571 = ( GEOMETRIC_REPRESENTATION_CONTEXT(2) 
PARAMETRIC_REPRESENTATION_CONTEXT() REPRESENTATION_CONTEXT('2D SPACE',''
  ) );
#5572 = PCURVE('',#4941,#5573);
#5573 = DEFINITIONAL_REPRESENTATION('',(#5574),#5578);
#5574 = LINE('',#5575,#5576);
#5575 = CARTESIAN_POINT('',(1.5,0.));
#5576 = VECTOR('',#5577,1.);
#5577 = DIRECTION('',(0.,1.));
#5578 = ( GEOMETRIC_REPRESENTATION_CONTEXT(2) 
PARAMETRIC_REPRESENTATION_CONTEXT() REPRESENTATION_CONTEXT('2D SPACE',''
  ) );
#5579 = ADVANCED_FACE('',(#5580),#3027,.F.);
#5580 = FACE_BOUND('',#5581,.T.);
#5581 = EDGE_LOOP('',(#5582,#5583,#5584,#5605,#5606,#5607,#5626,#5627));
#5582 = ORIENTED_EDGE('',*,*,#3011,.F.);
#5583 = ORIENTED_EDGE('',*,*,#4621,.T.);
#5584 = ORIENTED_EDGE('',*,*,#5585,.T.);
#5585 = EDGE_CURVE('',#4599,#3613,#5586,.T.);
#5586 = SURFACE_CURVE('',#5587,(#5591,#5598),.PCURVE_S1.);
#5587 = LINE('',#5588,#5589);
#5588 = CARTESIAN_POINT('',(27.5,14.3,-4.05));
#5589 = VECTOR('',#5590,1.);
#5590 = DIRECTION('',(-4.518962313001E-15,-0.707106781187,
    -0.707106781187));
#5591 = PCURVE('',#3027,#5592);
#5592 = DEFINITIONAL_REPRESENTATION('',(#5593),#5597);
#5593 = LINE('',#5594,#5595);
#5594 = CARTESIAN_POINT('',(-27.5,6.091958739693E-14));
#5595 = VECTOR('',#5596,1.);
#5596 = DIRECTION('',(4.518962313001E-15,1.));
#5597 = ( GEOMETRIC_REPRESENTATION_CONTEXT(2) 
PARAMETRIC_REPRESENTATION_CONTEXT() REPRESENTATION_CONTEXT('2D SPACE',''
  ) );
#5598 = PCURVE('',#3819,#5599);
#5599 = DEFINITIONAL_REPRESENTATION('',(#5600),#5604);
#5600 = LINE('',#5601,#5602);
#5601 = CARTESIAN_POINT('',(6.325495682802E-14,0.612372435696));
#5602 = VECTOR('',#5603,1.);
#5603 = DIRECTION('',(1.,-7.216449660064E-16));
#5604 = ( GEOMETRIC_REPRESENTATION_CONTEXT(2) 
PARAMETRIC_REPRESENTATION_CONTEXT() REPRESENTATION_CONTEXT('2D SPACE',''
  ) );
#5605 = ORIENTED_EDGE('',*,*,#3635,.F.);
#5606 = ORIENTED_EDGE('',*,*,#3520,.F.);
#5607 = ORIENTED_EDGE('',*,*,#5608,.F.);
#5608 = EDGE_CURVE('',#3279,#3498,#5609,.T.);
#5609 = SURFACE_CURVE('',#5610,(#5614,#5620),.PCURVE_S1.);
#5610 = LINE('',#5611,#5612);
#5611 = CARTESIAN_POINT('',(4.,14.06,-4.29));
#5612 = VECTOR('',#5613,1.);
#5613 = DIRECTION('',(1.,0.,-0.));
#5614 = PCURVE('',#3027,#5615);
#5615 = DEFINITIONAL_REPRESENTATION('',(#5616),#5619);
#5616 = B_SPLINE_CURVE_WITH_KNOTS('',1,(#5617,#5618),.UNSPECIFIED.,.F.,
  .F.,(2,2),(4.,12.),.PIECEWISE_BEZIER_KNOTS.);
#5617 = CARTESIAN_POINT('',(-8.,0.33941125497));
#5618 = CARTESIAN_POINT('',(-16.,0.33941125497));
#5619 = ( GEOMETRIC_REPRESENTATION_CONTEXT(2) 
PARAMETRIC_REPRESENTATION_CONTEXT() REPRESENTATION_CONTEXT('2D SPACE',''
  ) );
#5620 = PCURVE('',#3294,#5621);
#5621 = DEFINITIONAL_REPRESENTATION('',(#5622),#5625);
#5622 = B_SPLINE_CURVE_WITH_KNOTS('',1,(#5623,#5624),.UNSPECIFIED.,.F.,
  .F.,(2,2),(4.,12.),.PIECEWISE_BEZIER_KNOTS.);
#5623 = CARTESIAN_POINT('',(0.,28.61));
#5624 = CARTESIAN_POINT('',(8.,28.61));
#5625 = ( GEOMETRIC_REPRESENTATION_CONTEXT(2) 
PARAMETRIC_REPRESENTATION_CONTEXT() REPRESENTATION_CONTEXT('2D SPACE',''
  ) );
#5626 = ORIENTED_EDGE('',*,*,#3306,.T.);
#5627 = ORIENTED_EDGE('',*,*,#3155,.F.);
#5628 = ADVANCED_FACE('',(#5629),#3294,.T.);
#5629 = FACE_BOUND('',#5630,.T.);
#5630 = EDGE_LOOP('',(#5631,#5632,#5633,#5634));
#5631 = ORIENTED_EDGE('',*,*,#3278,.F.);
#5632 = ORIENTED_EDGE('',*,*,#5608,.T.);
#5633 = ORIENTED_EDGE('',*,*,#3497,.T.);
#5634 = ORIENTED_EDGE('',*,*,#5635,.F.);
#5635 = EDGE_CURVE('',#3251,#3475,#5636,.T.);
#5636 = SURFACE_CURVE('',#5637,(#5641,#5648),.PCURVE_S1.);
#5637 = LINE('',#5638,#5639);
#5638 = CARTESIAN_POINT('',(8.,14.55,-4.29));
#5639 = VECTOR('',#5640,1.);
#5640 = DIRECTION('',(1.,0.,0.));
#5641 = PCURVE('',#3294,#5642);
#5642 = DEFINITIONAL_REPRESENTATION('',(#5643),#5647);
#5643 = LINE('',#5644,#5645);
#5644 = CARTESIAN_POINT('',(0.,29.1));
#5645 = VECTOR('',#5646,1.);
#5646 = DIRECTION('',(1.,0.));
#5647 = ( GEOMETRIC_REPRESENTATION_CONTEXT(2) 
PARAMETRIC_REPRESENTATION_CONTEXT() REPRESENTATION_CONTEXT('2D SPACE',''
  ) );
#5648 = PCURVE('',#3266,#5649);
#5649 = DEFINITIONAL_REPRESENTATION('',(#5650),#5654);
#5650 = LINE('',#5651,#5652);
#5651 = CARTESIAN_POINT('',(6.21,0.));
#5652 = VECTOR('',#5653,1.);
#5653 = DIRECTION('',(0.,1.));
#5654 = ( GEOMETRIC_REPRESENTATION_CONTEXT(2) 
PARAMETRIC_REPRESENTATION_CONTEXT() REPRESENTATION_CONTEXT('2D SPACE',''
  ) );
#5655 = ADVANCED_FACE('',(#5656,#5662),#3266,.T.);
#5656 = FACE_BOUND('',#5657,.T.);
#5657 = EDGE_LOOP('',(#5658,#5659,#5660,#5661));
#5658 = ORIENTED_EDGE('',*,*,#3401,.F.);
#5659 = ORIENTED_EDGE('',*,*,#3250,.T.);
#5660 = ORIENTED_EDGE('',*,*,#5635,.T.);
#5661 = ORIENTED_EDGE('',*,*,#3474,.F.);
#5662 = FACE_BOUND('',#5663,.T.);
#5663 = EDGE_LOOP('',(#5664));
#5664 = ORIENTED_EDGE('',*,*,#5665,.T.);
#5665 = EDGE_CURVE('',#5666,#5666,#5668,.T.);
#5666 = VERTEX_POINT('',#5667);
#5667 = CARTESIAN_POINT('',(14.1,14.55,-7.2));
#5668 = SURFACE_CURVE('',#5669,(#5674,#5685),.PCURVE_S1.);
#5669 = CIRCLE('',#5670,2.1);
#5670 = AXIS2_PLACEMENT_3D('',#5671,#5672,#5673);
#5671 = CARTESIAN_POINT('',(12.,14.55,-7.2));
#5672 = DIRECTION('',(0.,-1.,0.));
#5673 = DIRECTION('',(1.,0.,0.));
#5674 = PCURVE('',#3266,#5675);
#5675 = DEFINITIONAL_REPRESENTATION('',(#5676),#5684);
#5676 = ( BOUNDED_CURVE() B_SPLINE_CURVE(2,(#5677,#5678,#5679,#5680,
#5681,#5682,#5683),.UNSPECIFIED.,.T.,.F.) B_SPLINE_CURVE_WITH_KNOTS((1,2
    ,2,2,2,1),(-2.094395102393,0.,2.094395102393,4.188790204786,
6.28318530718,8.377580409573),.UNSPECIFIED.) CURVE() 
GEOMETRIC_REPRESENTATION_ITEM() RATIONAL_B_SPLINE_CURVE((1.,0.5,1.,0.5,
1.,0.5,1.)) REPRESENTATION_ITEM('') );
#5677 = CARTESIAN_POINT('',(3.3,6.1));
#5678 = CARTESIAN_POINT('',(6.937306695895,6.1));
#5679 = CARTESIAN_POINT('',(5.118653347947,2.95));
#5680 = CARTESIAN_POINT('',(3.3,-0.2));
#5681 = CARTESIAN_POINT('',(1.481346652053,2.95));
#5682 = CARTESIAN_POINT('',(-0.337306695895,6.1));
#5683 = CARTESIAN_POINT('',(3.3,6.1));
#5684 = ( GEOMETRIC_REPRESENTATION_CONTEXT(2) 
PARAMETRIC_REPRESENTATION_CONTEXT() REPRESENTATION_CONTEXT('2D SPACE',''
  ) );
#5685 = PCURVE('',#5686,#5691);
#5686 = CYLINDRICAL_SURFACE('',#5687,2.1);
#5687 = AXIS2_PLACEMENT_3D('',#5688,#5689,#5690);
#5688 = CARTESIAN_POINT('',(12.,7.95,-7.2));
#5689 = DIRECTION('',(0.,-1.,0.));
#5690 = DIRECTION('',(1.,0.,0.));
#5691 = DEFINITIONAL_REPRESENTATION('',(#5692),#5696);
#5692 = LINE('',#5693,#5694);
#5693 = CARTESIAN_POINT('',(0.,-6.6));
#5694 = VECTOR('',#5695,1.);
#5695 = DIRECTION('',(1.,0.));
#5696 = ( GEOMETRIC_REPRESENTATION_CONTEXT(2) 
PARAMETRIC_REPRESENTATION_CONTEXT() REPRESENTATION_CONTEXT('2D SPACE',''
  ) );
#5697 = ADVANCED_FACE('',(#5698),#3746,.F.);
#5698 = FACE_BOUND('',#5699,.F.);
#5699 = EDGE_LOOP('',(#5700,#5701,#5702,#5703));
#5700 = ORIENTED_EDGE('',*,*,#5171,.F.);
#5701 = ORIENTED_EDGE('',*,*,#5080,.F.);
#5702 = ORIENTED_EDGE('',*,*,#3731,.T.);
#5703 = ORIENTED_EDGE('',*,*,#5495,.F.);
#5704 = ADVANCED_FACE('',(#5705),#3697,.F.);
#5705 = FACE_BOUND('',#5706,.F.);
#5706 = EDGE_LOOP('',(#5707,#5708,#5709,#5710,#5733));
#5707 = ORIENTED_EDGE('',*,*,#3834,.F.);
#5708 = ORIENTED_EDGE('',*,*,#3683,.T.);
#5709 = ORIENTED_EDGE('',*,*,#5412,.T.);
#5710 = ORIENTED_EDGE('',*,*,#5711,.T.);
#5711 = EDGE_CURVE('',#5385,#5712,#5714,.T.);
#5712 = VERTEX_POINT('',#5713);
#5713 = CARTESIAN_POINT('',(27.5,12.55,33.8));
#5714 = SURFACE_CURVE('',#5715,(#5719,#5726),.PCURVE_S1.);
#5715 = LINE('',#5716,#5717);
#5716 = CARTESIAN_POINT('',(0.,12.55,33.8));
#5717 = VECTOR('',#5718,1.);
#5718 = DIRECTION('',(1.,0.,0.));
#5719 = PCURVE('',#3697,#5720);
#5720 = DEFINITIONAL_REPRESENTATION('',(#5721),#5725);
#5721 = LINE('',#5722,#5723);
#5722 = CARTESIAN_POINT('',(36.1,0.));
#5723 = VECTOR('',#5724,1.);
#5724 = DIRECTION('',(0.,1.));
#5725 = ( GEOMETRIC_REPRESENTATION_CONTEXT(2) 
PARAMETRIC_REPRESENTATION_CONTEXT() REPRESENTATION_CONTEXT('2D SPACE',''
  ) );
#5726 = PCURVE('',#5400,#5727);
#5727 = DEFINITIONAL_REPRESENTATION('',(#5728),#5732);
#5728 = LINE('',#5729,#5730);
#5729 = CARTESIAN_POINT('',(0.,25.1));
#5730 = VECTOR('',#5731,1.);
#5731 = DIRECTION('',(1.,0.));
#5732 = ( GEOMETRIC_REPRESENTATION_CONTEXT(2) 
PARAMETRIC_REPRESENTATION_CONTEXT() REPRESENTATION_CONTEXT('2D SPACE',''
  ) );
#5733 = ORIENTED_EDGE('',*,*,#5734,.F.);
#5734 = EDGE_CURVE('',#3835,#5712,#5735,.T.);
#5735 = SURFACE_CURVE('',#5736,(#5740,#5747),.PCURVE_S1.);
#5736 = LINE('',#5737,#5738);
#5737 = CARTESIAN_POINT('',(27.5,12.55,-2.3));
#5738 = VECTOR('',#5739,1.);
#5739 = DIRECTION('',(0.,0.,1.));
#5740 = PCURVE('',#3697,#5741);
#5741 = DEFINITIONAL_REPRESENTATION('',(#5742),#5746);
#5742 = LINE('',#5743,#5744);
#5743 = CARTESIAN_POINT('',(8.881784197001E-16,27.5));
#5744 = VECTOR('',#5745,1.);
#5745 = DIRECTION('',(1.,0.));
#5746 = ( GEOMETRIC_REPRESENTATION_CONTEXT(2) 
PARAMETRIC_REPRESENTATION_CONTEXT() REPRESENTATION_CONTEXT('2D SPACE',''
  ) );
#5747 = PCURVE('',#4072,#5748);
#5748 = DEFINITIONAL_REPRESENTATION('',(#5749),#5752);
#5749 = B_SPLINE_CURVE_WITH_KNOTS('',1,(#5750,#5751),.UNSPECIFIED.,.F.,
  .F.,(2,2),(0.,36.1),.PIECEWISE_BEZIER_KNOTS.);
#5750 = CARTESIAN_POINT('',(0.,0.));
#5751 = CARTESIAN_POINT('',(37.12,0.));
#5752 = ( GEOMETRIC_REPRESENTATION_CONTEXT(2) 
PARAMETRIC_REPRESENTATION_CONTEXT() REPRESENTATION_CONTEXT('2D SPACE',''
  ) );
#5753 = ADVANCED_FACE('',(#5754),#3819,.T.);
#5754 = FACE_BOUND('',#5755,.T.);
#5755 = EDGE_LOOP('',(#5756,#5777,#5778));
#5756 = ORIENTED_EDGE('',*,*,#5757,.F.);
#5757 = EDGE_CURVE('',#3783,#4599,#5758,.T.);
#5758 = SURFACE_CURVE('',#5759,(#5763,#5770),.PCURVE_S1.);
#5759 = LINE('',#5760,#5761);
#5760 = CARTESIAN_POINT('',(27.875,14.175,-3.8));
#5761 = VECTOR('',#5762,1.);
#5762 = DIRECTION('',(-0.707106781187,0.707106781187,-0.));
#5763 = PCURVE('',#3819,#5764);
#5764 = DEFINITIONAL_REPRESENTATION('',(#5765),#5769);
#5765 = LINE('',#5766,#5767);
#5766 = CARTESIAN_POINT('',(-8.838834764832E-02,0.153093108924));
#5767 = VECTOR('',#5768,1.);
#5768 = DIRECTION('',(-0.5,0.866025403784));
#5769 = ( GEOMETRIC_REPRESENTATION_CONTEXT(2) 
PARAMETRIC_REPRESENTATION_CONTEXT() REPRESENTATION_CONTEXT('2D SPACE',''
  ) );
#5770 = PCURVE('',#3967,#5771);
#5771 = DEFINITIONAL_REPRESENTATION('',(#5772),#5776);
#5772 = LINE('',#5773,#5774);
#5773 = CARTESIAN_POINT('',(-0.5,-0.176776695297));
#5774 = VECTOR('',#5775,1.);
#5775 = DIRECTION('',(0.,1.));
#5776 = ( GEOMETRIC_REPRESENTATION_CONTEXT(2) 
PARAMETRIC_REPRESENTATION_CONTEXT() REPRESENTATION_CONTEXT('2D SPACE',''
  ) );
#5777 = ORIENTED_EDGE('',*,*,#3805,.T.);
#5778 = ORIENTED_EDGE('',*,*,#5585,.F.);
#5779 = ADVANCED_FACE('',(#5780),#3895,.F.);
#5780 = FACE_BOUND('',#5781,.F.);
#5781 = EDGE_LOOP('',(#5782,#5783,#5784,#5785));
#5782 = ORIENTED_EDGE('',*,*,#4230,.F.);
#5783 = ORIENTED_EDGE('',*,*,#4204,.F.);
#5784 = ORIENTED_EDGE('',*,*,#4128,.T.);
#5785 = ORIENTED_EDGE('',*,*,#3880,.F.);
#5786 = ADVANCED_FACE('',(#5787),#4072,.F.);
#5787 = FACE_BOUND('',#5788,.F.);
#5788 = EDGE_LOOP('',(#5789,#5790,#5791,#5811));
#5789 = ORIENTED_EDGE('',*,*,#4155,.F.);
#5790 = ORIENTED_EDGE('',*,*,#5734,.T.);
#5791 = ORIENTED_EDGE('',*,*,#5792,.T.);
#5792 = EDGE_CURVE('',#5712,#4034,#5793,.T.);
#5793 = SURFACE_CURVE('',#5794,(#5797,#5804),.PCURVE_S1.);
#5794 = B_SPLINE_CURVE_WITH_KNOTS('',1,(#5795,#5796),.UNSPECIFIED.,.F.,
  .F.,(2,2),(0.,1.),.PIECEWISE_BEZIER_KNOTS.);
#5795 = CARTESIAN_POINT('',(27.5,12.55,33.8));
#5796 = CARTESIAN_POINT('',(28.01,13.06,34.31));
#5797 = PCURVE('',#4072,#5798);
#5798 = DEFINITIONAL_REPRESENTATION('',(#5799),#5803);
#5799 = LINE('',#5800,#5801);
#5800 = CARTESIAN_POINT('',(37.12,0.));
#5801 = VECTOR('',#5802,1.);
#5802 = DIRECTION('',(0.,1.));
#5803 = ( GEOMETRIC_REPRESENTATION_CONTEXT(2) 
PARAMETRIC_REPRESENTATION_CONTEXT() REPRESENTATION_CONTEXT('2D SPACE',''
  ) );
#5804 = PCURVE('',#4047,#5805);
#5805 = DEFINITIONAL_REPRESENTATION('',(#5806),#5810);
#5806 = LINE('',#5807,#5808);
#5807 = CARTESIAN_POINT('',(0.,0.));
#5808 = VECTOR('',#5809,1.);
#5809 = DIRECTION('',(0.,1.));
#5810 = ( GEOMETRIC_REPRESENTATION_CONTEXT(2) 
PARAMETRIC_REPRESENTATION_CONTEXT() REPRESENTATION_CONTEXT('2D SPACE',''
  ) );
#5811 = ORIENTED_EDGE('',*,*,#4058,.T.);
#5812 = ADVANCED_FACE('',(#5813),#4047,.F.);
#5813 = FACE_BOUND('',#5814,.F.);
#5814 = EDGE_LOOP('',(#5815,#5816,#5838,#5865));
#5815 = ORIENTED_EDGE('',*,*,#5792,.F.);
#5816 = ORIENTED_EDGE('',*,*,#5817,.T.);
#5817 = EDGE_CURVE('',#5712,#5818,#5820,.T.);
#5818 = VERTEX_POINT('',#5819);
#5819 = CARTESIAN_POINT('',(27.5,10.8,33.8));
#5820 = SURFACE_CURVE('',#5821,(#5825,#5831),.PCURVE_S1.);
#5821 = LINE('',#5822,#5823);
#5822 = CARTESIAN_POINT('',(27.5,12.55,33.8));
#5823 = VECTOR('',#5824,1.);
#5824 = DIRECTION('',(0.,-1.,0.));
#5825 = PCURVE('',#4047,#5826);
#5826 = DEFINITIONAL_REPRESENTATION('',(#5827),#5830);
#5827 = B_SPLINE_CURVE_WITH_KNOTS('',1,(#5828,#5829),.UNSPECIFIED.,.F.,
  .F.,(2,2),(0.,25.1),.PIECEWISE_BEZIER_KNOTS.);
#5828 = CARTESIAN_POINT('',(0.,0.));
#5829 = CARTESIAN_POINT('',(26.12,0.));
#5830 = ( GEOMETRIC_REPRESENTATION_CONTEXT(2) 
PARAMETRIC_REPRESENTATION_CONTEXT() REPRESENTATION_CONTEXT('2D SPACE',''
  ) );
#5831 = PCURVE('',#5400,#5832);
#5832 = DEFINITIONAL_REPRESENTATION('',(#5833),#5837);
#5833 = LINE('',#5834,#5835);
#5834 = CARTESIAN_POINT('',(27.5,25.1));
#5835 = VECTOR('',#5836,1.);
#5836 = DIRECTION('',(0.,-1.));
#5837 = ( GEOMETRIC_REPRESENTATION_CONTEXT(2) 
PARAMETRIC_REPRESENTATION_CONTEXT() REPRESENTATION_CONTEXT('2D SPACE',''
  ) );
#5838 = ORIENTED_EDGE('',*,*,#5839,.T.);
#5839 = EDGE_CURVE('',#5818,#4008,#5840,.T.);
#5840 = SURFACE_CURVE('',#5841,(#5847,#5856),.PCURVE_S1.);
#5841 = B_SPLINE_CURVE_WITH_KNOTS('',4,(#5842,#5843,#5844,#5845,#5846),
  .UNSPECIFIED.,.F.,.F.,(5,5),(0.,1.),.PIECEWISE_BEZIER_KNOTS.);
#5842 = CARTESIAN_POINT('',(27.5,10.8,33.8));
#5843 = CARTESIAN_POINT('',(27.624435156755,10.8,33.924435156755));
#5844 = CARTESIAN_POINT('',(27.749267277172,10.8,34.049267277172));
#5845 = CARTESIAN_POINT('',(27.874464662262,10.8,34.174464662262));
#5846 = CARTESIAN_POINT('',(28.000000306,10.8,34.300000306));
#5847 = PCURVE('',#4047,#5848);
#5848 = DEFINITIONAL_REPRESENTATION('',(#5849),#5855);
#5849 = B_SPLINE_CURVE_WITH_KNOTS('',4,(#5850,#5851,#5852,#5853,#5854),
  .UNSPECIFIED.,.F.,.F.,(5,5),(0.,1.),.PIECEWISE_BEZIER_KNOTS.);
#5850 = CARTESIAN_POINT('',(1.821115537849,0.));
#5851 = CARTESIAN_POINT('',(1.932550784845,0.243990503442));
#5852 = CARTESIAN_POINT('',(2.041395117841,0.488759367003));
#5853 = CARTESIAN_POINT('',(2.147753218615,0.734244435808));
#5854 = CARTESIAN_POINT('',(2.251724391366,0.980392756863));
#5855 = ( GEOMETRIC_REPRESENTATION_CONTEXT(2) 
PARAMETRIC_REPRESENTATION_CONTEXT() REPRESENTATION_CONTEXT('2D SPACE',''
  ) );
#5856 = PCURVE('',#4022,#5857);
#5857 = DEFINITIONAL_REPRESENTATION('',(#5858),#5864);
#5858 = B_SPLINE_CURVE_WITH_KNOTS('',4,(#5859,#5860,#5861,#5862,#5863),
  .UNSPECIFIED.,.F.,.F.,(5,5),(0.,1.),.PIECEWISE_BEZIER_KNOTS.);
#5859 = CARTESIAN_POINT('',(9.999999999998E-03,26.3));
#5860 = CARTESIAN_POINT('',(0.134435156755,26.424435156755));
#5861 = CARTESIAN_POINT('',(0.259267277172,26.549267277172));
#5862 = CARTESIAN_POINT('',(0.384464662262,26.674464662262));
#5863 = CARTESIAN_POINT('',(0.510000306,26.800000306));
#5864 = ( GEOMETRIC_REPRESENTATION_CONTEXT(2) 
PARAMETRIC_REPRESENTATION_CONTEXT() REPRESENTATION_CONTEXT('2D SPACE',''
  ) );
#5865 = ORIENTED_EDGE('',*,*,#4033,.T.);
#5866 = ADVANCED_FACE('',(#5867),#4022,.F.);
#5867 = FACE_BOUND('',#5868,.F.);
#5868 = EDGE_LOOP('',(#5869,#5892,#5911,#5912,#5913,#5934));
#5869 = ORIENTED_EDGE('',*,*,#5870,.F.);
#5870 = EDGE_CURVE('',#5871,#5873,#5875,.T.);
#5871 = VERTEX_POINT('',#5872);
#5872 = CARTESIAN_POINT('',(27.5,10.8,35.8));
#5873 = VERTEX_POINT('',#5874);
#5874 = CARTESIAN_POINT('',(2.8,10.8,35.8));
#5875 = SURFACE_CURVE('',#5876,(#5880,#5886),.PCURVE_S1.);
#5876 = LINE('',#5877,#5878);
#5877 = CARTESIAN_POINT('',(0.6,10.8,35.8));
#5878 = VECTOR('',#5879,1.);
#5879 = DIRECTION('',(-1.,0.,0.));
#5880 = PCURVE('',#4022,#5881);
#5881 = DEFINITIONAL_REPRESENTATION('',(#5882),#5885);
#5882 = B_SPLINE_CURVE_WITH_KNOTS('',1,(#5883,#5884),.UNSPECIFIED.,.F.,
  .F.,(2,2),(-26.9,-0.6),.PIECEWISE_BEZIER_KNOTS.);
#5883 = CARTESIAN_POINT('',(2.01,26.3));
#5884 = CARTESIAN_POINT('',(2.01,0.));
#5885 = ( GEOMETRIC_REPRESENTATION_CONTEXT(2) 
PARAMETRIC_REPRESENTATION_CONTEXT() REPRESENTATION_CONTEXT('2D SPACE',''
  ) );
#5886 = PCURVE('',#5346,#5887);
#5887 = DEFINITIONAL_REPRESENTATION('',(#5888),#5891);
#5888 = B_SPLINE_CURVE_WITH_KNOTS('',1,(#5889,#5890),.UNSPECIFIED.,.F.,
  .F.,(2,2),(-26.9,-0.6),.PIECEWISE_BEZIER_KNOTS.);
#5889 = CARTESIAN_POINT('',(27.5,25.35));
#5890 = CARTESIAN_POINT('',(1.2,25.35));
#5891 = ( GEOMETRIC_REPRESENTATION_CONTEXT(2) 
PARAMETRIC_REPRESENTATION_CONTEXT() REPRESENTATION_CONTEXT('2D SPACE',''
  ) );
#5892 = ORIENTED_EDGE('',*,*,#5893,.F.);
#5893 = EDGE_CURVE('',#3980,#5871,#5894,.T.);
#5894 = SURFACE_CURVE('',#5895,(#5899,#5905),.PCURVE_S1.);
#5895 = LINE('',#5896,#5897);
#5896 = CARTESIAN_POINT('',(21.5525,10.8,41.7475));
#5897 = VECTOR('',#5898,1.);
#5898 = DIRECTION('',(-0.707106781187,0.,0.707106781187));
#5899 = PCURVE('',#4022,#5900);
#5900 = DEFINITIONAL_REPRESENTATION('',(#5901),#5904);
#5901 = B_SPLINE_CURVE_WITH_KNOTS('',1,(#5902,#5903),.UNSPECIFIED.,.F.,
  .F.,(2,2),(-9.118141943401,-8.411035162214),.PIECEWISE_BEZIER_KNOTS.);
#5902 = CARTESIAN_POINT('',(1.51,26.8));
#5903 = CARTESIAN_POINT('',(2.01,26.3));
#5904 = ( GEOMETRIC_REPRESENTATION_CONTEXT(2) 
PARAMETRIC_REPRESENTATION_CONTEXT() REPRESENTATION_CONTEXT('2D SPACE',''
  ) );
#5905 = PCURVE('',#3995,#5906);
#5906 = DEFINITIONAL_REPRESENTATION('',(#5907),#5910);
#5907 = B_SPLINE_CURVE_WITH_KNOTS('',1,(#5908,#5909),.UNSPECIFIED.,.F.,
  .F.,(2,2),(-9.118141943401,-8.411035162214),.PIECEWISE_BEZIER_KNOTS.);
#5908 = CARTESIAN_POINT('',(25.35,-0.353553390593));
#5909 = CARTESIAN_POINT('',(25.35,0.353553390593));
#5910 = ( GEOMETRIC_REPRESENTATION_CONTEXT(2) 
PARAMETRIC_REPRESENTATION_CONTEXT() REPRESENTATION_CONTEXT('2D SPACE',''
  ) );
#5911 = ORIENTED_EDGE('',*,*,#4007,.F.);
#5912 = ORIENTED_EDGE('',*,*,#5839,.F.);
#5913 = ORIENTED_EDGE('',*,*,#5914,.T.);
#5914 = EDGE_CURVE('',#5818,#5915,#5917,.T.);
#5915 = VERTEX_POINT('',#5916);
#5916 = CARTESIAN_POINT('',(2.8,10.8,33.8));
#5917 = SURFACE_CURVE('',#5918,(#5922,#5928),.PCURVE_S1.);
#5918 = LINE('',#5919,#5920);
#5919 = CARTESIAN_POINT('',(0.6,10.8,33.8));
#5920 = VECTOR('',#5921,1.);
#5921 = DIRECTION('',(-1.,0.,0.));
#5922 = PCURVE('',#4022,#5923);
#5923 = DEFINITIONAL_REPRESENTATION('',(#5924),#5927);
#5924 = B_SPLINE_CURVE_WITH_KNOTS('',1,(#5925,#5926),.UNSPECIFIED.,.F.,
  .F.,(2,2),(-26.9,-0.6),.PIECEWISE_BEZIER_KNOTS.);
#5925 = CARTESIAN_POINT('',(9.999999999998E-03,26.3));
#5926 = CARTESIAN_POINT('',(9.999999999998E-03,0.));
#5927 = ( GEOMETRIC_REPRESENTATION_CONTEXT(2) 
PARAMETRIC_REPRESENTATION_CONTEXT() REPRESENTATION_CONTEXT('2D SPACE',''
  ) );
#5928 = PCURVE('',#5400,#5929);
#5929 = DEFINITIONAL_REPRESENTATION('',(#5930),#5933);
#5930 = B_SPLINE_CURVE_WITH_KNOTS('',1,(#5931,#5932),.UNSPECIFIED.,.F.,
  .F.,(2,2),(-26.9,-0.6),.PIECEWISE_BEZIER_KNOTS.);
#5931 = CARTESIAN_POINT('',(27.5,23.35));
#5932 = CARTESIAN_POINT('',(1.2,23.35));
#5933 = ( GEOMETRIC_REPRESENTATION_CONTEXT(2) 
PARAMETRIC_REPRESENTATION_CONTEXT() REPRESENTATION_CONTEXT('2D SPACE',''
  ) );
#5934 = ORIENTED_EDGE('',*,*,#5935,.T.);
#5935 = EDGE_CURVE('',#5915,#5873,#5936,.T.);
#5936 = SURFACE_CURVE('',#5937,(#5941,#5947),.PCURVE_S1.);
#5937 = LINE('',#5938,#5939);
#5938 = CARTESIAN_POINT('',(2.8,10.8,33.79));
#5939 = VECTOR('',#5940,1.);
#5940 = DIRECTION('',(0.,0.,1.));
#5941 = PCURVE('',#4022,#5942);
#5942 = DEFINITIONAL_REPRESENTATION('',(#5943),#5946);
#5943 = B_SPLINE_CURVE_WITH_KNOTS('',1,(#5944,#5945),.UNSPECIFIED.,.F.,
  .F.,(2,2),(9.999999999998E-03,2.01),.PIECEWISE_BEZIER_KNOTS.);
#5944 = CARTESIAN_POINT('',(9.999999999998E-03,1.6));
#5945 = CARTESIAN_POINT('',(2.01,1.6));
#5946 = ( GEOMETRIC_REPRESENTATION_CONTEXT(2) 
PARAMETRIC_REPRESENTATION_CONTEXT() REPRESENTATION_CONTEXT('2D SPACE',''
  ) );
#5947 = PCURVE('',#5948,#5953);
#5948 = PLANE('',#5949);
#5949 = AXIS2_PLACEMENT_3D('',#5950,#5951,#5952);
#5950 = CARTESIAN_POINT('',(2.8,-11.25,33.79));
#5951 = DIRECTION('',(1.,0.,0.));
#5952 = DIRECTION('',(0.,0.,1.));
#5953 = DEFINITIONAL_REPRESENTATION('',(#5954),#5957);
#5954 = B_SPLINE_CURVE_WITH_KNOTS('',1,(#5955,#5956),.UNSPECIFIED.,.F.,
  .F.,(2,2),(9.999999999998E-03,2.01),.PIECEWISE_BEZIER_KNOTS.);
#5955 = CARTESIAN_POINT('',(9.999999999998E-03,-22.05));
#5956 = CARTESIAN_POINT('',(2.01,-22.05));
#5957 = ( GEOMETRIC_REPRESENTATION_CONTEXT(2) 
PARAMETRIC_REPRESENTATION_CONTEXT() REPRESENTATION_CONTEXT('2D SPACE',''
  ) );
#5958 = ADVANCED_FACE('',(#5959),#3995,.T.);
#5959 = FACE_BOUND('',#5960,.T.);
#5960 = EDGE_LOOP('',(#5961,#5962,#5963,#5991));
#5961 = ORIENTED_EDGE('',*,*,#5893,.F.);
#5962 = ORIENTED_EDGE('',*,*,#3979,.T.);
#5963 = ORIENTED_EDGE('',*,*,#5964,.T.);
#5964 = EDGE_CURVE('',#3952,#5965,#5967,.T.);
#5965 = VERTEX_POINT('',#5966);
#5966 = CARTESIAN_POINT('',(27.5,14.05,35.8));
#5967 = SURFACE_CURVE('',#5968,(#5972,#5979),.PCURVE_S1.);
#5968 = LINE('',#5969,#5970);
#5969 = CARTESIAN_POINT('',(27.75,14.05,35.55));
#5970 = VECTOR('',#5971,1.);
#5971 = DIRECTION('',(-0.707106781187,-4.999702984597E-15,0.707106781187
    ));
#5972 = PCURVE('',#3995,#5973);
#5973 = DEFINITIONAL_REPRESENTATION('',(#5974),#5978);
#5974 = LINE('',#5975,#5976);
#5975 = CARTESIAN_POINT('',(28.6,6.531584628125E-14));
#5976 = VECTOR('',#5977,1.);
#5977 = DIRECTION('',(-4.999702984597E-15,1.));
#5978 = ( GEOMETRIC_REPRESENTATION_CONTEXT(2) 
PARAMETRIC_REPRESENTATION_CONTEXT() REPRESENTATION_CONTEXT('2D SPACE',''
  ) );
#5979 = PCURVE('',#5980,#5985);
#5980 = PLANE('',#5981);
#5981 = AXIS2_PLACEMENT_3D('',#5982,#5983,#5984);
#5982 = CARTESIAN_POINT('',(27.5,14.55,35.3));
#5983 = DIRECTION('',(0.57735026919,0.57735026919,0.57735026919));
#5984 = DIRECTION('',(-0.707106781187,-5.551115123126E-17,0.707106781187
    ));
#5985 = DEFINITIONAL_REPRESENTATION('',(#5986),#5990);
#5986 = LINE('',#5987,#5988);
#5987 = CARTESIAN_POINT('',(6.408762409649E-14,0.612372435696));
#5988 = VECTOR('',#5989,1.);
#5989 = DIRECTION('',(1.,6.050715484207E-15));
#5990 = ( GEOMETRIC_REPRESENTATION_CONTEXT(2) 
PARAMETRIC_REPRESENTATION_CONTEXT() REPRESENTATION_CONTEXT('2D SPACE',''
  ) );
#5991 = ORIENTED_EDGE('',*,*,#5992,.F.);
#5992 = EDGE_CURVE('',#5871,#5965,#5993,.T.);
#5993 = SURFACE_CURVE('',#5994,(#5998,#6005),.PCURVE_S1.);
#5994 = LINE('',#5995,#5996);
#5995 = CARTESIAN_POINT('',(27.5,-14.55,35.8));
#5996 = VECTOR('',#5997,1.);
#5997 = DIRECTION('',(0.,1.,0.));
#5998 = PCURVE('',#3995,#5999);
#5999 = DEFINITIONAL_REPRESENTATION('',(#6000),#6004);
#6000 = LINE('',#6001,#6002);
#6001 = CARTESIAN_POINT('',(0.,0.353553390593));
#6002 = VECTOR('',#6003,1.);
#6003 = DIRECTION('',(1.,0.));
#6004 = ( GEOMETRIC_REPRESENTATION_CONTEXT(2) 
PARAMETRIC_REPRESENTATION_CONTEXT() REPRESENTATION_CONTEXT('2D SPACE',''
  ) );
#6005 = PCURVE('',#5346,#6006);
#6006 = DEFINITIONAL_REPRESENTATION('',(#6007),#6011);
#6007 = LINE('',#6008,#6009);
#6008 = CARTESIAN_POINT('',(27.5,0.));
#6009 = VECTOR('',#6010,1.);
#6010 = DIRECTION('',(0.,1.));
#6011 = ( GEOMETRIC_REPRESENTATION_CONTEXT(2) 
PARAMETRIC_REPRESENTATION_CONTEXT() REPRESENTATION_CONTEXT('2D SPACE',''
  ) );
#6012 = ADVANCED_FACE('',(#6013),#3967,.T.);
#6013 = FACE_BOUND('',#6014,.F.);
#6014 = EDGE_LOOP('',(#6015,#6016,#6017,#6038));
#6015 = ORIENTED_EDGE('',*,*,#5757,.F.);
#6016 = ORIENTED_EDGE('',*,*,#3951,.T.);
#6017 = ORIENTED_EDGE('',*,*,#6018,.F.);
#6018 = EDGE_CURVE('',#4571,#3952,#6019,.T.);
#6019 = SURFACE_CURVE('',#6020,(#6024,#6031),.PCURVE_S1.);
#6020 = LINE('',#6021,#6022);
#6021 = CARTESIAN_POINT('',(27.625,14.425,35.3));
#6022 = VECTOR('',#6023,1.);
#6023 = DIRECTION('',(0.707106781187,-0.707106781187,-0.));
#6024 = PCURVE('',#3967,#6025);
#6025 = DEFINITIONAL_REPRESENTATION('',(#6026),#6030);
#6026 = LINE('',#6027,#6028);
#6027 = CARTESIAN_POINT('',(-39.6,0.176776695297));
#6028 = VECTOR('',#6029,1.);
#6029 = DIRECTION('',(-0.,-1.));
#6030 = ( GEOMETRIC_REPRESENTATION_CONTEXT(2) 
PARAMETRIC_REPRESENTATION_CONTEXT() REPRESENTATION_CONTEXT('2D SPACE',''
  ) );
#6031 = PCURVE('',#5980,#6032);
#6032 = DEFINITIONAL_REPRESENTATION('',(#6033),#6037);
#6033 = LINE('',#6034,#6035);
#6034 = CARTESIAN_POINT('',(-8.838834764833E-02,0.153093108924));
#6035 = VECTOR('',#6036,1.);
#6036 = DIRECTION('',(-0.5,0.866025403784));
#6037 = ( GEOMETRIC_REPRESENTATION_CONTEXT(2) 
PARAMETRIC_REPRESENTATION_CONTEXT() REPRESENTATION_CONTEXT('2D SPACE',''
  ) );
#6038 = ORIENTED_EDGE('',*,*,#4598,.F.);
#6039 = ADVANCED_FACE('',(#6040),#4294,.T.);
#6040 = FACE_BOUND('',#6041,.T.);
#6041 = EDGE_LOOP('',(#6042));
#6042 = ORIENTED_EDGE('',*,*,#4279,.T.);
#6043 = ADVANCED_FACE('',(#6044,#6070),#4350,.F.);
#6044 = FACE_BOUND('',#6045,.F.);
#6045 = EDGE_LOOP('',(#6046));
#6046 = ORIENTED_EDGE('',*,*,#6047,.T.);
#6047 = EDGE_CURVE('',#6048,#6048,#6050,.T.);
#6048 = VERTEX_POINT('',#6049);
#6049 = CARTESIAN_POINT('',(-43.7,7.95,24.));
#6050 = SURFACE_CURVE('',#6051,(#6056,#6063),.PCURVE_S1.);
#6051 = CIRCLE('',#6052,2.1);
#6052 = AXIS2_PLACEMENT_3D('',#6053,#6054,#6055);
#6053 = CARTESIAN_POINT('',(-45.8,7.95,24.));
#6054 = DIRECTION('',(0.,-1.,0.));
#6055 = DIRECTION('',(1.,0.,0.));
#6056 = PCURVE('',#4350,#6057);
#6057 = DEFINITIONAL_REPRESENTATION('',(#6058),#6062);
#6058 = CIRCLE('',#6059,2.1);
#6059 = AXIS2_PLACEMENT_2D('',#6060,#6061);
#6060 = CARTESIAN_POINT('',(-3.552713678801E-15,-7.105427357601E-15));
#6061 = DIRECTION('',(0.,1.));
#6062 = ( GEOMETRIC_REPRESENTATION_CONTEXT(2) 
PARAMETRIC_REPRESENTATION_CONTEXT() REPRESENTATION_CONTEXT('2D SPACE',''
  ) );
#6063 = PCURVE('',#4665,#6064);
#6064 = DEFINITIONAL_REPRESENTATION('',(#6065),#6069);
#6065 = LINE('',#6066,#6067);
#6066 = CARTESIAN_POINT('',(0.,0.));
#6067 = VECTOR('',#6068,1.);
#6068 = DIRECTION('',(1.,0.));
#6069 = ( GEOMETRIC_REPRESENTATION_CONTEXT(2) 
PARAMETRIC_REPRESENTATION_CONTEXT() REPRESENTATION_CONTEXT('2D SPACE',''
  ) );
#6070 = FACE_BOUND('',#6071,.F.);
#6071 = EDGE_LOOP('',(#6072));
#6072 = ORIENTED_EDGE('',*,*,#4335,.F.);
#6073 = ADVANCED_FACE('',(#6074),#4404,.T.);
#6074 = FACE_BOUND('',#6075,.T.);
#6075 = EDGE_LOOP('',(#6076));
#6076 = ORIENTED_EDGE('',*,*,#4389,.T.);
#6077 = ADVANCED_FACE('',(#6078,#6104),#4460,.F.);
#6078 = FACE_BOUND('',#6079,.F.);
#6079 = EDGE_LOOP('',(#6080));
#6080 = ORIENTED_EDGE('',*,*,#6081,.T.);
#6081 = EDGE_CURVE('',#6082,#6082,#6084,.T.);
#6082 = VERTEX_POINT('',#6083);
#6083 = CARTESIAN_POINT('',(14.1,7.95,-7.2));
#6084 = SURFACE_CURVE('',#6085,(#6090,#6097),.PCURVE_S1.);
#6085 = CIRCLE('',#6086,2.1);
#6086 = AXIS2_PLACEMENT_3D('',#6087,#6088,#6089);
#6087 = CARTESIAN_POINT('',(12.,7.95,-7.2));
#6088 = DIRECTION('',(0.,-1.,0.));
#6089 = DIRECTION('',(1.,0.,0.));
#6090 = PCURVE('',#4460,#6091);
#6091 = DEFINITIONAL_REPRESENTATION('',(#6092),#6096);
#6092 = CIRCLE('',#6093,2.1);
#6093 = AXIS2_PLACEMENT_2D('',#6094,#6095);
#6094 = CARTESIAN_POINT('',(0.,0.));
#6095 = DIRECTION('',(0.,1.));
#6096 = ( GEOMETRIC_REPRESENTATION_CONTEXT(2) 
PARAMETRIC_REPRESENTATION_CONTEXT() REPRESENTATION_CONTEXT('2D SPACE',''
  ) );
#6097 = PCURVE('',#5686,#6098);
#6098 = DEFINITIONAL_REPRESENTATION('',(#6099),#6103);
#6099 = LINE('',#6100,#6101);
#6100 = CARTESIAN_POINT('',(0.,0.));
#6101 = VECTOR('',#6102,1.);
#6102 = DIRECTION('',(1.,0.));
#6103 = ( GEOMETRIC_REPRESENTATION_CONTEXT(2) 
PARAMETRIC_REPRESENTATION_CONTEXT() REPRESENTATION_CONTEXT('2D SPACE',''
  ) );
#6104 = FACE_BOUND('',#6105,.F.);
#6105 = EDGE_LOOP('',(#6106));
#6106 = ORIENTED_EDGE('',*,*,#4445,.F.);
#6107 = ADVANCED_FACE('',(#6108),#4586,.T.);
#6108 = FACE_BOUND('',#6109,.F.);
#6109 = EDGE_LOOP('',(#6110,#6111,#6112,#6133));
#6110 = ORIENTED_EDGE('',*,*,#5436,.F.);
#6111 = ORIENTED_EDGE('',*,*,#4570,.T.);
#6112 = ORIENTED_EDGE('',*,*,#6113,.T.);
#6113 = EDGE_CURVE('',#4571,#5965,#6114,.T.);
#6114 = SURFACE_CURVE('',#6115,(#6119,#6126),.PCURVE_S1.);
#6115 = LINE('',#6116,#6117);
#6116 = CARTESIAN_POINT('',(27.5,14.425,35.425));
#6117 = VECTOR('',#6118,1.);
#6118 = DIRECTION('',(-4.999702984597E-15,-0.707106781187,0.707106781187
    ));
#6119 = PCURVE('',#4586,#6120);
#6120 = DEFINITIONAL_REPRESENTATION('',(#6121),#6125);
#6121 = LINE('',#6122,#6123);
#6122 = CARTESIAN_POINT('',(-27.5,-0.176776695297));
#6123 = VECTOR('',#6124,1.);
#6124 = DIRECTION('',(4.999702984597E-15,1.));
#6125 = ( GEOMETRIC_REPRESENTATION_CONTEXT(2) 
PARAMETRIC_REPRESENTATION_CONTEXT() REPRESENTATION_CONTEXT('2D SPACE',''
  ) );
#6126 = PCURVE('',#5980,#6127);
#6127 = DEFINITIONAL_REPRESENTATION('',(#6128),#6132);
#6128 = LINE('',#6129,#6130);
#6129 = CARTESIAN_POINT('',(8.838834764836E-02,0.153093108924));
#6130 = VECTOR('',#6131,1.);
#6131 = DIRECTION('',(0.5,0.866025403784));
#6132 = ( GEOMETRIC_REPRESENTATION_CONTEXT(2) 
PARAMETRIC_REPRESENTATION_CONTEXT() REPRESENTATION_CONTEXT('2D SPACE',''
  ) );
#6133 = ORIENTED_EDGE('',*,*,#6134,.F.);
#6134 = EDGE_CURVE('',#5331,#5965,#6135,.T.);
#6135 = SURFACE_CURVE('',#6136,(#6140,#6147),.PCURVE_S1.);
#6136 = LINE('',#6137,#6138);
#6137 = CARTESIAN_POINT('',(0.,14.05,35.8));
#6138 = VECTOR('',#6139,1.);
#6139 = DIRECTION('',(1.,0.,0.));
#6140 = PCURVE('',#4586,#6141);
#6141 = DEFINITIONAL_REPRESENTATION('',(#6142),#6146);
#6142 = LINE('',#6143,#6144);
#6143 = CARTESIAN_POINT('',(-0.,0.353553390593));
#6144 = VECTOR('',#6145,1.);
#6145 = DIRECTION('',(-1.,0.));
#6146 = ( GEOMETRIC_REPRESENTATION_CONTEXT(2) 
PARAMETRIC_REPRESENTATION_CONTEXT() REPRESENTATION_CONTEXT('2D SPACE',''
  ) );
#6147 = PCURVE('',#5346,#6148);
#6148 = DEFINITIONAL_REPRESENTATION('',(#6149),#6153);
#6149 = LINE('',#6150,#6151);
#6150 = CARTESIAN_POINT('',(0.,28.6));
#6151 = VECTOR('',#6152,1.);
#6152 = DIRECTION('',(1.,0.));
#6153 = ( GEOMETRIC_REPRESENTATION_CONTEXT(2) 
PARAMETRIC_REPRESENTATION_CONTEXT() REPRESENTATION_CONTEXT('2D SPACE',''
  ) );
#6154 = ADVANCED_FACE('',(#6155),#4665,.F.);
#6155 = FACE_BOUND('',#6156,.F.);
#6156 = EDGE_LOOP('',(#6157,#6158,#6179,#6180));
#6157 = ORIENTED_EDGE('',*,*,#6047,.F.);
#6158 = ORIENTED_EDGE('',*,*,#6159,.T.);
#6159 = EDGE_CURVE('',#6048,#4645,#6160,.T.);
#6160 = SEAM_CURVE('',#6161,(#6165,#6172),.PCURVE_S1.);
#6161 = LINE('',#6162,#6163);
#6162 = CARTESIAN_POINT('',(-43.7,7.95,24.));
#6163 = VECTOR('',#6164,1.);
#6164 = DIRECTION('',(-0.,1.,-0.));
#6165 = PCURVE('',#4665,#6166);
#6166 = DEFINITIONAL_REPRESENTATION('',(#6167),#6171);
#6167 = LINE('',#6168,#6169);
#6168 = CARTESIAN_POINT('',(6.28318530718,0.));
#6169 = VECTOR('',#6170,1.);
#6170 = DIRECTION('',(0.,-1.));
#6171 = ( GEOMETRIC_REPRESENTATION_CONTEXT(2) 
PARAMETRIC_REPRESENTATION_CONTEXT() REPRESENTATION_CONTEXT('2D SPACE',''
  ) );
#6172 = PCURVE('',#4665,#6173);
#6173 = DEFINITIONAL_REPRESENTATION('',(#6174),#6178);
#6174 = LINE('',#6175,#6176);
#6175 = CARTESIAN_POINT('',(0.,0.));
#6176 = VECTOR('',#6177,1.);
#6177 = DIRECTION('',(0.,-1.));
#6178 = ( GEOMETRIC_REPRESENTATION_CONTEXT(2) 
PARAMETRIC_REPRESENTATION_CONTEXT() REPRESENTATION_CONTEXT('2D SPACE',''
  ) );
#6179 = ORIENTED_EDGE('',*,*,#4644,.T.);
#6180 = ORIENTED_EDGE('',*,*,#6159,.F.);
#6181 = ADVANCED_FACE('',(#6182),#4700,.F.);
#6182 = FACE_BOUND('',#6183,.F.);
#6183 = EDGE_LOOP('',(#6184,#6213,#6234,#6235));
#6184 = ORIENTED_EDGE('',*,*,#6185,.F.);
#6185 = EDGE_CURVE('',#6186,#6186,#6188,.T.);
#6186 = VERTEX_POINT('',#6187);
#6187 = CARTESIAN_POINT('',(-21.5,7.95,12.));
#6188 = SURFACE_CURVE('',#6189,(#6194,#6201),.PCURVE_S1.);
#6189 = CIRCLE('',#6190,2.1);
#6190 = AXIS2_PLACEMENT_3D('',#6191,#6192,#6193);
#6191 = CARTESIAN_POINT('',(-23.6,7.95,12.));
#6192 = DIRECTION('',(0.,-1.,0.));
#6193 = DIRECTION('',(1.,0.,0.));
#6194 = PCURVE('',#4700,#6195);
#6195 = DEFINITIONAL_REPRESENTATION('',(#6196),#6200);
#6196 = LINE('',#6197,#6198);
#6197 = CARTESIAN_POINT('',(0.,0.));
#6198 = VECTOR('',#6199,1.);
#6199 = DIRECTION('',(1.,0.));
#6200 = ( GEOMETRIC_REPRESENTATION_CONTEXT(2) 
PARAMETRIC_REPRESENTATION_CONTEXT() REPRESENTATION_CONTEXT('2D SPACE',''
  ) );
#6201 = PCURVE('',#6202,#6207);
#6202 = PLANE('',#6203);
#6203 = AXIS2_PLACEMENT_3D('',#6204,#6205,#6206);
#6204 = CARTESIAN_POINT('',(-23.6,7.95,12.));
#6205 = DIRECTION('',(-0.,-1.,-0.));
#6206 = DIRECTION('',(0.,0.,-1.));
#6207 = DEFINITIONAL_REPRESENTATION('',(#6208),#6212);
#6208 = CIRCLE('',#6209,2.1);
#6209 = AXIS2_PLACEMENT_2D('',#6210,#6211);
#6210 = CARTESIAN_POINT('',(0.,-3.552713678801E-15));
#6211 = DIRECTION('',(0.,1.));
#6212 = ( GEOMETRIC_REPRESENTATION_CONTEXT(2) 
PARAMETRIC_REPRESENTATION_CONTEXT() REPRESENTATION_CONTEXT('2D SPACE',''
  ) );
#6213 = ORIENTED_EDGE('',*,*,#6214,.T.);
#6214 = EDGE_CURVE('',#6186,#4680,#6215,.T.);
#6215 = SEAM_CURVE('',#6216,(#6220,#6227),.PCURVE_S1.);
#6216 = LINE('',#6217,#6218);
#6217 = CARTESIAN_POINT('',(-21.5,7.95,12.));
#6218 = VECTOR('',#6219,1.);
#6219 = DIRECTION('',(-0.,1.,-0.));
#6220 = PCURVE('',#4700,#6221);
#6221 = DEFINITIONAL_REPRESENTATION('',(#6222),#6226);
#6222 = LINE('',#6223,#6224);
#6223 = CARTESIAN_POINT('',(6.28318530718,0.));
#6224 = VECTOR('',#6225,1.);
#6225 = DIRECTION('',(0.,-1.));
#6226 = ( GEOMETRIC_REPRESENTATION_CONTEXT(2) 
PARAMETRIC_REPRESENTATION_CONTEXT() REPRESENTATION_CONTEXT('2D SPACE',''
  ) );
#6227 = PCURVE('',#4700,#6228);
#6228 = DEFINITIONAL_REPRESENTATION('',(#6229),#6233);
#6229 = LINE('',#6230,#6231);
#6230 = CARTESIAN_POINT('',(0.,0.));
#6231 = VECTOR('',#6232,1.);
#6232 = DIRECTION('',(0.,-1.));
#6233 = ( GEOMETRIC_REPRESENTATION_CONTEXT(2) 
PARAMETRIC_REPRESENTATION_CONTEXT() REPRESENTATION_CONTEXT('2D SPACE',''
  ) );
#6234 = ORIENTED_EDGE('',*,*,#4679,.T.);
#6235 = ORIENTED_EDGE('',*,*,#6214,.F.);
#6236 = ADVANCED_FACE('',(#6237),#4735,.F.);
#6237 = FACE_BOUND('',#6238,.F.);
#6238 = EDGE_LOOP('',(#6239,#6268,#6289,#6290));
#6239 = ORIENTED_EDGE('',*,*,#6240,.F.);
#6240 = EDGE_CURVE('',#6241,#6241,#6243,.T.);
#6241 = VERTEX_POINT('',#6242);
#6242 = CARTESIAN_POINT('',(-21.5,7.95,26.));
#6243 = SURFACE_CURVE('',#6244,(#6249,#6256),.PCURVE_S1.);
#6244 = CIRCLE('',#6245,2.1);
#6245 = AXIS2_PLACEMENT_3D('',#6246,#6247,#6248);
#6246 = CARTESIAN_POINT('',(-23.6,7.95,26.));
#6247 = DIRECTION('',(0.,-1.,0.));
#6248 = DIRECTION('',(1.,0.,0.));
#6249 = PCURVE('',#4735,#6250);
#6250 = DEFINITIONAL_REPRESENTATION('',(#6251),#6255);
#6251 = LINE('',#6252,#6253);
#6252 = CARTESIAN_POINT('',(0.,0.));
#6253 = VECTOR('',#6254,1.);
#6254 = DIRECTION('',(1.,0.));
#6255 = ( GEOMETRIC_REPRESENTATION_CONTEXT(2) 
PARAMETRIC_REPRESENTATION_CONTEXT() REPRESENTATION_CONTEXT('2D SPACE',''
  ) );
#6256 = PCURVE('',#6257,#6262);
#6257 = PLANE('',#6258);
#6258 = AXIS2_PLACEMENT_3D('',#6259,#6260,#6261);
#6259 = CARTESIAN_POINT('',(-23.6,7.95,26.));
#6260 = DIRECTION('',(-0.,-1.,-0.));
#6261 = DIRECTION('',(0.,0.,-1.));
#6262 = DEFINITIONAL_REPRESENTATION('',(#6263),#6267);
#6263 = CIRCLE('',#6264,2.1);
#6264 = AXIS2_PLACEMENT_2D('',#6265,#6266);
#6265 = CARTESIAN_POINT('',(3.552713678801E-15,0.));
#6266 = DIRECTION('',(0.,1.));
#6267 = ( GEOMETRIC_REPRESENTATION_CONTEXT(2) 
PARAMETRIC_REPRESENTATION_CONTEXT() REPRESENTATION_CONTEXT('2D SPACE',''
  ) );
#6268 = ORIENTED_EDGE('',*,*,#6269,.T.);
#6269 = EDGE_CURVE('',#6241,#4715,#6270,.T.);
#6270 = SEAM_CURVE('',#6271,(#6275,#6282),.PCURVE_S1.);
#6271 = LINE('',#6272,#6273);
#6272 = CARTESIAN_POINT('',(-21.5,7.95,26.));
#6273 = VECTOR('',#6274,1.);
#6274 = DIRECTION('',(-0.,1.,-0.));
#6275 = PCURVE('',#4735,#6276);
#6276 = DEFINITIONAL_REPRESENTATION('',(#6277),#6281);
#6277 = LINE('',#6278,#6279);
#6278 = CARTESIAN_POINT('',(6.28318530718,0.));
#6279 = VECTOR('',#6280,1.);
#6280 = DIRECTION('',(0.,-1.));
#6281 = ( GEOMETRIC_REPRESENTATION_CONTEXT(2) 
PARAMETRIC_REPRESENTATION_CONTEXT() REPRESENTATION_CONTEXT('2D SPACE',''
  ) );
#6282 = PCURVE('',#4735,#6283);
#6283 = DEFINITIONAL_REPRESENTATION('',(#6284),#6288);
#6284 = LINE('',#6285,#6286);
#6285 = CARTESIAN_POINT('',(0.,0.));
#6286 = VECTOR('',#6287,1.);
#6287 = DIRECTION('',(0.,-1.));
#6288 = ( GEOMETRIC_REPRESENTATION_CONTEXT(2) 
PARAMETRIC_REPRESENTATION_CONTEXT() REPRESENTATION_CONTEXT('2D SPACE',''
  ) );
#6289 = ORIENTED_EDGE('',*,*,#4714,.T.);
#6290 = ORIENTED_EDGE('',*,*,#6269,.F.);
#6291 = ADVANCED_FACE('',(#6292),#4815,.F.);
#6292 = FACE_BOUND('',#6293,.F.);
#6293 = EDGE_LOOP('',(#6294,#6295,#6318,#6345));
#6294 = ORIENTED_EDGE('',*,*,#4794,.F.);
#6295 = ORIENTED_EDGE('',*,*,#6296,.T.);
#6296 = EDGE_CURVE('',#4795,#6297,#6299,.T.);
#6297 = VERTEX_POINT('',#6298);
#6298 = CARTESIAN_POINT('',(-21.15,13.55,-5.5));
#6299 = SEAM_CURVE('',#6300,(#6304,#6311),.PCURVE_S1.);
#6300 = LINE('',#6301,#6302);
#6301 = CARTESIAN_POINT('',(-21.15,-13.55,-5.5));
#6302 = VECTOR('',#6303,1.);
#6303 = DIRECTION('',(-0.,1.,-0.));
#6304 = PCURVE('',#4815,#6305);
#6305 = DEFINITIONAL_REPRESENTATION('',(#6306),#6310);
#6306 = LINE('',#6307,#6308);
#6307 = CARTESIAN_POINT('',(6.28318530718,0.));
#6308 = VECTOR('',#6309,1.);
#6309 = DIRECTION('',(0.,-1.));
#6310 = ( GEOMETRIC_REPRESENTATION_CONTEXT(2) 
PARAMETRIC_REPRESENTATION_CONTEXT() REPRESENTATION_CONTEXT('2D SPACE',''
  ) );
#6311 = PCURVE('',#4815,#6312);
#6312 = DEFINITIONAL_REPRESENTATION('',(#6313),#6317);
#6313 = LINE('',#6314,#6315);
#6314 = CARTESIAN_POINT('',(0.,0.));
#6315 = VECTOR('',#6316,1.);
#6316 = DIRECTION('',(0.,-1.));
#6317 = ( GEOMETRIC_REPRESENTATION_CONTEXT(2) 
PARAMETRIC_REPRESENTATION_CONTEXT() REPRESENTATION_CONTEXT('2D SPACE',''
  ) );
#6318 = ORIENTED_EDGE('',*,*,#6319,.T.);
#6319 = EDGE_CURVE('',#6297,#6297,#6320,.T.);
#6320 = SURFACE_CURVE('',#6321,(#6326,#6333),.PCURVE_S1.);
#6321 = CIRCLE('',#6322,1.05);
#6322 = AXIS2_PLACEMENT_3D('',#6323,#6324,#6325);
#6323 = CARTESIAN_POINT('',(-22.2,13.55,-5.5));
#6324 = DIRECTION('',(0.,-1.,0.));
#6325 = DIRECTION('',(1.,0.,0.));
#6326 = PCURVE('',#4815,#6327);
#6327 = DEFINITIONAL_REPRESENTATION('',(#6328),#6332);
#6328 = LINE('',#6329,#6330);
#6329 = CARTESIAN_POINT('',(0.,-27.1));
#6330 = VECTOR('',#6331,1.);
#6331 = DIRECTION('',(1.,0.));
#6332 = ( GEOMETRIC_REPRESENTATION_CONTEXT(2) 
PARAMETRIC_REPRESENTATION_CONTEXT() REPRESENTATION_CONTEXT('2D SPACE',''
  ) );
#6333 = PCURVE('',#6334,#6339);
#6334 = PLANE('',#6335);
#6335 = AXIS2_PLACEMENT_3D('',#6336,#6337,#6338);
#6336 = CARTESIAN_POINT('',(-22.2,13.55,-5.5));
#6337 = DIRECTION('',(-0.,-1.,-0.));
#6338 = DIRECTION('',(0.,0.,-1.));
#6339 = DEFINITIONAL_REPRESENTATION('',(#6340),#6344);
#6340 = CIRCLE('',#6341,1.05);
#6341 = AXIS2_PLACEMENT_2D('',#6342,#6343);
#6342 = CARTESIAN_POINT('',(8.881784197001E-16,-3.552713678801E-15));
#6343 = DIRECTION('',(0.,1.));
#6344 = ( GEOMETRIC_REPRESENTATION_CONTEXT(2) 
PARAMETRIC_REPRESENTATION_CONTEXT() REPRESENTATION_CONTEXT('2D SPACE',''
  ) );
#6345 = ORIENTED_EDGE('',*,*,#6296,.F.);
#6346 = ADVANCED_FACE('',(#6347),#4941,.T.);
#6347 = FACE_BOUND('',#6348,.T.);
#6348 = EDGE_LOOP('',(#6349,#6372,#6373,#6374));
#6349 = ORIENTED_EDGE('',*,*,#6350,.F.);
#6350 = EDGE_CURVE('',#4901,#6351,#6353,.T.);
#6351 = VERTEX_POINT('',#6352);
#6352 = CARTESIAN_POINT('',(-15.8,9.75,36.5));
#6353 = SURFACE_CURVE('',#6354,(#6358,#6365),.PCURVE_S1.);
#6354 = LINE('',#6355,#6356);
#6355 = CARTESIAN_POINT('',(-15.8,-10.25,36.5));
#6356 = VECTOR('',#6357,1.);
#6357 = DIRECTION('',(0.,1.,0.));
#6358 = PCURVE('',#4941,#6359);
#6359 = DEFINITIONAL_REPRESENTATION('',(#6360),#6364);
#6360 = LINE('',#6361,#6362);
#6361 = CARTESIAN_POINT('',(0.5,0.));
#6362 = VECTOR('',#6363,1.);
#6363 = DIRECTION('',(0.,1.));
#6364 = ( GEOMETRIC_REPRESENTATION_CONTEXT(2) 
PARAMETRIC_REPRESENTATION_CONTEXT() REPRESENTATION_CONTEXT('2D SPACE',''
  ) );
#6365 = PCURVE('',#4915,#6366);
#6366 = DEFINITIONAL_REPRESENTATION('',(#6367),#6371);
#6367 = LINE('',#6368,#6369);
#6368 = CARTESIAN_POINT('',(0.,0.353553390593));
#6369 = VECTOR('',#6370,1.);
#6370 = DIRECTION('',(1.,0.));
#6371 = ( GEOMETRIC_REPRESENTATION_CONTEXT(2) 
PARAMETRIC_REPRESENTATION_CONTEXT() REPRESENTATION_CONTEXT('2D SPACE',''
  ) );
#6372 = ORIENTED_EDGE('',*,*,#4926,.F.);
#6373 = ORIENTED_EDGE('',*,*,#5559,.T.);
#6374 = ORIENTED_EDGE('',*,*,#6375,.F.);
#6375 = EDGE_CURVE('',#6351,#5537,#6376,.T.);
#6376 = SURFACE_CURVE('',#6377,(#6381,#6388),.PCURVE_S1.);
#6377 = LINE('',#6378,#6379);
#6378 = CARTESIAN_POINT('',(-16.3,9.75,36.5));
#6379 = VECTOR('',#6380,1.);
#6380 = DIRECTION('',(1.,0.,0.));
#6381 = PCURVE('',#4941,#6382);
#6382 = DEFINITIONAL_REPRESENTATION('',(#6383),#6387);
#6383 = LINE('',#6384,#6385);
#6384 = CARTESIAN_POINT('',(0.,20.));
#6385 = VECTOR('',#6386,1.);
#6386 = DIRECTION('',(1.,0.));
#6387 = ( GEOMETRIC_REPRESENTATION_CONTEXT(2) 
PARAMETRIC_REPRESENTATION_CONTEXT() REPRESENTATION_CONTEXT('2D SPACE',''
  ) );
#6388 = PCURVE('',#5259,#6389);
#6389 = DEFINITIONAL_REPRESENTATION('',(#6390),#6394);
#6390 = LINE('',#6391,#6392);
#6391 = CARTESIAN_POINT('',(-0.,0.353553390593));
#6392 = VECTOR('',#6393,1.);
#6393 = DIRECTION('',(-1.,0.));
#6394 = ( GEOMETRIC_REPRESENTATION_CONTEXT(2) 
PARAMETRIC_REPRESENTATION_CONTEXT() REPRESENTATION_CONTEXT('2D SPACE',''
  ) );
#6395 = ADVANCED_FACE('',(#6396),#4915,.F.);
#6396 = FACE_BOUND('',#6397,.F.);
#6397 = EDGE_LOOP('',(#6398,#6399,#6400,#6421));
#6398 = ORIENTED_EDGE('',*,*,#4900,.F.);
#6399 = ORIENTED_EDGE('',*,*,#5277,.T.);
#6400 = ORIENTED_EDGE('',*,*,#6401,.T.);
#6401 = EDGE_CURVE('',#5223,#6351,#6402,.T.);
#6402 = SURFACE_CURVE('',#6403,(#6407,#6414),.PCURVE_S1.);
#6403 = LINE('',#6404,#6405);
#6404 = CARTESIAN_POINT('',(-12.71666666666,6.666666666667,
    39.583333333333));
#6405 = VECTOR('',#6406,1.);
#6406 = DIRECTION('',(0.57735026919,-0.57735026919,0.57735026919));
#6407 = PCURVE('',#4915,#6408);
#6408 = DEFINITIONAL_REPRESENTATION('',(#6409),#6413);
#6409 = LINE('',#6410,#6411);
#6410 = CARTESIAN_POINT('',(16.916666666667,4.71404520791));
#6411 = VECTOR('',#6412,1.);
#6412 = DIRECTION('',(-0.57735026919,0.816496580928));
#6413 = ( GEOMETRIC_REPRESENTATION_CONTEXT(2) 
PARAMETRIC_REPRESENTATION_CONTEXT() REPRESENTATION_CONTEXT('2D SPACE',''
  ) );
#6414 = PCURVE('',#5259,#6415);
#6415 = DEFINITIONAL_REPRESENTATION('',(#6416),#6420);
#6416 = LINE('',#6417,#6418);
#6417 = CARTESIAN_POINT('',(-3.583333333333,4.71404520791));
#6418 = VECTOR('',#6419,1.);
#6419 = DIRECTION('',(-0.57735026919,0.816496580928));
#6420 = ( GEOMETRIC_REPRESENTATION_CONTEXT(2) 
PARAMETRIC_REPRESENTATION_CONTEXT() REPRESENTATION_CONTEXT('2D SPACE',''
  ) );
#6421 = ORIENTED_EDGE('',*,*,#6350,.F.);
#6422 = ADVANCED_FACE('',(#6423),#4994,.F.);
#6423 = FACE_BOUND('',#6424,.F.);
#6424 = EDGE_LOOP('',(#6425,#6426,#6449,#6476));
#6425 = ORIENTED_EDGE('',*,*,#4973,.F.);
#6426 = ORIENTED_EDGE('',*,*,#6427,.T.);
#6427 = EDGE_CURVE('',#4974,#6428,#6430,.T.);
#6428 = VERTEX_POINT('',#6429);
#6429 = CARTESIAN_POINT('',(-26.45,5.3,19.));
#6430 = SEAM_CURVE('',#6431,(#6435,#6442),.PCURVE_S1.);
#6431 = LINE('',#6432,#6433);
#6432 = CARTESIAN_POINT('',(-26.45,-1.E-02,19.));
#6433 = VECTOR('',#6434,1.);
#6434 = DIRECTION('',(-0.,1.,-0.));
#6435 = PCURVE('',#4994,#6436);
#6436 = DEFINITIONAL_REPRESENTATION('',(#6437),#6441);
#6437 = LINE('',#6438,#6439);
#6438 = CARTESIAN_POINT('',(6.28318530718,0.));
#6439 = VECTOR('',#6440,1.);
#6440 = DIRECTION('',(0.,-1.));
#6441 = ( GEOMETRIC_REPRESENTATION_CONTEXT(2) 
PARAMETRIC_REPRESENTATION_CONTEXT() REPRESENTATION_CONTEXT('2D SPACE',''
  ) );
#6442 = PCURVE('',#4994,#6443);
#6443 = DEFINITIONAL_REPRESENTATION('',(#6444),#6448);
#6444 = LINE('',#6445,#6446);
#6445 = CARTESIAN_POINT('',(0.,0.));
#6446 = VECTOR('',#6447,1.);
#6447 = DIRECTION('',(0.,-1.));
#6448 = ( GEOMETRIC_REPRESENTATION_CONTEXT(2) 
PARAMETRIC_REPRESENTATION_CONTEXT() REPRESENTATION_CONTEXT('2D SPACE',''
  ) );
#6449 = ORIENTED_EDGE('',*,*,#6450,.T.);
#6450 = EDGE_CURVE('',#6428,#6428,#6451,.T.);
#6451 = SURFACE_CURVE('',#6452,(#6457,#6464),.PCURVE_S1.);
#6452 = CIRCLE('',#6453,1.05);
#6453 = AXIS2_PLACEMENT_3D('',#6454,#6455,#6456);
#6454 = CARTESIAN_POINT('',(-27.5,5.3,19.));
#6455 = DIRECTION('',(0.,-1.,0.));
#6456 = DIRECTION('',(1.,0.,0.));
#6457 = PCURVE('',#4994,#6458);
#6458 = DEFINITIONAL_REPRESENTATION('',(#6459),#6463);
#6459 = LINE('',#6460,#6461);
#6460 = CARTESIAN_POINT('',(0.,-5.31));
#6461 = VECTOR('',#6462,1.);
#6462 = DIRECTION('',(1.,0.));
#6463 = ( GEOMETRIC_REPRESENTATION_CONTEXT(2) 
PARAMETRIC_REPRESENTATION_CONTEXT() REPRESENTATION_CONTEXT('2D SPACE',''
  ) );
#6464 = PCURVE('',#6465,#6470);
#6465 = PLANE('',#6466);
#6466 = AXIS2_PLACEMENT_3D('',#6467,#6468,#6469);
#6467 = CARTESIAN_POINT('',(-27.5,5.3,19.));
#6468 = DIRECTION('',(-0.,-1.,-0.));
#6469 = DIRECTION('',(0.,0.,-1.));
#6470 = DEFINITIONAL_REPRESENTATION('',(#6471),#6475);
#6471 = CIRCLE('',#6472,1.05);
#6472 = AXIS2_PLACEMENT_2D('',#6473,#6474);
#6473 = CARTESIAN_POINT('',(0.,3.552713678801E-15));
#6474 = DIRECTION('',(0.,1.));
#6475 = ( GEOMETRIC_REPRESENTATION_CONTEXT(2) 
PARAMETRIC_REPRESENTATION_CONTEXT() REPRESENTATION_CONTEXT('2D SPACE',''
  ) );
#6476 = ORIENTED_EDGE('',*,*,#6427,.F.);
#6477 = ADVANCED_FACE('',(#6478),#5029,.F.);
#6478 = FACE_BOUND('',#6479,.F.);
#6479 = EDGE_LOOP('',(#6480,#6503,#6504,#6505));
#6480 = ORIENTED_EDGE('',*,*,#6481,.F.);
#6481 = EDGE_CURVE('',#5009,#6482,#6484,.T.);
#6482 = VERTEX_POINT('',#6483);
#6483 = CARTESIAN_POINT('',(-22.45,7.95,12.));
#6484 = SEAM_CURVE('',#6485,(#6489,#6496),.PCURVE_S1.);
#6485 = LINE('',#6486,#6487);
#6486 = CARTESIAN_POINT('',(-22.45,-15.55,12.));
#6487 = VECTOR('',#6488,1.);
#6488 = DIRECTION('',(-0.,1.,-0.));
#6489 = PCURVE('',#5029,#6490);
#6490 = DEFINITIONAL_REPRESENTATION('',(#6491),#6495);
#6491 = LINE('',#6492,#6493);
#6492 = CARTESIAN_POINT('',(6.28318530718,0.));
#6493 = VECTOR('',#6494,1.);
#6494 = DIRECTION('',(0.,-1.));
#6495 = ( GEOMETRIC_REPRESENTATION_CONTEXT(2) 
PARAMETRIC_REPRESENTATION_CONTEXT() REPRESENTATION_CONTEXT('2D SPACE',''
  ) );
#6496 = PCURVE('',#5029,#6497);
#6497 = DEFINITIONAL_REPRESENTATION('',(#6498),#6502);
#6498 = LINE('',#6499,#6500);
#6499 = CARTESIAN_POINT('',(0.,0.));
#6500 = VECTOR('',#6501,1.);
#6501 = DIRECTION('',(0.,-1.));
#6502 = ( GEOMETRIC_REPRESENTATION_CONTEXT(2) 
PARAMETRIC_REPRESENTATION_CONTEXT() REPRESENTATION_CONTEXT('2D SPACE',''
  ) );
#6503 = ORIENTED_EDGE('',*,*,#5008,.F.);
#6504 = ORIENTED_EDGE('',*,*,#6481,.T.);
#6505 = ORIENTED_EDGE('',*,*,#6506,.T.);
#6506 = EDGE_CURVE('',#6482,#6482,#6507,.T.);
#6507 = SURFACE_CURVE('',#6508,(#6513,#6520),.PCURVE_S1.);
#6508 = CIRCLE('',#6509,1.15);
#6509 = AXIS2_PLACEMENT_3D('',#6510,#6511,#6512);
#6510 = CARTESIAN_POINT('',(-23.6,7.95,12.));
#6511 = DIRECTION('',(0.,-1.,0.));
#6512 = DIRECTION('',(1.,0.,0.));
#6513 = PCURVE('',#5029,#6514);
#6514 = DEFINITIONAL_REPRESENTATION('',(#6515),#6519);
#6515 = LINE('',#6516,#6517);
#6516 = CARTESIAN_POINT('',(0.,-23.5));
#6517 = VECTOR('',#6518,1.);
#6518 = DIRECTION('',(1.,0.));
#6519 = ( GEOMETRIC_REPRESENTATION_CONTEXT(2) 
PARAMETRIC_REPRESENTATION_CONTEXT() REPRESENTATION_CONTEXT('2D SPACE',''
  ) );
#6520 = PCURVE('',#6202,#6521);
#6521 = DEFINITIONAL_REPRESENTATION('',(#6522),#6526);
#6522 = CIRCLE('',#6523,1.15);
#6523 = AXIS2_PLACEMENT_2D('',#6524,#6525);
#6524 = CARTESIAN_POINT('',(0.,-3.552713678801E-15));
#6525 = DIRECTION('',(0.,1.));
#6526 = ( GEOMETRIC_REPRESENTATION_CONTEXT(2) 
PARAMETRIC_REPRESENTATION_CONTEXT() REPRESENTATION_CONTEXT('2D SPACE',''
  ) );
#6527 = ADVANCED_FACE('',(#6528),#5064,.F.);
#6528 = FACE_BOUND('',#6529,.F.);
#6529 = EDGE_LOOP('',(#6530,#6553,#6554,#6555));
#6530 = ORIENTED_EDGE('',*,*,#6531,.F.);
#6531 = EDGE_CURVE('',#5044,#6532,#6534,.T.);
#6532 = VERTEX_POINT('',#6533);
#6533 = CARTESIAN_POINT('',(-22.45,7.95,26.));
#6534 = SEAM_CURVE('',#6535,(#6539,#6546),.PCURVE_S1.);
#6535 = LINE('',#6536,#6537);
#6536 = CARTESIAN_POINT('',(-22.45,-15.55,26.));
#6537 = VECTOR('',#6538,1.);
#6538 = DIRECTION('',(-0.,1.,-0.));
#6539 = PCURVE('',#5064,#6540);
#6540 = DEFINITIONAL_REPRESENTATION('',(#6541),#6545);
#6541 = LINE('',#6542,#6543);
#6542 = CARTESIAN_POINT('',(6.28318530718,0.));
#6543 = VECTOR('',#6544,1.);
#6544 = DIRECTION('',(0.,-1.));
#6545 = ( GEOMETRIC_REPRESENTATION_CONTEXT(2) 
PARAMETRIC_REPRESENTATION_CONTEXT() REPRESENTATION_CONTEXT('2D SPACE',''
  ) );
#6546 = PCURVE('',#5064,#6547);
#6547 = DEFINITIONAL_REPRESENTATION('',(#6548),#6552);
#6548 = LINE('',#6549,#6550);
#6549 = CARTESIAN_POINT('',(0.,0.));
#6550 = VECTOR('',#6551,1.);
#6551 = DIRECTION('',(0.,-1.));
#6552 = ( GEOMETRIC_REPRESENTATION_CONTEXT(2) 
PARAMETRIC_REPRESENTATION_CONTEXT() REPRESENTATION_CONTEXT('2D SPACE',''
  ) );
#6553 = ORIENTED_EDGE('',*,*,#5043,.F.);
#6554 = ORIENTED_EDGE('',*,*,#6531,.T.);
#6555 = ORIENTED_EDGE('',*,*,#6556,.T.);
#6556 = EDGE_CURVE('',#6532,#6532,#6557,.T.);
#6557 = SURFACE_CURVE('',#6558,(#6563,#6570),.PCURVE_S1.);
#6558 = CIRCLE('',#6559,1.15);
#6559 = AXIS2_PLACEMENT_3D('',#6560,#6561,#6562);
#6560 = CARTESIAN_POINT('',(-23.6,7.95,26.));
#6561 = DIRECTION('',(0.,-1.,0.));
#6562 = DIRECTION('',(1.,0.,0.));
#6563 = PCURVE('',#5064,#6564);
#6564 = DEFINITIONAL_REPRESENTATION('',(#6565),#6569);
#6565 = LINE('',#6566,#6567);
#6566 = CARTESIAN_POINT('',(0.,-23.5));
#6567 = VECTOR('',#6568,1.);
#6568 = DIRECTION('',(1.,0.));
#6569 = ( GEOMETRIC_REPRESENTATION_CONTEXT(2) 
PARAMETRIC_REPRESENTATION_CONTEXT() REPRESENTATION_CONTEXT('2D SPACE',''
  ) );
#6570 = PCURVE('',#6257,#6571);
#6571 = DEFINITIONAL_REPRESENTATION('',(#6572),#6576);
#6572 = CIRCLE('',#6573,1.15);
#6573 = AXIS2_PLACEMENT_2D('',#6574,#6575);
#6574 = CARTESIAN_POINT('',(3.552713678801E-15,0.));
#6575 = DIRECTION('',(0.,1.));
#6576 = ( GEOMETRIC_REPRESENTATION_CONTEXT(2) 
PARAMETRIC_REPRESENTATION_CONTEXT() REPRESENTATION_CONTEXT('2D SPACE',''
  ) );
#6577 = ADVANCED_FACE('',(#6578),#5259,.T.);
#6578 = FACE_BOUND('',#6579,.F.);
#6579 = EDGE_LOOP('',(#6580,#6581,#6582,#6583));
#6580 = ORIENTED_EDGE('',*,*,#6401,.F.);
#6581 = ORIENTED_EDGE('',*,*,#5245,.T.);
#6582 = ORIENTED_EDGE('',*,*,#5536,.T.);
#6583 = ORIENTED_EDGE('',*,*,#6375,.F.);
#6584 = ADVANCED_FACE('',(#6585),#5346,.T.);
#6585 = FACE_BOUND('',#6586,.T.);
#6586 = EDGE_LOOP('',(#6587,#6588,#6609,#6637,#6663,#6682,#6683,#6684));
#6587 = ORIENTED_EDGE('',*,*,#5328,.F.);
#6588 = ORIENTED_EDGE('',*,*,#6589,.F.);
#6589 = EDGE_CURVE('',#6590,#5329,#6592,.T.);
#6590 = VERTEX_POINT('',#6591);
#6591 = CARTESIAN_POINT('',(1.2,0.,35.8));
#6592 = SURFACE_CURVE('',#6593,(#6597,#6603),.PCURVE_S1.);
#6593 = LINE('',#6594,#6595);
#6594 = CARTESIAN_POINT('',(-29.,0.,35.8));
#6595 = VECTOR('',#6596,1.);
#6596 = DIRECTION('',(-1.,0.,0.));
#6597 = PCURVE('',#5346,#6598);
#6598 = DEFINITIONAL_REPRESENTATION('',(#6599),#6602);
#6599 = B_SPLINE_CURVE_WITH_KNOTS('',1,(#6600,#6601),.UNSPECIFIED.,.F.,
  .F.,(2,2),(-56.5,-29.),.PIECEWISE_BEZIER_KNOTS.);
#6600 = CARTESIAN_POINT('',(27.5,14.55));
#6601 = CARTESIAN_POINT('',(0.,14.55));
#6602 = ( GEOMETRIC_REPRESENTATION_CONTEXT(2) 
PARAMETRIC_REPRESENTATION_CONTEXT() REPRESENTATION_CONTEXT('2D SPACE',''
  ) );
#6603 = PCURVE('',#5373,#6604);
#6604 = DEFINITIONAL_REPRESENTATION('',(#6605),#6608);
#6605 = B_SPLINE_CURVE_WITH_KNOTS('',1,(#6606,#6607),.UNSPECIFIED.,.F.,
  .F.,(2,2),(-56.5,-29.),.PIECEWISE_BEZIER_KNOTS.);
#6606 = CARTESIAN_POINT('',(60.8,85.5));
#6607 = CARTESIAN_POINT('',(60.8,58.));
#6608 = ( GEOMETRIC_REPRESENTATION_CONTEXT(2) 
PARAMETRIC_REPRESENTATION_CONTEXT() REPRESENTATION_CONTEXT('2D SPACE',''
  ) );
#6609 = ORIENTED_EDGE('',*,*,#6610,.T.);
#6610 = EDGE_CURVE('',#6590,#6611,#6613,.T.);
#6611 = VERTEX_POINT('',#6612);
#6612 = CARTESIAN_POINT('',(1.2,11.25,35.8));
#6613 = SURFACE_CURVE('',#6614,(#6618,#6625),.PCURVE_S1.);
#6614 = LINE('',#6615,#6616);
#6615 = CARTESIAN_POINT('',(1.2,-11.25,35.8));
#6616 = VECTOR('',#6617,1.);
#6617 = DIRECTION('',(0.,1.,0.));
#6618 = PCURVE('',#5346,#6619);
#6619 = DEFINITIONAL_REPRESENTATION('',(#6620),#6624);
#6620 = LINE('',#6621,#6622);
#6621 = CARTESIAN_POINT('',(1.2,3.3));
#6622 = VECTOR('',#6623,1.);
#6623 = DIRECTION('',(0.,1.));
#6624 = ( GEOMETRIC_REPRESENTATION_CONTEXT(2) 
PARAMETRIC_REPRESENTATION_CONTEXT() REPRESENTATION_CONTEXT('2D SPACE',''
  ) );
#6625 = PCURVE('',#6626,#6631);
#6626 = PLANE('',#6627);
#6627 = AXIS2_PLACEMENT_3D('',#6628,#6629,#6630);
#6628 = CARTESIAN_POINT('',(1.2,-11.25,33.79));
#6629 = DIRECTION('',(1.,0.,0.));
#6630 = DIRECTION('',(0.,0.,1.));
#6631 = DEFINITIONAL_REPRESENTATION('',(#6632),#6636);
#6632 = LINE('',#6633,#6634);
#6633 = CARTESIAN_POINT('',(2.01,0.));
#6634 = VECTOR('',#6635,1.);
#6635 = DIRECTION('',(0.,-1.));
#6636 = ( GEOMETRIC_REPRESENTATION_CONTEXT(2) 
PARAMETRIC_REPRESENTATION_CONTEXT() REPRESENTATION_CONTEXT('2D SPACE',''
  ) );
#6637 = ORIENTED_EDGE('',*,*,#6638,.F.);
#6638 = EDGE_CURVE('',#6639,#6611,#6641,.T.);
#6639 = VERTEX_POINT('',#6640);
#6640 = CARTESIAN_POINT('',(2.8,11.25,35.8));
#6641 = SURFACE_CURVE('',#6642,(#6646,#6652),.PCURVE_S1.);
#6642 = LINE('',#6643,#6644);
#6643 = CARTESIAN_POINT('',(0.6,11.25,35.8));
#6644 = VECTOR('',#6645,1.);
#6645 = DIRECTION('',(-1.,0.,0.));
#6646 = PCURVE('',#5346,#6647);
#6647 = DEFINITIONAL_REPRESENTATION('',(#6648),#6651);
#6648 = B_SPLINE_CURVE_WITH_KNOTS('',1,(#6649,#6650),.UNSPECIFIED.,.F.,
  .F.,(2,2),(-2.2,-0.6),.PIECEWISE_BEZIER_KNOTS.);
#6649 = CARTESIAN_POINT('',(2.8,25.8));
#6650 = CARTESIAN_POINT('',(1.2,25.8));
#6651 = ( GEOMETRIC_REPRESENTATION_CONTEXT(2) 
PARAMETRIC_REPRESENTATION_CONTEXT() REPRESENTATION_CONTEXT('2D SPACE',''
  ) );
#6652 = PCURVE('',#6653,#6658);
#6653 = PLANE('',#6654);
#6654 = AXIS2_PLACEMENT_3D('',#6655,#6656,#6657);
#6655 = CARTESIAN_POINT('',(1.2,11.25,33.79));
#6656 = DIRECTION('',(0.,1.,0.));
#6657 = DIRECTION('',(0.,0.,1.));
#6658 = DEFINITIONAL_REPRESENTATION('',(#6659),#6662);
#6659 = B_SPLINE_CURVE_WITH_KNOTS('',1,(#6660,#6661),.UNSPECIFIED.,.F.,
  .F.,(2,2),(-2.2,-0.6),.PIECEWISE_BEZIER_KNOTS.);
#6660 = CARTESIAN_POINT('',(2.01,1.6));
#6661 = CARTESIAN_POINT('',(2.01,0.));
#6662 = ( GEOMETRIC_REPRESENTATION_CONTEXT(2) 
PARAMETRIC_REPRESENTATION_CONTEXT() REPRESENTATION_CONTEXT('2D SPACE',''
  ) );
#6663 = ORIENTED_EDGE('',*,*,#6664,.F.);
#6664 = EDGE_CURVE('',#5873,#6639,#6665,.T.);
#6665 = SURFACE_CURVE('',#6666,(#6670,#6676),.PCURVE_S1.);
#6666 = LINE('',#6667,#6668);
#6667 = CARTESIAN_POINT('',(2.8,-12.9,35.8));
#6668 = VECTOR('',#6669,1.);
#6669 = DIRECTION('',(0.,1.,0.));
#6670 = PCURVE('',#5346,#6671);
#6671 = DEFINITIONAL_REPRESENTATION('',(#6672),#6675);
#6672 = B_SPLINE_CURVE_WITH_KNOTS('',1,(#6673,#6674),.UNSPECIFIED.,.F.,
  .F.,(2,2),(1.65,24.15),.PIECEWISE_BEZIER_KNOTS.);
#6673 = CARTESIAN_POINT('',(2.8,3.3));
#6674 = CARTESIAN_POINT('',(2.8,25.8));
#6675 = ( GEOMETRIC_REPRESENTATION_CONTEXT(2) 
PARAMETRIC_REPRESENTATION_CONTEXT() REPRESENTATION_CONTEXT('2D SPACE',''
  ) );
#6676 = PCURVE('',#5948,#6677);
#6677 = DEFINITIONAL_REPRESENTATION('',(#6678),#6681);
#6678 = B_SPLINE_CURVE_WITH_KNOTS('',1,(#6679,#6680),.UNSPECIFIED.,.F.,
  .F.,(2,2),(1.65,24.15),.PIECEWISE_BEZIER_KNOTS.);
#6679 = CARTESIAN_POINT('',(2.01,0.));
#6680 = CARTESIAN_POINT('',(2.01,-22.5));
#6681 = ( GEOMETRIC_REPRESENTATION_CONTEXT(2) 
PARAMETRIC_REPRESENTATION_CONTEXT() REPRESENTATION_CONTEXT('2D SPACE',''
  ) );
#6682 = ORIENTED_EDGE('',*,*,#5870,.F.);
#6683 = ORIENTED_EDGE('',*,*,#5992,.T.);
#6684 = ORIENTED_EDGE('',*,*,#6134,.F.);
#6685 = ADVANCED_FACE('',(#6686),#5400,.F.);
#6686 = FACE_BOUND('',#6687,.F.);
#6687 = EDGE_LOOP('',(#6688,#6689,#6690,#6711,#6734,#6755,#6774,#6775));
#6688 = ORIENTED_EDGE('',*,*,#5711,.F.);
#6689 = ORIENTED_EDGE('',*,*,#5384,.F.);
#6690 = ORIENTED_EDGE('',*,*,#6691,.F.);
#6691 = EDGE_CURVE('',#6692,#5359,#6694,.T.);
#6692 = VERTEX_POINT('',#6693);
#6693 = CARTESIAN_POINT('',(1.2,0.,33.8));
#6694 = SURFACE_CURVE('',#6695,(#6699,#6705),.PCURVE_S1.);
#6695 = LINE('',#6696,#6697);
#6696 = CARTESIAN_POINT('',(-29.,0.,33.8));
#6697 = VECTOR('',#6698,1.);
#6698 = DIRECTION('',(-1.,0.,0.));
#6699 = PCURVE('',#5400,#6700);
#6700 = DEFINITIONAL_REPRESENTATION('',(#6701),#6704);
#6701 = B_SPLINE_CURVE_WITH_KNOTS('',1,(#6702,#6703),.UNSPECIFIED.,.F.,
  .F.,(2,2),(-56.5,-29.),.PIECEWISE_BEZIER_KNOTS.);
#6702 = CARTESIAN_POINT('',(27.5,12.55));
#6703 = CARTESIAN_POINT('',(0.,12.55));
#6704 = ( GEOMETRIC_REPRESENTATION_CONTEXT(2) 
PARAMETRIC_REPRESENTATION_CONTEXT() REPRESENTATION_CONTEXT('2D SPACE',''
  ) );
#6705 = PCURVE('',#5373,#6706);
#6706 = DEFINITIONAL_REPRESENTATION('',(#6707),#6710);
#6707 = B_SPLINE_CURVE_WITH_KNOTS('',1,(#6708,#6709),.UNSPECIFIED.,.F.,
  .F.,(2,2),(-56.5,-29.),.PIECEWISE_BEZIER_KNOTS.);
#6708 = CARTESIAN_POINT('',(58.8,85.5));
#6709 = CARTESIAN_POINT('',(58.8,58.));
#6710 = ( GEOMETRIC_REPRESENTATION_CONTEXT(2) 
PARAMETRIC_REPRESENTATION_CONTEXT() REPRESENTATION_CONTEXT('2D SPACE',''
  ) );
#6711 = ORIENTED_EDGE('',*,*,#6712,.F.);
#6712 = EDGE_CURVE('',#6713,#6692,#6715,.T.);
#6713 = VERTEX_POINT('',#6714);
#6714 = CARTESIAN_POINT('',(1.2,11.25,33.8));
#6715 = SURFACE_CURVE('',#6716,(#6720,#6727),.PCURVE_S1.);
#6716 = LINE('',#6717,#6718);
#6717 = CARTESIAN_POINT('',(1.2,11.25,33.8));
#6718 = VECTOR('',#6719,1.);
#6719 = DIRECTION('',(0.,-1.,0.));
#6720 = PCURVE('',#5400,#6721);
#6721 = DEFINITIONAL_REPRESENTATION('',(#6722),#6726);
#6722 = LINE('',#6723,#6724);
#6723 = CARTESIAN_POINT('',(1.2,23.8));
#6724 = VECTOR('',#6725,1.);
#6725 = DIRECTION('',(0.,-1.));
#6726 = ( GEOMETRIC_REPRESENTATION_CONTEXT(2) 
PARAMETRIC_REPRESENTATION_CONTEXT() REPRESENTATION_CONTEXT('2D SPACE',''
  ) );
#6727 = PCURVE('',#6626,#6728);
#6728 = DEFINITIONAL_REPRESENTATION('',(#6729),#6733);
#6729 = LINE('',#6730,#6731);
#6730 = CARTESIAN_POINT('',(9.999999999998E-03,-22.5));
#6731 = VECTOR('',#6732,1.);
#6732 = DIRECTION('',(0.,1.));
#6733 = ( GEOMETRIC_REPRESENTATION_CONTEXT(2) 
PARAMETRIC_REPRESENTATION_CONTEXT() REPRESENTATION_CONTEXT('2D SPACE',''
  ) );
#6734 = ORIENTED_EDGE('',*,*,#6735,.F.);
#6735 = EDGE_CURVE('',#6736,#6713,#6738,.T.);
#6736 = VERTEX_POINT('',#6737);
#6737 = CARTESIAN_POINT('',(2.8,11.25,33.8));
#6738 = SURFACE_CURVE('',#6739,(#6743,#6749),.PCURVE_S1.);
#6739 = LINE('',#6740,#6741);
#6740 = CARTESIAN_POINT('',(0.6,11.25,33.8));
#6741 = VECTOR('',#6742,1.);
#6742 = DIRECTION('',(-1.,0.,0.));
#6743 = PCURVE('',#5400,#6744);
#6744 = DEFINITIONAL_REPRESENTATION('',(#6745),#6748);
#6745 = B_SPLINE_CURVE_WITH_KNOTS('',1,(#6746,#6747),.UNSPECIFIED.,.F.,
  .F.,(2,2),(-2.2,-0.6),.PIECEWISE_BEZIER_KNOTS.);
#6746 = CARTESIAN_POINT('',(2.8,23.8));
#6747 = CARTESIAN_POINT('',(1.2,23.8));
#6748 = ( GEOMETRIC_REPRESENTATION_CONTEXT(2) 
PARAMETRIC_REPRESENTATION_CONTEXT() REPRESENTATION_CONTEXT('2D SPACE',''
  ) );
#6749 = PCURVE('',#6653,#6750);
#6750 = DEFINITIONAL_REPRESENTATION('',(#6751),#6754);
#6751 = B_SPLINE_CURVE_WITH_KNOTS('',1,(#6752,#6753),.UNSPECIFIED.,.F.,
  .F.,(2,2),(-2.2,-0.6),.PIECEWISE_BEZIER_KNOTS.);
#6752 = CARTESIAN_POINT('',(9.999999999998E-03,1.6));
#6753 = CARTESIAN_POINT('',(9.999999999998E-03,0.));
#6754 = ( GEOMETRIC_REPRESENTATION_CONTEXT(2) 
PARAMETRIC_REPRESENTATION_CONTEXT() REPRESENTATION_CONTEXT('2D SPACE',''
  ) );
#6755 = ORIENTED_EDGE('',*,*,#6756,.F.);
#6756 = EDGE_CURVE('',#5915,#6736,#6757,.T.);
#6757 = SURFACE_CURVE('',#6758,(#6762,#6768),.PCURVE_S1.);
#6758 = LINE('',#6759,#6760);
#6759 = CARTESIAN_POINT('',(2.8,-11.9,33.8));
#6760 = VECTOR('',#6761,1.);
#6761 = DIRECTION('',(0.,1.,0.));
#6762 = PCURVE('',#5400,#6763);
#6763 = DEFINITIONAL_REPRESENTATION('',(#6764),#6767);
#6764 = B_SPLINE_CURVE_WITH_KNOTS('',1,(#6765,#6766),.UNSPECIFIED.,.F.,
  .F.,(2,2),(0.65,23.15),.PIECEWISE_BEZIER_KNOTS.);
#6765 = CARTESIAN_POINT('',(2.8,1.3));
#6766 = CARTESIAN_POINT('',(2.8,23.8));
#6767 = ( GEOMETRIC_REPRESENTATION_CONTEXT(2) 
PARAMETRIC_REPRESENTATION_CONTEXT() REPRESENTATION_CONTEXT('2D SPACE',''
  ) );
#6768 = PCURVE('',#5948,#6769);
#6769 = DEFINITIONAL_REPRESENTATION('',(#6770),#6773);
#6770 = B_SPLINE_CURVE_WITH_KNOTS('',1,(#6771,#6772),.UNSPECIFIED.,.F.,
  .F.,(2,2),(0.65,23.15),.PIECEWISE_BEZIER_KNOTS.);
#6771 = CARTESIAN_POINT('',(9.999999999998E-03,0.));
#6772 = CARTESIAN_POINT('',(9.999999999998E-03,-22.5));
#6773 = ( GEOMETRIC_REPRESENTATION_CONTEXT(2) 
PARAMETRIC_REPRESENTATION_CONTEXT() REPRESENTATION_CONTEXT('2D SPACE',''
  ) );
#6774 = ORIENTED_EDGE('',*,*,#5914,.F.);
#6775 = ORIENTED_EDGE('',*,*,#5817,.F.);
#6776 = ADVANCED_FACE('',(#6777),#5373,.F.);
#6777 = FACE_BOUND('',#6778,.F.);
#6778 = EDGE_LOOP('',(#6779,#6780,#6781,#6782));
#6779 = ORIENTED_EDGE('',*,*,#6691,.T.);
#6780 = ORIENTED_EDGE('',*,*,#5358,.T.);
#6781 = ORIENTED_EDGE('',*,*,#6589,.F.);
#6782 = ORIENTED_EDGE('',*,*,#6783,.F.);
#6783 = EDGE_CURVE('',#6692,#6590,#6784,.T.);
#6784 = SURFACE_CURVE('',#6785,(#6789,#6795),.PCURVE_S1.);
#6785 = LINE('',#6786,#6787);
#6786 = CARTESIAN_POINT('',(1.2,0.,4.395));
#6787 = VECTOR('',#6788,1.);
#6788 = DIRECTION('',(0.,0.,1.));
#6789 = PCURVE('',#5373,#6790);
#6790 = DEFINITIONAL_REPRESENTATION('',(#6791),#6794);
#6791 = B_SPLINE_CURVE_WITH_KNOTS('',1,(#6792,#6793),.UNSPECIFIED.,.F.,
  .F.,(2,2),(29.405,31.405),.PIECEWISE_BEZIER_KNOTS.);
#6792 = CARTESIAN_POINT('',(58.8,59.2));
#6793 = CARTESIAN_POINT('',(60.8,59.2));
#6794 = ( GEOMETRIC_REPRESENTATION_CONTEXT(2) 
PARAMETRIC_REPRESENTATION_CONTEXT() REPRESENTATION_CONTEXT('2D SPACE',''
  ) );
#6795 = PCURVE('',#6626,#6796);
#6796 = DEFINITIONAL_REPRESENTATION('',(#6797),#6800);
#6797 = B_SPLINE_CURVE_WITH_KNOTS('',1,(#6798,#6799),.UNSPECIFIED.,.F.,
  .F.,(2,2),(29.405,31.405),.PIECEWISE_BEZIER_KNOTS.);
#6798 = CARTESIAN_POINT('',(9.999999999998E-03,-11.25));
#6799 = CARTESIAN_POINT('',(2.01,-11.25));
#6800 = ( GEOMETRIC_REPRESENTATION_CONTEXT(2) 
PARAMETRIC_REPRESENTATION_CONTEXT() REPRESENTATION_CONTEXT('2D SPACE',''
  ) );
#6801 = ADVANCED_FACE('',(#6802),#5686,.F.);
#6802 = FACE_BOUND('',#6803,.F.);
#6803 = EDGE_LOOP('',(#6804,#6805,#6826,#6827));
#6804 = ORIENTED_EDGE('',*,*,#6081,.F.);
#6805 = ORIENTED_EDGE('',*,*,#6806,.T.);
#6806 = EDGE_CURVE('',#6082,#5666,#6807,.T.);
#6807 = SEAM_CURVE('',#6808,(#6812,#6819),.PCURVE_S1.);
#6808 = LINE('',#6809,#6810);
#6809 = CARTESIAN_POINT('',(14.1,7.95,-7.2));
#6810 = VECTOR('',#6811,1.);
#6811 = DIRECTION('',(-0.,1.,-0.));
#6812 = PCURVE('',#5686,#6813);
#6813 = DEFINITIONAL_REPRESENTATION('',(#6814),#6818);
#6814 = LINE('',#6815,#6816);
#6815 = CARTESIAN_POINT('',(6.28318530718,0.));
#6816 = VECTOR('',#6817,1.);
#6817 = DIRECTION('',(0.,-1.));
#6818 = ( GEOMETRIC_REPRESENTATION_CONTEXT(2) 
PARAMETRIC_REPRESENTATION_CONTEXT() REPRESENTATION_CONTEXT('2D SPACE',''
  ) );
#6819 = PCURVE('',#5686,#6820);
#6820 = DEFINITIONAL_REPRESENTATION('',(#6821),#6825);
#6821 = LINE('',#6822,#6823);
#6822 = CARTESIAN_POINT('',(0.,0.));
#6823 = VECTOR('',#6824,1.);
#6824 = DIRECTION('',(0.,-1.));
#6825 = ( GEOMETRIC_REPRESENTATION_CONTEXT(2) 
PARAMETRIC_REPRESENTATION_CONTEXT() REPRESENTATION_CONTEXT('2D SPACE',''
  ) );
#6826 = ORIENTED_EDGE('',*,*,#5665,.T.);
#6827 = ORIENTED_EDGE('',*,*,#6806,.F.);
#6828 = ADVANCED_FACE('',(#6829),#5948,.F.);
#6829 = FACE_BOUND('',#6830,.F.);
#6830 = EDGE_LOOP('',(#6831,#6832,#6833,#6854));
#6831 = ORIENTED_EDGE('',*,*,#5935,.F.);
#6832 = ORIENTED_EDGE('',*,*,#6756,.T.);
#6833 = ORIENTED_EDGE('',*,*,#6834,.T.);
#6834 = EDGE_CURVE('',#6736,#6639,#6835,.T.);
#6835 = SURFACE_CURVE('',#6836,(#6840,#6847),.PCURVE_S1.);
#6836 = LINE('',#6837,#6838);
#6837 = CARTESIAN_POINT('',(2.8,11.25,33.79));
#6838 = VECTOR('',#6839,1.);
#6839 = DIRECTION('',(0.,0.,1.));
#6840 = PCURVE('',#5948,#6841);
#6841 = DEFINITIONAL_REPRESENTATION('',(#6842),#6846);
#6842 = LINE('',#6843,#6844);
#6843 = CARTESIAN_POINT('',(0.,-22.5));
#6844 = VECTOR('',#6845,1.);
#6845 = DIRECTION('',(1.,0.));
#6846 = ( GEOMETRIC_REPRESENTATION_CONTEXT(2) 
PARAMETRIC_REPRESENTATION_CONTEXT() REPRESENTATION_CONTEXT('2D SPACE',''
  ) );
#6847 = PCURVE('',#6653,#6848);
#6848 = DEFINITIONAL_REPRESENTATION('',(#6849),#6853);
#6849 = LINE('',#6850,#6851);
#6850 = CARTESIAN_POINT('',(0.,1.6));
#6851 = VECTOR('',#6852,1.);
#6852 = DIRECTION('',(1.,0.));
#6853 = ( GEOMETRIC_REPRESENTATION_CONTEXT(2) 
PARAMETRIC_REPRESENTATION_CONTEXT() REPRESENTATION_CONTEXT('2D SPACE',''
  ) );
#6854 = ORIENTED_EDGE('',*,*,#6664,.F.);
#6855 = ADVANCED_FACE('',(#6856),#5980,.T.);
#6856 = FACE_BOUND('',#6857,.T.);
#6857 = EDGE_LOOP('',(#6858,#6859,#6860));
#6858 = ORIENTED_EDGE('',*,*,#6018,.F.);
#6859 = ORIENTED_EDGE('',*,*,#6113,.T.);
#6860 = ORIENTED_EDGE('',*,*,#5964,.F.);
#6861 = ADVANCED_FACE('',(#6862,#6865),#6202,.F.);
#6862 = FACE_BOUND('',#6863,.F.);
#6863 = EDGE_LOOP('',(#6864));
#6864 = ORIENTED_EDGE('',*,*,#6185,.T.);
#6865 = FACE_BOUND('',#6866,.F.);
#6866 = EDGE_LOOP('',(#6867));
#6867 = ORIENTED_EDGE('',*,*,#6506,.F.);
#6868 = ADVANCED_FACE('',(#6869,#6872),#6257,.F.);
#6869 = FACE_BOUND('',#6870,.F.);
#6870 = EDGE_LOOP('',(#6871));
#6871 = ORIENTED_EDGE('',*,*,#6240,.T.);
#6872 = FACE_BOUND('',#6873,.F.);
#6873 = EDGE_LOOP('',(#6874));
#6874 = ORIENTED_EDGE('',*,*,#6556,.F.);
#6875 = ADVANCED_FACE('',(#6876),#6334,.T.);
#6876 = FACE_BOUND('',#6877,.T.);
#6877 = EDGE_LOOP('',(#6878));
#6878 = ORIENTED_EDGE('',*,*,#6319,.T.);
#6879 = ADVANCED_FACE('',(#6880),#6465,.T.);
#6880 = FACE_BOUND('',#6881,.T.);
#6881 = EDGE_LOOP('',(#6882));
#6882 = ORIENTED_EDGE('',*,*,#6450,.T.);
#6883 = ADVANCED_FACE('',(#6884),#6653,.F.);
#6884 = FACE_BOUND('',#6885,.F.);
#6885 = EDGE_LOOP('',(#6886,#6887,#6888,#6909));
#6886 = ORIENTED_EDGE('',*,*,#6834,.F.);
#6887 = ORIENTED_EDGE('',*,*,#6735,.T.);
#6888 = ORIENTED_EDGE('',*,*,#6889,.T.);
#6889 = EDGE_CURVE('',#6713,#6611,#6890,.T.);
#6890 = SURFACE_CURVE('',#6891,(#6895,#6902),.PCURVE_S1.);
#6891 = LINE('',#6892,#6893);
#6892 = CARTESIAN_POINT('',(1.2,11.25,33.79));
#6893 = VECTOR('',#6894,1.);
#6894 = DIRECTION('',(0.,0.,1.));
#6895 = PCURVE('',#6653,#6896);
#6896 = DEFINITIONAL_REPRESENTATION('',(#6897),#6901);
#6897 = LINE('',#6898,#6899);
#6898 = CARTESIAN_POINT('',(0.,0.));
#6899 = VECTOR('',#6900,1.);
#6900 = DIRECTION('',(1.,0.));
#6901 = ( GEOMETRIC_REPRESENTATION_CONTEXT(2) 
PARAMETRIC_REPRESENTATION_CONTEXT() REPRESENTATION_CONTEXT('2D SPACE',''
  ) );
#6902 = PCURVE('',#6626,#6903);
#6903 = DEFINITIONAL_REPRESENTATION('',(#6904),#6908);
#6904 = LINE('',#6905,#6906);
#6905 = CARTESIAN_POINT('',(0.,-22.5));
#6906 = VECTOR('',#6907,1.);
#6907 = DIRECTION('',(1.,0.));
#6908 = ( GEOMETRIC_REPRESENTATION_CONTEXT(2) 
PARAMETRIC_REPRESENTATION_CONTEXT() REPRESENTATION_CONTEXT('2D SPACE',''
  ) );
#6909 = ORIENTED_EDGE('',*,*,#6638,.F.);
#6910 = ADVANCED_FACE('',(#6911),#6626,.T.);
#6911 = FACE_BOUND('',#6912,.T.);
#6912 = EDGE_LOOP('',(#6913,#6914,#6915,#6916));
#6913 = ORIENTED_EDGE('',*,*,#6610,.F.);
#6914 = ORIENTED_EDGE('',*,*,#6783,.F.);
#6915 = ORIENTED_EDGE('',*,*,#6712,.F.);
#6916 = ORIENTED_EDGE('',*,*,#6889,.T.);
#6917 = ( GEOMETRIC_REPRESENTATION_CONTEXT(3) 
GLOBAL_UNCERTAINTY_ASSIGNED_CONTEXT((#6921)) 
GLOBAL_UNIT_ASSIGNED_CONTEXT((#6918,#6919,#6920)) REPRESENTATION_CONTEXT
('Context #1','3D Context with UNIT and UNCERTAINTY') );
#6918 = ( LENGTH_UNIT() NAMED_UNIT(*) SI_UNIT(.MILLI.,.METRE.) );
#6919 = ( NAMED_UNIT(*) PLANE_ANGLE_UNIT() SI_UNIT($,.RADIAN.) );
#6920 = ( NAMED_UNIT(*) SI_UNIT($,.STERADIAN.) SOLID_ANGLE_UNIT() );
#6921 = UNCERTAINTY_MEASURE_WITH_UNIT(LENGTH_MEASURE(1.E-05),#6918,
  'distance_accuracy_value','confusion accuracy');
#6922 = PRODUCT_RELATED_PRODUCT_CATEGORY('part',$,(#7));
ENDSEC;
END-ISO-10303-21;
